 64.215682 -263.493454 17.127907 164.472748 0.004542 0.000000 0 0
 64.113097 -263.470878 17.117821 164.517761 0.160010 0.007479 0 0
 64.003083 -263.442642 17.111645 164.635818 0.253390 0.018141 0 0
 63.895824 -263.414287 17.107903 164.770266 0.303663 0.021151 0 0
 63.787309 -263.385884 17.104103 164.899792 0.355549 0.020154 0 0
 63.678743 -263.357667 17.100327 165.029176 0.411895 0.020131 0 0
 63.570720 -263.330114 17.096336 165.149200 0.466372 0.018791 0 0
 63.459861 -263.302315 17.092319 165.267829 0.516402 0.018116 0 0
 63.344396 -263.274207 17.087900 165.382534 0.565135 0.016846 0 0
 63.225503 -263.245361 17.082545 165.503682 0.615005 0.017283 0 0
 63.108904 -263.217306 17.077739 165.622992 0.661017 0.017364 0 0
 62.995569 -263.189766 17.072948 165.740264 0.714790 0.017549 0 0
 62.882002 -263.161953 17.068529 165.864229 0.760484 0.018504 0 0
 62.767750 -263.134154 17.064356 165.990360 0.802237 0.018722 0 0
 62.653217 -263.106425 17.060304 166.114852 0.840504 0.018438 0 0
 62.538847 -263.079038 17.055969 166.236132 0.878798 0.017999 0 0
 62.423221 -263.051936 17.051583 166.353088 0.918140 0.017188 0 0
 62.307157 -263.025061 17.047344 166.469818 0.956480 0.017101 0 0
 62.190424 -262.998430 17.042936 166.586985 0.992404 0.017079 0 0
 62.072980 -262.971919 17.038521 166.705042 1.025984 0.017114 0 0
 61.954838 -262.945485 17.034082 166.823686 1.056992 0.017105 0 0
 61.835162 -262.918807 17.029647 166.944505 1.085668 0.017198 0 0
 61.714835 -262.892304 17.025462 167.063577 1.112440 0.016867 0 0
 61.593538 -262.865911 17.021145 167.180801 1.137764 0.016482 0 0
 61.472013 -262.839720 17.016929 167.297512 1.161364 0.016386 0 0
 61.350043 -262.813745 17.012765 167.413613 1.182698 0.016249 0 0
 61.228309 -262.787766 17.008489 167.532746 1.202034 0.016704 0 0
 61.106790 -262.761912 17.004781 167.652902 1.219315 0.016880 0 0
 60.985493 -262.736502 17.001200 167.768505 1.233753 0.016281 0 0
 60.863262 -262.711374 16.997850 167.880429 1.247125 0.015654 0 0
 60.739549 -262.686534 16.994269 167.989505 1.260277 0.015087 0 0
 60.614474 -262.661487 16.990588 168.100628 1.274052 0.015205 0 0
 60.487932 -262.636575 16.986762 168.211736 1.287388 0.015036 0 0
 60.359452 -262.611511 16.982758 168.323043 1.301237 0.014841 0 0
 60.229944 -262.586590 16.978408 168.432876 1.316334 0.014535 0 0
 60.098883 -262.561782 16.974243 168.544048 1.331306 0.014546 0 0
 59.966409 -262.536984 16.969926 168.657727 1.345284 0.014721 0 0
 59.832419 -262.511722 16.965570 168.777802 1.359693 0.015370 0 0
 59.696328 -262.486268 16.960837 168.900880 1.374502 0.015515 0 0
 59.559151 -262.460861 16.956015 169.023409 1.389959 0.015329 0 0
 59.419735 -262.435363 16.951178 169.146524 1.406462 0.015161 0 0
 59.279091 -262.410107 16.946216 169.270218 1.423061 0.015108 0 0
 59.136480 -262.384999 16.941093 169.398010 1.441182 0.015403 0 0
 58.991961 -262.359803 16.935793 169.533457 1.459245 0.016115 0 0
 58.845230 -262.334568 16.930132 169.676772 1.478655 0.016800 0 0
 58.695647 -262.309278 16.924059 169.825018 1.499922 0.017055 0 0
 58.544296 -262.284052 16.917819 169.976775 1.523103 0.017262 0 0
 58.389901 -262.259153 16.911363 170.131019 1.546802 0.017214 0 0
 58.233447 -262.234596 16.904129 170.290615 1.572659 0.017588 0 0
 58.078541 -262.210433 16.897185 170.455253 1.597982 0.018328 0 0
 57.921016 -262.186013 16.889768 170.630189 1.624705 0.019154 0 0
 57.760829 -262.161311 16.882922 170.814142 1.649698 0.019809 0 0
 57.598063 -262.136960 16.875414 170.997822 1.672906 0.019479 0 0
 57.432516 -262.112579 16.867565 171.183137 1.698226 0.019329 0 0
 57.264253 -262.088525 16.859589 171.369638 1.724034 0.019151 0 0
 57.093549 -262.064592 16.851751 171.561085 1.749644 0.019385 0 0
 56.920123 -262.040707 16.843273 171.758265 1.772685 0.019658 0 0
 56.744324 -262.017276 16.834962 171.957550 1.794648 0.019612 0 0
 56.570531 -261.994713 16.826540 172.154296 1.817416 0.019594 0 0
 56.395050 -261.972598 16.818021 172.353068 1.838716 0.019615 0 0
 56.216636 -261.950556 16.809521 172.557312 1.859390 0.019829 0 0
 56.036756 -261.928893 16.800676 172.763928 1.879227 0.019904 0 0
 55.854065 -261.907539 16.791703 172.972008 1.900631 0.019744 0 0
 55.674789 -261.886913 16.782845 173.174886 1.919581 0.019622 0 0
 55.498450 -261.867116 16.774117 173.371325 1.938085 0.019321 0 0
 55.325021 -261.848229 16.765467 173.560841 1.955603 0.018960 0 0
 55.155468 -261.830191 16.757056 173.744349 1.972107 0.018784 0 0
 54.989189 -261.812832 16.748703 173.922969 1.987368 0.018647 0 0
 54.826185 -261.796054 16.740712 174.095475 2.003089 0.018374 0 0
 54.666760 -261.780077 16.733286 174.257664 2.015490 0.017667 0 0
 54.507296 -261.764591 16.725280 174.413202 2.029671 0.016944 0 0
 54.351528 -261.750016 16.717565 174.557893 2.042430 0.016142 0 0
 54.199343 -261.736325 16.709498 174.693562 2.056225 0.015497 0 0
 54.050997 -261.723053 16.702023 174.826635 2.070936 0.015594 0 0
 53.907349 -261.710553 16.694979 174.954815 2.082368 0.015515 0 0
 53.768496 -261.698716 16.688359 175.076964 2.091330 0.015298 0 0
 53.632832 -261.687290 16.681694 175.192985 2.098729 0.014874 0 0
 53.502101 -261.676839 16.675455 175.295716 2.108232 0.013672 0 0
 53.375426 -261.666664 16.668902 175.389416 2.119026 0.012869 0 0
 53.248281 -261.656755 16.662293 175.473493 2.128270 0.011506 0 0
 53.125374 -261.647368 16.655943 175.544609 2.138792 0.010069 0 0
 53.007492 -261.638513 16.649856 175.602867 2.149310 0.008601 0 0
 52.893045 -261.630123 16.643944 175.647794 2.159647 0.006833 0 0
 52.783731 -261.622305 16.638098 175.679424 2.168337 0.005037 0 0
 52.674054 -261.614580 16.632123 175.703564 2.177377 0.003832 0 0
 52.564009 -261.606857 16.625991 175.720377 2.186794 0.002660 0 0
 52.453567 -261.598872 16.620000 175.731520 2.195896 0.001756 0 0
 52.342826 -261.590786 16.614217 175.736590 2.203558 0.000797 0 0
 52.231745 -261.582712 16.608252 175.735248 2.211460 0.000210 0 0
 52.120309 -261.574532 16.602304 175.727983 2.218119 0.001135 0 0
 52.008509 -261.566109 16.596247 175.717242 2.226560 0.001672 0 0
 51.896455 -261.557607 16.590516 175.701324 2.233684 0.002472 0 0
 51.784167 -261.549088 16.584827 175.679397 2.239997 0.003399 0 0
 51.671553 -261.540468 16.578843 175.649998 2.246930 0.004543 0 0
 51.558644 -261.531689 16.572477 175.613887 2.252939 0.005565 0 0
 51.445494 -261.522785 16.566098 175.570653 2.260483 0.006648 0 0
 51.331186 -261.513807 16.559584 175.519410 2.268826 0.007800 0 0
 51.217529 -261.504973 16.553410 175.460937 2.277151 0.008952 0 0
 51.103632 -261.495939 16.547300 175.399837 2.286064 0.009334 0 0
 50.989489 -261.486788 16.541047 175.336227 2.292922 0.009695 0 0
 50.875119 -261.477493 16.534880 175.270440 2.299735 0.010006 0 0
 50.760496 -261.467887 16.528686 175.204764 2.307165 0.009965 0 0
 50.645617 -261.458188 16.522376 175.136722 2.313644 0.010301 0 0
 50.530459 -261.448304 16.516239 175.066441 2.321183 0.010613 0 0
 50.415043 -261.438203 16.510155 174.994212 2.327784 0.010881 0 0
 50.299399 -261.427922 16.504234 174.918999 2.335064 0.011307 0 0
 50.182565 -261.417410 16.497912 174.839170 2.342387 0.011877 0 0
 50.066333 -261.406932 16.491415 174.754770 2.349566 0.012622 0 0
 49.949858 -261.396261 16.484885 174.666827 2.358234 0.013123 0 0
 49.833160 -261.385273 16.478706 174.576199 2.367027 0.013495 0 0
 49.716143 -261.374164 16.472241 174.480363 2.374921 0.014230 0 0
 49.598956 -261.362917 16.465970 174.380698 2.381855 0.014776 0 0
 49.481529 -261.351346 16.459753 174.279099 2.389430 0.015028 0 0
 49.362914 -261.339339 16.453552 174.174369 2.396643 0.015332 0 0
 49.244899 -261.327174 16.447258 174.067612 2.403061 0.015705 0 0
 49.126680 -261.314793 16.441203 173.957989 2.411099 0.016096 0 0
 49.007327 -261.301974 16.435130 173.844240 2.417006 0.016539 0 0
 48.888662 -261.288870 16.429212 173.728485 2.424548 0.016923 0 0
 48.769742 -261.275581 16.423035 173.607630 2.432080 0.017628 0 0
 48.650601 -261.262107 16.416626 173.481635 2.438282 0.018340 0 0
 48.530472 -261.248174 16.410821 173.349952 2.445294 0.019005 0 0
 48.410990 -261.233903 16.404831 173.215225 2.452407 0.019541 0 0
 48.291358 -261.219516 16.398877 173.074361 2.457753 0.020404 0 0
 48.170653 -261.204850 16.392825 172.926534 2.465051 0.021219 0 0
 48.050690 -261.189962 16.386848 172.775160 2.470460 0.021856 0 0
 47.930680 -261.174757 16.381434 172.620330 2.476034 0.022339 0 0
 47.810586 -261.159294 16.376196 172.462542 2.480879 0.022744 0 0
 47.690410 -261.143481 16.371059 172.302240 2.484143 0.023082 0 0
 47.570203 -261.127248 16.366171 172.140607 2.488105 0.023257 0 0
 47.449943 -261.110607 16.361188 171.977168 2.491036 0.023496 0 0
 47.328767 -261.093511 16.356055 171.808921 2.494663 0.023995 0 0
 47.208539 -261.076064 16.351425 171.639117 2.499174 0.024395 0 0
 47.088186 -261.058262 16.346237 171.465077 2.503110 0.024967 0 0
 46.967855 -261.040203 16.341052 171.285503 2.506089 0.025758 0 0
 46.847552 -261.021623 16.335909 171.101966 2.509613 0.026315 0 0
 46.727258 -261.002633 16.330949 170.914365 2.513359 0.026886 0 0
 46.606979 -260.983291 16.326039 170.723070 2.515646 0.027406 0 0
 46.486765 -260.963648 16.321365 170.527062 2.518854 0.028085 0 0
 46.366544 -260.943635 16.316320 170.327303 2.520461 0.028607 0 0
 46.246407 -260.923039 16.311438 170.125328 2.523112 0.028921 0 0
 46.125442 -260.901616 16.306538 169.919384 2.526679 0.029259 0 0
 46.005484 -260.879998 16.301789 169.709786 2.530498 0.030012 0 0
 45.885624 -260.858090 16.297102 169.495462 2.533666 0.030700 0 0
 45.764958 -260.835553 16.292323 169.275396 2.535772 0.031290 0 0
 45.645298 -260.812583 16.287578 169.054797 2.537431 0.031599 0 0
 45.525729 -260.789045 16.282794 168.832687 2.537478 0.031810 0 0
 45.406180 -260.765045 16.277551 168.607634 2.537935 0.032213 0 0
 45.285793 -260.740421 16.272250 168.377554 2.538273 0.032680 0 0
 45.166373 -260.715319 16.267040 168.147637 2.539030 0.032884 0 0
 45.047014 -260.689744 16.261845 167.915950 2.540387 0.033127 0 0
 44.926850 -260.663643 16.256730 167.680081 2.541115 0.033478 0 0
 44.807632 -260.637280 16.251462 167.444407 2.542565 0.033688 0 0
 44.688495 -260.610337 16.246133 167.209461 2.543266 0.033571 0 0
 44.569530 -260.582906 16.241284 166.974927 2.544497 0.033528 0 0
 44.449711 -260.554748 16.236326 166.738998 2.546225 0.033455 0 0
 44.330814 -260.526275 16.231085 166.505067 2.546468 0.033395 0 0
 44.212071 -260.497492 16.226228 166.270240 2.546322 0.033544 0 0
 44.092502 -260.467977 16.221298 166.033498 2.546831 0.033550 0 0
 43.973805 -260.438099 16.215828 165.798451 2.547468 0.033516 0 0
 43.855272 -260.407905 16.210937 165.562509 2.547478 0.033666 0 0
 43.736800 -260.377314 16.205919 165.326381 2.546814 0.033682 0 0
 43.618425 -260.346211 16.200825 165.090840 2.545448 0.033588 0 0
 43.500141 -260.314719 16.195768 164.856244 2.543925 0.033450 0 0
 43.381926 -260.282774 16.190620 164.622999 2.542291 0.033244 0 0
 43.263855 -260.250216 16.185663 164.392739 2.542192 0.032812 0 0
 43.145971 -260.217270 16.180951 164.163655 2.540549 0.032665 0 0
 43.028225 -260.183995 16.176191 163.935384 2.541877 0.032561 0 0
 42.909773 -260.150053 16.171518 163.706509 2.540877 0.032419 0 0
 42.792410 -260.115769 16.166872 163.481663 2.540405 0.032096 0 0
 42.675228 -260.081188 16.162336 163.256400 2.540138 0.032179 0 0
 42.557352 -260.046071 16.157854 163.028376 2.537740 0.032357 0 0
 42.440480 -260.010757 16.153144 162.802324 2.536099 0.032315 0 0
 42.323792 -259.975168 16.148517 162.575716 2.531692 0.032420 0 0
 42.207272 -259.939288 16.143854 162.348815 2.529210 0.032482 0 0
 42.090020 -259.902667 16.138928 162.121608 2.527007 0.032282 0 0
 41.973873 -259.865891 16.134019 161.897716 2.523200 0.032074 0 0
 41.858014 -259.828804 16.129587 161.675386 2.522847 0.031898 0 0
 41.741403 -259.791006 16.124623 161.453413 2.521439 0.031604 0 0
 41.625892 -259.753159 16.119647 161.234880 2.519999 0.031378 0 0
 41.510726 -259.715014 16.115507 161.018622 2.517684 0.031112 0 0
 41.395687 -259.676329 16.110883 160.805778 2.514617 0.030608 0 0
 41.279967 -259.637016 16.106251 160.593573 2.512235 0.030304 0 0
 41.165303 -259.597888 16.101806 160.383150 2.508109 0.030313 0 0
 41.050867 -259.558325 16.097635 160.175996 2.505411 0.029860 0 0
 40.935757 -259.518052 16.093461 159.969282 2.502932 0.029584 0 0
 40.821646 -259.477766 16.088969 159.765627 2.499349 0.029372 0 0
 40.707728 -259.437265 16.084475 159.562961 2.496118 0.029256 0 0
 40.593964 -259.396430 16.079840 159.362057 2.493578 0.029010 0 0
 40.480366 -259.355201 16.075141 159.163760 2.491662 0.028639 0 0
 40.366901 -259.313782 16.070407 158.966676 2.489482 0.028478 0 0
 40.253620 -259.272069 16.065818 158.771849 2.486963 0.028168 0 0
 40.140536 -259.229756 16.061025 158.581762 2.484797 0.027477 0 0
 40.027628 -259.187107 16.056344 158.394084 2.483619 0.027140 0 0
 39.914929 -259.144021 16.051973 158.210469 2.483801 0.026561 0 0
 39.802379 -259.100803 16.047671 158.026996 2.481890 0.026560 0 0
 39.690078 -259.057216 16.043437 157.845319 2.480050 0.026322 0 0
 39.578010 -259.013231 16.039400 157.664974 2.478523 0.026145 0 0
 39.466041 -258.968926 16.034933 157.484485 2.474971 0.026160 0 0
 39.354291 -258.924295 16.030659 157.304150 2.471942 0.026156 0 0
 39.242678 -258.879446 16.026284 157.123085 2.468630 0.026272 0 0
 39.131179 -258.834280 16.021626 156.942724 2.465898 0.026167 0 0
 39.019938 -258.788701 16.017456 156.764930 2.464173 0.025812 0 0
 38.908888 -258.742712 16.013099 156.589775 2.460390 0.025434 0 0
 38.798020 -258.696444 16.008819 156.417565 2.459258 0.025019 0 0
 38.687260 -258.649867 16.004085 156.247855 2.456905 0.024651 0 0
 38.576828 -258.602732 15.999666 156.083634 2.454164 0.023871 0 0
 38.466686 -258.555181 15.995762 155.923569 2.452310 0.023287 0 0
 38.356648 -258.507344 15.991641 155.766105 2.449269 0.022905 0 0
 38.246770 -258.459377 15.987587 155.610232 2.444424 0.022691 0 0
 38.137146 -258.410982 15.983586 155.458588 2.441592 0.022087 0 0
 38.027780 -258.362197 15.979885 155.310540 2.438099 0.021577 0 0
 37.918644 -258.313055 15.976184 155.166262 2.434788 0.021039 0 0
 37.809733 -258.263870 15.972535 155.022805 2.431697 0.020952 0 0
 37.701106 -258.214445 15.968972 154.882076 2.427434 0.020581 0 0
 37.592679 -258.164647 15.964891 154.743456 2.422923 0.020277 0 0
 37.484515 -258.114501 15.960855 154.608109 2.420202 0.019814 0 0
 37.376600 -258.064266 15.956964 154.473856 2.416590 0.019685 0 0
 37.268872 -258.013861 15.952776 154.341447 2.413222 0.019430 0 0
 37.161500 -257.963228 15.949208 154.212152 2.410090 0.019009 0 0
 37.055188 -257.912555 15.945299 154.088460 2.406114 0.018331 0 0
 36.948392 -257.861236 15.941741 153.967415 2.403566 0.017830 0 0
 36.841832 -257.809794 15.938158 153.848293 2.399913 0.017571 0 0
 36.734653 -257.757998 15.934232 153.727867 2.396749 0.017657 0 0
 36.623910 -257.703964 15.930338 153.604436 2.393684 0.017483 0 0
 36.513501 -257.649695 15.926703 153.482237 2.389331 0.017336 0 0
 36.402589 -257.594882 15.923072 153.359669 2.385125 0.017291 0 0
 36.292667 -257.540468 15.919174 153.237178 2.381940 0.017430 0 0
 36.182946 -257.486003 15.914955 153.114128 2.377120 0.017532 0 0
 36.072837 -257.430717 15.910818 152.993094 2.374236 0.017145 0 0
 35.963070 -257.375115 15.906893 152.873226 2.372622 0.017003 0 0
 35.854346 -257.319743 15.902805 152.753759 2.368929 0.017089 0 0
 35.745842 -257.264227 15.898466 152.633641 2.367031 0.017201 0 0
 35.636751 -257.208271 15.894035 152.510082 2.364760 0.017589 0 0
 35.528676 -257.152444 15.889738 152.387178 2.363557 0.017634 0 0
 35.420813 -257.096483 15.885674 152.263266 2.360979 0.017798 0 0
 35.312366 -257.040149 15.881906 152.137254 2.358579 0.017997 0 0
 35.204015 -256.983645 15.877839 152.011923 2.356057 0.017900 0 0
 35.096588 -256.927341 15.873689 151.888767 2.353524 0.017722 0 0
 34.988564 -256.870599 15.870027 151.765493 2.352055 0.017633 0 0
 34.880597 -256.813647 15.865951 151.643669 2.351459 0.017418 0 0
 34.772783 -256.756480 15.862150 151.523620 2.351666 0.017170 0 0
 34.665869 -256.699520 15.858394 151.405912 2.350497 0.016959 0 0
 34.558250 -256.641993 15.854729 151.288697 2.351359 0.016765 0 0
 34.451492 -256.584547 15.851028 151.175085 2.351117 0.016356 0 0
 34.349496 -256.529356 15.847770 151.068202 2.352096 0.016086 0 0
 34.246708 -256.473387 15.844182 150.962632 2.353134 0.015743 0 0
 34.144670 -256.417519 15.840408 150.859405 2.354836 0.015487 0 0
 34.042635 -256.361474 15.836825 150.756445 2.356296 0.015436 0 0
 33.940583 -256.305261 15.833598 150.653738 2.360857 0.015386 0 0
 33.838394 -256.248929 15.830476 150.550304 2.364398 0.015471 0 0
 33.736130 -256.192309 15.827270 150.448180 2.366179 0.015248 0 0
 33.633757 -256.135540 15.824126 150.346373 2.370992 0.015179 0 0
 33.530409 -256.078180 15.820834 150.244088 2.373998 0.015104 0 0
 33.427725 -256.020848 15.817738 150.145844 2.379407 0.014580 0 0
 33.324920 -255.963184 15.814804 150.050093 2.383690 0.014178 0 0
 33.221856 -255.905276 15.811654 149.956161 2.390041 0.013868 0 0
 33.118521 -255.847064 15.808430 149.863495 2.396533 0.013636 0 0
 33.015089 -255.788410 15.805549 149.773184 2.403427 0.013256 0 0
 32.911504 -255.729353 15.802923 149.684046 2.411034 0.013047 0 0
 32.807591 -255.669915 15.800046 149.594729 2.418983 0.013022 0 0
 32.703411 -255.610299 15.797275 149.503883 2.425381 0.013210 0 0
 32.598988 -255.550368 15.794461 149.412785 2.433199 0.013206 0 0
 32.494345 -255.490058 15.791776 149.321519 2.440404 0.013189 0 0
 32.389405 -255.429220 15.788798 149.230867 2.447602 0.013043 0 0
 32.284159 -255.368249 15.786003 149.138555 2.456592 0.013246 0 0
 32.178673 -255.306894 15.783163 149.046914 2.463393 0.013107 0 0
 32.072990 -255.244961 15.780579 148.957354 2.472024 0.012761 0 0
 31.967020 -255.182752 15.778015 148.867906 2.479959 0.012705 0 0
 31.860777 -255.120284 15.775467 148.779016 2.487123 0.012588 0 0
 31.754305 -255.057410 15.772828 148.691597 2.493967 0.012339 0 0
 31.647591 -254.994110 15.770285 148.605036 2.501382 0.012176 0 0
 31.540674 -254.930453 15.767844 148.519742 2.509025 0.011964 0 0
 31.433553 -254.866478 15.765423 148.434749 2.514959 0.011889 0 0
 31.326182 -254.802133 15.762858 148.350330 2.522568 0.011771 0 0
 31.218640 -254.737520 15.760234 148.265920 2.527931 0.011743 0 0
 31.111039 -254.672539 15.757744 148.182680 2.534418 0.011558 0 0
 31.002595 -254.606668 15.755416 148.100236 2.539438 0.011341 0 0
 30.894878 -254.540982 15.753058 148.019466 2.543480 0.011174 0 0
 30.787057 -254.475136 15.750500 147.938570 2.546246 0.011176 0 0
 30.679178 -254.409004 15.747638 147.859047 2.548545 0.010969 0 0
 30.571352 -254.342558 15.745069 147.781175 2.550098 0.010731 0 0
 30.463606 -254.275716 15.742525 147.706089 2.551264 0.010336 0 0
 30.355881 -254.208757 15.740043 147.630726 2.551220 0.010370 0 0
 30.247339 -254.141148 15.737147 147.555298 2.551018 0.010295 0 0
 30.139808 -254.073936 15.734856 147.481464 2.550341 0.010162 0 0
 30.032430 -254.006458 15.732419 147.409124 2.547672 0.009956 0 0
 29.925091 -253.938965 15.729709 147.336643 2.547045 0.009977 0 0
 29.817822 -253.871639 15.726742 147.262964 2.543739 0.010154 0 0
 29.710843 -253.804251 15.724210 147.190463 2.540719 0.010008 0 0
 29.604131 -253.736542 15.721634 147.121153 2.538590 0.009572 0 0
 29.496836 -253.668355 15.719126 147.052548 2.533971 0.009419 0 0
 29.390573 -253.600736 15.716557 146.986364 2.528842 0.009171 0 0
 29.284533 -253.533145 15.713870 146.921427 2.523652 0.009013 0 0
 29.178798 -253.465379 15.711045 146.859695 2.518198 0.008579 0 0
 29.073511 -253.397577 15.708745 146.800416 2.511037 0.008262 0 0
 28.968464 -253.329846 15.706215 146.741773 2.504057 0.008189 0 0
 28.863669 -253.262311 15.703823 146.683136 2.496726 0.008209 0 0
 28.759957 -253.195411 15.701354 146.624845 2.487533 0.008243 0 0
 28.655804 -253.128079 15.698985 146.567171 2.480505 0.008116 0 0
 28.551920 -253.060959 15.696692 146.509694 2.472130 0.008111 0 0
 28.448324 -252.994036 15.694432 146.453190 2.464142 0.007996 0 0
 28.345108 -252.927304 15.692231 146.399015 2.455989 0.007693 0 0
 28.242195 -252.860741 15.689829 146.346980 2.447991 0.007410 0 0
 28.139694 -252.794296 15.687731 146.298537 2.440227 0.006922 0 0
 28.037636 -252.727929 15.685583 146.253773 2.431633 0.006418 0 0
 27.935888 -252.661749 15.683297 146.210782 2.423547 0.006182 0 0
 27.834515 -252.595642 15.680991 146.170625 2.415233 0.005791 0 0
 27.733597 -252.529571 15.678944 146.132734 2.406510 0.005483 0 0
 27.633097 -252.463628 15.676971 146.096638 2.398249 0.005241 0 0
 27.532835 -252.397908 15.674629 146.060434 2.389536 0.005271 0 0
 27.432915 -252.332527 15.672630 146.023642 2.380746 0.005378 0 0
 27.333412 -252.267205 15.670506 145.988554 2.372535 0.005145 0 0
 27.234244 -252.202107 15.668427 145.953350 2.363439 0.005180 0 0
 27.135432 -252.137254 15.666472 145.918711 2.354596 0.005115 0 0
 27.036980 -252.072658 15.664663 145.884593 2.345727 0.005057 0 0
 26.938955 -252.008300 15.662824 145.851521 2.336627 0.004922 0 0
 26.841410 -251.944038 15.661264 145.820976 2.327276 0.004564 0 0
 26.744233 -251.879996 15.659604 145.791111 2.317699 0.004479 0 0
 26.646762 -251.815603 15.657761 145.762861 2.308086 0.004221 0 0
 26.550498 -251.751941 15.656085 145.735660 2.297358 0.004114 0 0
 26.454585 -251.688527 15.654214 145.708095 2.288551 0.004184 0 0
 26.358471 -251.624779 15.652598 145.681196 2.278056 0.004071 0 0
 26.263577 -251.561651 15.651072 145.655069 2.268467 0.004001 0 0
 26.169009 -251.498901 15.649547 145.626803 2.257982 0.004347 0 0
 26.074780 -251.436434 15.647688 145.597895 2.246699 0.004463 0 0
 25.981090 -251.374315 15.646445 145.568952 2.237109 0.004494 0 0
 25.887753 -251.312291 15.644803 145.541062 2.226459 0.004344 0 0
 25.794808 -251.250529 15.643179 145.514018 2.216373 0.004230 0 0
 25.701599 -251.188644 15.641625 145.488055 2.205344 0.004050 0 0
 25.609568 -251.127384 15.640057 145.464587 2.195828 0.003705 0 0
 25.518030 -251.066272 15.638698 145.443593 2.185205 0.003329 0 0
 25.422454 -251.002257 15.637471 145.424163 2.172537 0.002948 0 0
 25.324143 -250.936593 15.636167 145.403625 2.159835 0.003032 0 0
 25.221840 -250.868160 15.634697 145.384525 2.148113 0.002708 0 0
 25.116271 -250.797448 15.633530 145.368543 2.135879 0.002195 0 0
 25.010578 -250.726505 15.632233 145.355630 2.123120 0.001770 0 0
 24.902228 -250.653740 15.630514 145.346489 2.110181 0.001222 0 0
 24.789964 -250.578167 15.628703 145.340388 2.098803 0.000787 0 0
 24.674339 -250.500304 15.626655 145.335236 2.087306 0.000645 0 0
 24.559122 -250.422914 15.624637 145.330234 2.078141 0.000629 0 0
 24.440501 -250.343264 15.622628 145.327212 2.068523 0.000369 0 0
 24.317953 -250.260821 15.620896 145.329290 2.058138 0.000246 0 0
 24.192707 -250.176527 15.619003 145.335587 2.049827 0.000728 0 0
 24.067101 -250.092033 15.616732 145.344008 2.040614 0.000971 0 0
 23.938227 -250.005162 15.615046 145.356530 2.033407 0.001406 0 0
 23.805271 -249.915582 15.613397 145.370925 2.025404 0.001567 0 0
 23.669437 -249.824130 15.611265 145.387367 2.017928 0.001752 0 0
 23.530287 -249.730336 15.609571 145.406102 2.010873 0.001949 0 0
 23.390777 -249.636405 15.607921 145.424594 2.003908 0.001919 0 0
 23.247792 -249.540298 15.606229 145.443207 1.998016 0.001886 0 0
 23.101313 -249.442033 15.604688 145.461944 1.990540 0.001854 0 0
 22.950772 -249.341050 15.603043 145.482915 1.983981 0.002019 0 0
 22.801313 -249.240951 15.601198 145.505183 1.978182 0.002161 0 0
 22.651719 -249.140766 15.599464 145.529618 1.971849 0.002369 0 0
 22.503305 -249.041243 15.597915 145.556131 1.965713 0.002590 0 0
 22.358268 -248.944075 15.595811 145.580856 1.959042 0.002472 0 0
 22.210605 -248.845427 15.594181 145.603750 1.952869 0.002250 0 0
 22.066522 -248.749158 15.593050 145.624778 1.947216 0.002118 0 0
 21.923636 -248.653992 15.591921 145.643586 1.939385 0.001912 0 0
 21.780901 -248.559055 15.590942 145.662946 1.930422 0.001971 0 0
 21.635893 -248.462486 15.590224 145.684799 1.919504 0.002189 0 0
 21.491176 -248.366207 15.589267 145.707222 1.907869 0.002251 0 0
 21.348130 -248.270902 15.588478 145.729331 1.896415 0.002245 0 0
 21.205461 -248.176186 15.587836 145.748122 1.882344 0.001915 0 0
 21.060220 -248.079774 15.587229 145.766583 1.868116 0.001848 0 0
 20.916099 -247.984164 15.586287 145.784385 1.852471 0.001796 0 0
 20.773397 -247.889571 15.585527 145.802448 1.838013 0.001841 0 0
 20.632154 -247.795940 15.585189 145.820567 1.821161 0.001866 0 0
 20.491709 -247.703049 15.584486 145.837947 1.802410 0.001801 0 0
 20.349604 -247.609222 15.583850 145.854948 1.783251 0.001742 0 0
 20.209185 -247.516501 15.583269 145.872755 1.763123 0.001847 0 0
 20.069915 -247.424535 15.582706 145.891288 1.743446 0.001938 0 0
 19.932887 -247.334090 15.582150 145.909238 1.723214 0.001908 0 0
 19.796928 -247.244513 15.581485 145.925480 1.703061 0.001741 0 0
 19.663254 -247.156460 15.580952 145.941179 1.683240 0.001712 0 0
 19.530755 -247.069399 15.580446 145.955758 1.661505 0.001605 0 0
 19.396538 -246.981323 15.580114 145.971075 1.639700 0.001665 0 0
 19.264004 -246.894363 15.579592 145.987260 1.618142 0.001782 0 0
 19.129779 -246.806467 15.578933 146.003409 1.596403 0.001757 0 0
 18.997233 -246.719745 15.578282 146.019534 1.575379 0.001777 0 0
 18.866493 -246.634214 15.577604 146.035579 1.554778 0.001792 0 0
 18.737311 -246.549878 15.576700 146.049632 1.536233 0.001590 0 0
 18.609855 -246.466625 15.576077 146.062684 1.518137 0.001496 0 0
 18.483287 -246.384213 15.575175 146.073591 1.500025 0.001260 0 0
 18.358642 -246.302958 15.574087 146.084872 1.483420 0.001323 0 0
 18.235405 -246.222748 15.573076 146.095694 1.467476 0.001285 0 0
 18.113405 -246.143401 15.572136 146.106354 1.452165 0.001278 0 0
 17.992648 -246.064948 15.571204 146.116063 1.436683 0.001177 0 0
 17.872950 -245.987271 15.570080 146.124742 1.421701 0.001062 0 0
 17.754355 -245.910443 15.568923 146.132254 1.407912 0.000928 0 0
 17.636812 -245.834251 15.567868 146.140332 1.395027 0.001007 0 0
 17.520357 -245.758816 15.566849 146.148059 1.382421 0.000972 0 0
 17.404923 -245.684006 15.565681 146.155321 1.369824 0.000921 0 0
 17.290409 -245.609882 15.564651 146.161310 1.358584 0.000766 0 0
 17.176926 -245.536340 15.563670 146.166964 1.347323 0.000730 0 0
 17.064240 -245.463421 15.562440 146.171021 1.336662 0.000528 0 0
 16.952337 -245.391055 15.561110 146.173592 1.327293 0.000337 0 0
 16.841594 -245.319362 15.559913 146.175560 1.319379 0.000260 0 0
 16.731089 -245.247824 15.558810 146.177429 1.310951 0.000248 0 0
 16.621232 -245.176565 15.557602 146.179878 1.302546 0.000326 0 0
 16.512026 -245.105643 15.556558 146.182069 1.294461 0.000294 0 0
 16.403388 -245.035187 15.555366 146.182271 1.287061 0.000027 0 0
 16.295340 -244.965085 15.554385 146.181117 1.279578 0.000156 0 0
 16.187867 -244.895425 15.553297 146.178954 1.271229 0.000295 0 0
 16.081482 -244.826396 15.552265 146.177401 1.262710 0.000214 0 0
 15.975431 -244.757518 15.551321 146.176634 1.254586 0.000106 0 0
 15.870111 -244.689097 15.550353 146.175615 1.246228 0.000142 0 0
 15.765448 -244.621191 15.549326 146.172770 1.237422 0.000398 0 0
 15.661575 -244.553708 15.548343 146.169021 1.228413 0.000528 0 0
 15.558382 -244.486735 15.547331 146.164612 1.219316 0.000626 0 0
 15.456059 -244.420177 15.546468 146.160993 1.210276 0.000517 0 0
 15.354496 -244.353968 15.545437 146.157722 1.201510 0.000471 0 0
 15.253753 -244.288283 15.544439 146.153498 1.192286 0.000613 0 0
 15.154248 -244.223472 15.543535 146.148228 1.180474 0.000775 0 0
 15.055530 -244.159117 15.542866 146.144187 1.165282 0.000598 0 0
 14.956547 -244.094676 15.541986 146.142887 1.145134 0.000192 0 0
 14.857650 -244.030225 15.541176 146.144012 1.120200 0.000166 0 0
 14.759817 -243.966502 15.540317 146.145856 1.090479 0.000276 0 0
 14.662334 -243.902985 15.539312 146.149976 1.054013 0.000618 0 0
 14.565866 -243.840162 15.538161 146.155102 1.012101 0.000777 0 0
 14.469883 -243.777754 15.536924 146.159729 0.969330 0.000705 0 0
 14.374133 -243.715748 15.535623 146.165783 0.926924 0.000926 0 0
 14.278975 -243.654072 15.534479 146.175114 0.884467 0.001436 0 0
 14.183971 -243.592511 15.533264 146.189342 0.842201 0.002194 0 0
 14.089496 -243.531290 15.531989 146.206552 0.800928 0.002668 0 0
 13.995084 -243.470238 15.530731 146.226249 0.759793 0.003058 0 0
 13.901270 -243.409762 15.529419 146.246125 0.718002 0.003108 0 0
 13.807814 -243.349611 15.528173 146.268585 0.674723 0.003527 0 0
 13.714697 -243.289744 15.527010 146.294563 0.631388 0.004096 0 0
 13.621839 -243.230168 15.525840 146.324020 0.588927 0.004660 0 0
 13.529213 -243.170751 15.524843 146.355494 0.548182 0.004992 0 0
 13.436891 -243.111553 15.523829 146.388123 0.508099 0.005193 0 0
 13.344588 -243.052456 15.522993 146.420831 0.467126 0.005209 0 0
 13.252619 -242.994015 15.521983 146.455258 0.423697 0.005514 0 0
 13.160074 -242.935325 15.521089 146.492627 0.390411 0.005952 0 0
 13.067238 -242.876592 15.519983 146.531777 0.364169 0.006220 0 0
 12.975302 -242.818566 15.519149 146.571078 0.346210 0.006309 0 0
 12.883221 -242.760472 15.518438 146.613088 0.335479 0.006734 0 0
 12.791017 -242.702269 15.517871 146.658245 0.331729 0.007228 0 0
 12.698681 -242.644126 15.517408 146.702162 0.336113 0.007025 0 0
 12.605502 -242.585624 15.517125 146.745756 0.347399 0.006915 0 0
 12.511970 -242.527040 15.516995 146.791277 0.361835 0.007199 0 0
 12.417661 -242.467892 15.516887 146.838633 0.377571 0.007425 0 0
 12.323783 -242.409038 15.516917 146.887487 0.394630 0.007695 0 0
 12.230143 -242.350390 15.516952 146.934196 0.412713 0.007378 0 0
 12.136618 -242.291853 15.517152 146.979279 0.431928 0.007132 0 0
 12.043300 -242.233539 15.517457 147.022654 0.451752 0.006880 0 0
 11.949697 -242.175039 15.517936 147.066915 0.472582 0.006998 0 0
 11.856054 -242.116485 15.518388 147.108606 0.495511 0.006589 0 0
 11.761847 -242.057705 15.518680 147.145267 0.519799 0.005762 0 0
 11.667416 -241.998814 15.518979 147.178337 0.544557 0.005186 0 0
 11.572373 -241.939470 15.519206 147.211642 0.569219 0.005188 0 0
 11.477032 -241.880107 15.519477 147.243410 0.594373 0.004937 0 0
 11.380940 -241.820491 15.519731 147.272917 0.620709 0.004554 0 0
 11.284058 -241.760033 15.520033 147.301200 0.650619 0.004322 0 0
 11.186835 -241.699317 15.520210 147.328268 0.673481 0.004122 0 0
 11.088943 -241.638244 15.520317 147.352963 0.693160 0.003736 0 0
 10.990513 -241.576901 15.520325 147.375358 0.709987 0.003370 0 0
 10.891926 -241.515458 15.520290 147.396117 0.725081 0.003119 0 0
 10.792719 -241.453741 15.520280 147.414894 0.738993 0.002805 0 0
 10.692807 -241.391717 15.520305 147.432630 0.751810 0.002632 0 0
 10.592646 -241.329493 15.520228 147.450236 0.763890 0.002606 0 0
 10.492250 -241.267101 15.520139 147.469075 0.773604 0.002782 0 0
 10.391830 -241.204676 15.520003 147.487648 0.782257 0.002741 0 0
 10.290258 -241.141634 15.519773 147.504060 0.790081 0.002396 0 0
 10.187679 -241.078057 15.519577 147.520253 0.796599 0.002342 0 0
 10.084198 -241.014042 15.519444 147.538476 0.802198 0.002614 0 0
 9.979985 -240.949663 15.519309 147.557700 0.807926 0.002739 0 0
 9.875036 -240.885020 15.519154 147.576033 0.813238 0.002596 0 0
 9.769356 -240.820165 15.519019 147.594464 0.817796 0.002594 0 0
 9.663077 -240.754924 15.518995 147.616239 0.822167 0.003048 0 0
 9.556181 -240.689429 15.518948 147.640723 0.826311 0.003409 0 0
 9.448711 -240.623804 15.519089 147.665103 0.830099 0.003379 0 0
 9.340527 -240.557815 15.519314 147.689693 0.833052 0.003387 0 0
 9.232016 -240.491579 15.519427 147.714991 0.835709 0.003473 0 0
 9.123491 -240.425414 15.519680 147.738821 0.838537 0.003272 0 0
 9.014755 -240.359127 15.520216 147.760957 0.840675 0.003034 0 0
 8.905791 -240.292888 15.520628 147.780341 0.840767 0.002653 0 0
 8.796833 -240.226798 15.520973 147.795890 0.839613 0.002130 0 0
 8.687907 -240.160904 15.521436 147.810679 0.838536 0.002028 0 0
 8.578936 -240.094924 15.522165 147.829117 0.837072 0.002526 0 0
 8.470630 -240.029270 15.522941 147.849038 0.834042 0.002745 0 0
 8.362797 -239.963949 15.523648 147.866164 0.830362 0.002371 0 0
 8.255511 -239.898987 15.524388 147.880184 0.826715 0.001951 0 0
 8.148818 -239.834356 15.525207 147.894648 0.823019 0.002024 0 0
 8.042659 -239.770071 15.526049 147.909847 0.819104 0.002138 0 0
 7.936989 -239.706197 15.527042 147.924053 0.815550 0.002008 0 0
 7.831898 -239.642607 15.527933 147.937935 0.811604 0.001973 0 0
 7.727346 -239.579222 15.528748 147.952024 0.807599 0.002011 0 0
 7.623015 -239.515896 15.529524 147.965949 0.804571 0.001991 0 0
 7.519083 -239.452745 15.530310 147.980312 0.802067 0.002061 0 0
 7.415766 -239.389946 15.531067 147.995457 0.799342 0.002186 0 0
 7.312850 -239.327265 15.531955 148.010964 0.796845 0.002246 0 0
 7.210229 -239.264735 15.532786 148.026106 0.794867 0.002199 0 0
 7.107785 -239.202354 15.533543 148.041540 0.793687 0.002246 0 0
 7.005481 -239.140065 15.534457 148.060301 0.792084 0.002734 0 0
 6.903083 -239.077663 15.535437 148.082958 0.790121 0.003298 0 0
 6.801011 -239.015655 15.536341 148.106181 0.789202 0.003394 0 0
 6.699071 -238.953663 15.537549 148.132332 0.789497 0.003826 0 0
 6.597186 -238.891525 15.539037 148.164830 0.790463 0.004753 0 0
 6.495268 -238.829332 15.540551 148.198624 0.791753 0.004940 0 0
 6.393148 -238.767219 15.541842 148.229160 0.793125 0.004459 0 0
 6.290482 -238.704816 15.543174 148.260311 0.795885 0.004525 0 0
 6.187353 -238.642193 15.544649 148.294786 0.799520 0.004987 0 0
 6.083638 -238.579349 15.546207 148.330402 0.803819 0.005126 0 0
 5.979570 -238.516472 15.547900 148.364676 0.807780 0.004920 0 0
 5.874949 -238.453252 15.549740 148.400345 0.811766 0.005093 0 0
 5.769801 -238.389608 15.551553 148.438393 0.816025 0.005403 0 0
 5.664012 -238.325679 15.553451 148.475835 0.820759 0.005287 0 0
 5.557344 -238.261338 15.555474 148.512588 0.825198 0.005149 0 0
 5.450440 -238.196817 15.557612 148.551756 0.828212 0.005475 0 0
 5.343172 -238.131893 15.559805 148.594478 0.831421 0.005947 0 0
 5.235370 -238.066688 15.562297 148.636017 0.833518 0.005754 0 0
 5.127334 -238.001639 15.564844 148.673599 0.834183 0.005201 0 0
 5.019499 -237.936861 15.567493 148.713157 0.834339 0.005488 0 0
 4.911723 -237.872007 15.570214 148.758095 0.834569 0.006235 0 0
 4.803832 -237.807336 15.572880 148.800392 0.835570 0.005869 0 0
 4.695746 -237.742932 15.575561 148.837814 0.837269 0.005191 0 0
 4.587196 -237.678269 15.578195 148.877668 0.838958 0.005505 0 0
 4.478388 -237.613324 15.580886 148.920811 0.841963 0.005942 0 0
 4.369018 -237.548266 15.583453 148.961787 0.846045 0.005620 0 0
 4.259304 -237.483182 15.586046 149.000354 0.850175 0.005277 0 0
 4.148920 -237.417748 15.588659 149.038504 0.854940 0.005189 0 0
 4.037860 -237.351993 15.591409 149.075910 0.859480 0.005058 0 0
 3.926170 -237.285876 15.594173 149.113916 0.863635 0.005111 0 0
 3.813998 -237.219324 15.597078 149.153447 0.867634 0.005290 0 0
 3.701091 -237.152553 15.600034 149.187560 0.871023 0.004539 0 0
 3.587610 -237.085993 15.602776 149.216073 0.873969 0.003783 0 0
 3.473780 -237.019223 15.605535 149.246945 0.876736 0.004083 0 0
 3.359861 -236.952633 15.608327 149.276629 0.879764 0.003926 0 0
 3.245519 -236.886200 15.610973 149.300459 0.882373 0.003145 0 0
 3.130707 -236.819847 15.613462 149.319963 0.885285 0.002567 0 0
 3.015616 -236.753369 15.616010 149.338890 0.886673 0.002485 0 0
 2.900209 -236.686890 15.618304 149.357247 0.888768 0.002406 0 0
 2.784599 -236.620368 15.620642 149.375530 0.889724 0.002392 0 0
 2.669066 -236.553769 15.622812 149.393233 0.883834 0.002317 0 0
 2.554068 -236.487660 15.624813 149.408462 0.864051 0.002004 0 0
 2.440142 -236.422150 15.625297 149.419447 0.830953 0.001459 0 0
 2.326661 -236.356779 15.625518 149.432544 0.808795 0.001745 0 0
 2.213456 -236.291668 15.625647 149.442641 0.794190 0.001350 0 0
 2.100585 -236.226984 15.625590 149.448583 0.783413 0.000797 0 0
 1.988991 -236.163034 15.625488 149.454412 0.774863 0.000791 0 0
 1.878050 -236.099454 15.625226 149.460802 0.768675 0.000872 0 0
 1.767760 -236.036312 15.624900 149.466343 0.764359 0.000761 0 0
 1.657806 -235.973440 15.624391 149.470617 0.762573 0.000589 0 0
 1.547855 -235.910710 15.623808 149.472217 0.763386 0.000221 0 0
 1.437797 -235.848195 15.622964 149.470622 0.766472 0.000220 0 0
 1.329070 -235.786375 15.621930 149.472757 0.772007 0.000298 0 0
 1.219553 -235.723739 15.620953 149.478374 0.780039 0.000777 0 0
 1.111318 -235.661998 15.619826 149.479693 0.789293 0.000185 0 0
 1.003670 -235.600506 15.618619 149.480741 0.799206 0.000147 0 0
 0.897214 -235.539419 15.617435 149.485801 0.810886 0.000720 0 0
 0.791455 -235.478591 15.616317 149.491603 0.824244 0.000830 0 0
 0.686012 -235.418234 15.615064 149.494057 0.840119 0.000352 0 0
 0.581169 -235.358188 15.613792 149.496873 0.857257 0.000407 0 0
 0.476286 -235.297954 15.612376 149.502118 0.877615 0.000757 0 0
 0.370666 -235.237383 15.610939 149.505246 0.905735 0.000448 0 0
 0.264438 -235.176526 15.609593 149.504914 0.948053 0.000047 0 0
 0.156730 -235.114772 15.609726 149.509036 1.004052 0.000579 0 0
 0.048550 -235.052722 15.610031 149.513341 1.049588 0.000602 0 0
 -0.060443 -234.990269 15.610347 149.517404 1.087837 0.000565 0 0
 -0.169852 -234.927622 15.610666 149.521628 1.121972 0.000585 0 0
 -0.280905 -234.864055 15.610998 149.526052 1.154073 0.000603 0 0
 -0.392780 -234.800049 15.611315 149.530544 1.184009 0.000608 0 0
 -0.505646 -234.735500 15.611586 149.535106 1.212146 0.000612 0 0
 -0.619249 -234.670595 15.611840 149.539554 1.238556 0.000593 0 0
 -0.732808 -234.605734 15.612134 149.544033 1.263080 0.000598 0 0
 -0.846888 -234.540550 15.612341 149.548689 1.286314 0.000619 0 0
 -0.962524 -234.474504 15.612547 149.553141 1.308585 0.000583 0 0
 -1.078023 -234.408568 15.612753 149.557320 1.329148 0.000548 0 0
 -1.195191 -234.341708 15.612989 149.561587 1.348944 0.000552 0 0
 -1.314113 -234.273851 15.613186 149.566264 1.368320 0.000596 0 0
 -1.435113 -234.204854 15.613347 149.570998 1.387125 0.000593 0 0
 -1.557244 -234.135249 15.613444 149.575476 1.405309 0.000556 0 0
 -1.680930 -234.064805 15.613668 149.579468 1.422777 0.000489 0 0
 -1.805986 -233.993535 15.613801 149.583277 1.438401 0.000462 0 0
 -1.932551 -233.921640 15.613736 149.584903 1.453805 0.000195 0 0
 -2.059922 -233.849215 15.613787 149.586385 1.468967 0.000177 0 0
 -2.189120 -233.775837 15.613458 149.587173 1.484452 0.000093 0 0
 -2.319068 -233.702088 15.613303 149.589063 1.500797 0.000221 0 0
 -2.450809 -233.627359 15.612854 149.592778 1.516953 0.000428 0 0
 -2.583800 -233.551729 15.612412 149.598782 1.532262 0.000685 0 0
 -2.718085 -233.475507 15.611893 149.604404 1.546898 0.000635 0 0
 -2.853166 -233.398847 15.611431 149.609722 1.562682 0.000598 0 0
 -2.990635 -233.320828 15.610914 149.614261 1.579311 0.000501 0 0
 -3.129424 -233.242075 15.610418 149.618403 1.595533 0.000453 0 0
 -3.268969 -233.162921 15.609836 149.622620 1.611688 0.000459 0 0
 -3.410307 -233.082679 15.609305 149.627779 1.628122 0.000554 0 0
 -3.552399 -233.002035 15.608921 149.633405 1.643840 0.000601 0 0
 -3.692788 -232.922352 15.608335 149.639221 1.659356 0.000629 0 0
 -3.833852 -232.842228 15.607871 149.645224 1.674999 0.000646 0 0
 -3.973119 -232.763117 15.607306 149.650755 1.690278 0.000603 0 0
 -4.112998 -232.683642 15.606840 149.655461 1.705344 0.000511 0 0
 -4.254050 -232.603465 15.606458 149.659031 1.719706 0.000384 0 0
 -4.396184 -232.522602 15.605964 149.661901 1.734027 0.000306 0 0
 -4.535828 -232.443112 15.605293 149.664359 1.747882 0.000267 0 0
 -4.676513 -232.363103 15.604775 149.666072 1.762557 0.000185 0 0
 -4.818252 -232.282277 15.604359 149.669931 1.776078 0.000413 0 0
 -4.961042 -232.200950 15.603813 149.674812 1.789514 0.000518 0 0
 -5.101147 -232.121056 15.603607 149.681351 1.801594 0.000708 0 0
 -5.242227 -232.040572 15.603193 149.688309 1.812487 0.000748 0 0
 -5.384222 -231.959497 15.602916 149.695166 1.823182 0.000732 0 0
 -5.526433 -231.878414 15.603054 149.701191 1.833761 0.000642 0 0
 -5.666241 -231.798565 15.603113 149.707146 1.844731 0.000645 0 0
 -5.806700 -231.718272 15.603094 149.712840 1.854067 0.000614 0 0
 -5.943596 -231.639964 15.602806 149.718823 1.861028 0.000662 0 0
 -6.080723 -231.561815 15.602269 149.722639 1.868248 0.000422 0 0
 -6.219098 -231.482843 15.602022 149.727795 1.876246 0.000565 0 0
 -6.357653 -231.403950 15.601349 149.732678 1.883760 0.000534 0 0
 -6.493638 -231.326523 15.600564 149.737762 1.891121 0.000567 0 0
 -6.633229 -231.246937 15.599540 149.744568 1.898783 0.000739 0 0
 -6.774198 -231.166558 15.598090 149.751428 1.906369 0.000738 0 0
 -6.918893 -231.084004 15.596659 149.759163 1.914101 0.000810 0 0
 -7.061086 -231.002940 15.595038 149.766951 1.922348 0.000830 0 0
 -7.203608 -230.921858 15.592793 149.774421 1.930973 0.000795 0 0
 -7.347792 -230.839928 15.590018 149.782702 1.941604 0.000871 0 0
 -7.491943 -230.758173 15.586915 149.791181 1.953029 0.000893 0 0
 -7.632999 -230.678285 15.583735 149.800363 1.965279 0.000989 0 0
 -7.771004 -230.600132 15.580646 149.810459 1.978280 0.001111 0 0
 -7.905946 -230.523759 15.577020 149.820116 1.990374 0.001087 0 0
 -8.040880 -230.447546 15.573296 149.828509 2.003114 0.000945 0 0
 -8.172741 -230.373052 15.569138 149.836253 2.016298 0.000892 0 0
 -8.301631 -230.300167 15.564692 149.843474 2.030379 0.000851 0 0
 -8.427578 -230.228998 15.559555 149.849277 2.045072 0.000700 0 0
 -8.553628 -230.157786 15.554002 149.854747 2.061016 0.000659 0 0
 -8.677459 -230.087925 15.548093 149.859770 2.077006 0.000617 0 0
 -8.801395 -230.017948 15.541832 149.865251 2.095496 0.000672 0 0
 -8.922123 -229.949439 15.535995 149.873538 2.114778 0.001042 0 0
 -9.039275 -229.883124 15.529451 149.879588 2.131799 0.000784 0 0
 -9.154117 -229.818127 15.523020 149.884618 2.150231 0.000665 0 0
 -9.269208 -229.753086 15.515923 149.888713 2.169261 0.000541 0 0
 -9.381180 -229.689945 15.509327 149.891896 2.188278 0.000432 0 0
 -9.490231 -229.628494 15.502370 149.895987 2.207792 0.000570 0 0
 -9.596157 -229.569001 15.495375 149.899918 2.227890 0.000565 0 0
 -9.702253 -229.509399 15.488057 149.905028 2.247688 0.000733 0 0
 -9.805836 -229.450948 15.480858 149.913722 2.267170 0.001276 0 0
 -9.905386 -229.394851 15.474033 149.922775 2.285500 0.001383 0 0
 -10.005646 -229.338332 15.467253 149.932412 2.302049 0.001461 0 0
 -10.106603 -229.281197 15.460010 149.943574 2.318525 0.001680 0 0
 -10.208378 -229.223572 15.452688 149.954463 2.335069 0.001625 0 0
 -10.310866 -229.165449 15.445310 149.965698 2.352718 0.001664 0 0
 -10.414078 -229.106878 15.437779 149.976815 2.368994 0.001635 0 0
 -10.518915 -229.047621 15.430044 149.986605 2.386015 0.001419 0 0
 -10.623766 -228.988689 15.422794 149.994637 2.401373 0.001165 0 0
 -10.729345 -228.929202 15.414782 150.004658 2.417429 0.001443 0 0
 -10.836351 -228.868979 15.407471 150.015621 2.430828 0.001558 0 0
 -10.943305 -228.808937 15.399940 150.026927 2.444907 0.001609 0 0
 -11.050850 -228.748660 15.392953 150.039499 2.457999 0.001780 0 0
 -11.159036 -228.688005 15.385306 150.053226 2.468033 0.001932 0 0
 -11.268586 -228.626563 15.377995 150.068780 2.481470 0.002161 0 0
 -11.377951 -228.565262 15.370266 150.084070 2.492706 0.002129 0 0
 -11.487757 -228.503645 15.362838 150.099774 2.505201 0.002177 0 0
 -11.598913 -228.441310 15.355286 150.114147 2.517367 0.001968 0 0
 -11.709755 -228.379200 15.347744 150.127247 2.530614 0.001799 0 0
 -11.821043 -228.316826 15.340115 150.139431 2.542210 0.001667 0 0
 -11.933644 -228.253779 15.332313 150.150434 2.553750 0.001488 0 0
 -12.045902 -228.191138 15.324799 150.159032 2.566410 0.001167 0 0
 -12.158619 -228.128085 15.316750 150.168036 2.576682 0.001217 0 0
 -12.271714 -228.064759 15.309139 150.176602 2.588840 0.001153 0 0
 -12.386193 -228.000755 15.301380 150.183747 2.599558 0.000951 0 0
 -12.500396 -227.937095 15.293346 150.189155 2.611279 0.000722 0 0
 -12.615017 -227.873340 15.285768 150.193469 2.620144 0.000574 0 0
 -12.731024 -227.808676 15.277602 150.199457 2.631698 0.000787 0 0
 -12.846618 -227.744304 15.269740 150.205024 2.641824 0.000734 0 0
 -12.962701 -227.679527 15.261113 150.211838 2.653713 0.000895 0 0
 -13.079196 -227.614632 15.253056 150.218106 2.665201 0.000820 0 0
 -13.196286 -227.549324 15.244508 150.225808 2.679632 0.001003 0 0
 -13.313826 -227.483667 15.236109 150.234679 2.691804 0.001150 0 0
 -13.431948 -227.417670 15.226747 150.244222 2.705114 0.001231 0 0
 -13.551602 -227.351260 15.217735 150.251104 2.719154 0.000878 0 0
 -13.670970 -227.284978 15.208297 150.258636 2.732694 0.000963 0 0
 -13.790805 -227.218217 15.199352 150.268665 2.748086 0.001276 0 0
 -13.911221 -227.151162 15.190268 150.279188 2.758580 0.001333 0 0
 -14.032435 -227.083969 15.180928 150.289371 2.771712 0.001282 0 0
 -14.154361 -227.016725 15.171350 150.298620 2.781598 0.001159 0 0
 -14.276897 -226.949111 15.161730 150.310314 2.795027 0.001458 0 0
 -14.399146 -226.881665 15.152421 150.323680 2.807421 0.001671 0 0
 -14.522989 -226.813427 15.142778 150.337880 2.818494 0.001753 0 0
 -14.647387 -226.745100 15.133626 150.352193 2.831960 0.001760 0 0
 -14.772387 -226.676447 15.124063 150.368341 2.843795 0.001976 0 0
 -14.898015 -226.607419 15.114701 150.387563 2.857756 0.002341 0 0
 -15.024266 -226.538211 15.105066 150.407476 2.870513 0.002414 0 0
 -15.151225 -226.468963 15.094823 150.426537 2.885592 0.002300 0 0
 -15.278807 -226.399511 15.085215 150.446395 2.900012 0.002386 0 0
 -15.406900 -226.329357 15.075228 150.470729 2.914833 0.002908 0 0
 -15.535569 -226.259024 15.065477 150.494385 2.929341 0.002816 0 0
 -15.664886 -226.188534 15.055444 150.516956 2.942845 0.002675 0 0
 -15.794967 -226.117881 15.045308 150.536732 2.957314 0.002332 0 0
 -15.925599 -226.046889 15.035395 150.556248 2.972361 0.002291 0 0
 -16.056772 -225.975731 15.025973 150.573047 2.986357 0.001965 0 0
 -16.187538 -225.904679 15.016510 150.589453 3.002386 0.001924 0 0
 -16.319909 -225.832849 15.007081 150.604090 3.015843 0.001696 0 0
 -16.452843 -225.760779 14.997424 150.618360 3.028250 0.001647 0 0
 -16.586378 -225.688476 14.987570 150.632810 3.042943 0.001661 0 0
 -16.720542 -225.615760 14.977618 150.648799 3.054907 0.001829 0 0
 -16.855191 -225.542525 14.967640 150.667417 3.069223 0.002120 0 0
 -16.990316 -225.468828 14.957839 150.687677 3.081145 0.002297 0 0
 -17.127006 -225.394028 14.947823 150.710173 3.093101 0.002520 0 0
 -17.263335 -225.319480 14.937717 150.731474 3.107564 0.002393 0 0
 -17.400313 -225.244571 14.927036 150.751884 3.119765 0.002282 0 0
 -17.537922 -225.169420 14.916182 150.770320 3.135563 0.002052 0 0
 -17.676270 -225.094128 14.905535 150.784821 3.149683 0.001607 0 0
 -17.815188 -225.018330 14.894478 150.799892 3.164669 0.001662 0 0
 -17.954643 -224.942289 14.884018 150.813672 3.179166 0.001514 0 0
 -18.094817 -224.865632 14.872636 150.829810 3.192202 0.001763 0 0
 -18.235619 -224.789035 14.861726 150.843427 3.204791 0.001483 0 0
 -18.377059 -224.712116 14.850626 150.858599 3.218333 0.001645 0 0
 -18.519110 -224.634924 14.839762 150.874829 3.230242 0.001752 0 0
 -18.661818 -224.557258 14.828975 150.894490 3.242359 0.002112 0 0
 -18.805191 -224.479356 14.817832 150.915014 3.251940 0.002195 0 0
 -18.949219 -224.401169 14.806523 150.937826 3.263160 0.002429 0 0
 -19.095064 -224.322043 14.794817 150.963067 3.273713 0.002655 0 0
 -19.240584 -224.243276 14.782762 150.988529 3.286716 0.002686 0 0
 -19.386799 -224.164537 14.770813 151.011338 3.301201 0.002397 0 0
 -19.534747 -224.084795 14.758658 151.035713 3.320361 0.002531 0 0
 -19.682163 -224.005244 14.746672 151.060792 3.337666 0.002613 0 0
 -19.830228 -223.925490 14.734136 151.085747 3.357129 0.002590 0 0
 -19.978884 -223.845783 14.722549 151.108933 3.375236 0.002399 0 0
 -20.128226 -223.765501 14.710511 151.134356 3.386754 0.002617 0 0
 -20.278243 -223.684972 14.698536 151.158710 3.398744 0.002497 0 0
 -20.429045 -223.604661 14.687001 151.177747 3.408602 0.001945 0 0
 -20.581826 -223.523474 14.674740 151.194279 3.415806 0.001668 0 0
 -20.734206 -223.442469 14.662169 151.210491 3.428261 0.001640 0 0
 -20.887205 -223.361249 14.649759 151.224898 3.438054 0.001452 0 0
 -21.041992 -223.279127 14.636796 151.237446 3.450607 0.001250 0 0
 -21.196246 -223.197519 14.623973 151.245531 3.465486 0.000809 0 0
 -21.350981 -223.115444 14.610782 151.252349 3.479730 0.000679 0 0
 -21.506020 -223.032750 14.597847 151.260289 3.493980 0.000789 0 0
 -21.662757 -222.949183 14.584560 151.264010 3.506004 0.000366 0 0
 -21.818920 -222.866126 14.571066 151.263047 3.518452 0.000095 0 0
 -21.975676 -222.783036 14.557674 151.256407 3.531406 0.000653 0 0
 -22.134081 -222.698706 14.544466 151.249691 3.541476 0.000653 0 0
 -22.291833 -222.614682 14.531437 151.240211 3.551185 0.000926 0 0
 -22.450009 -222.530475 14.518945 151.228652 3.559153 0.001126 0 0
 -22.608712 -222.445778 14.505677 151.216856 3.567904 0.001144 0 0
 -22.767806 -222.360681 14.493204 151.203390 3.571872 0.001303 0 0
 -22.927290 -222.275166 14.480668 151.188947 3.579135 0.001393 0 0
 -23.087243 -222.189703 14.468466 151.168667 3.580658 0.001952 0 0
 -23.249051 -222.103559 14.454524 151.143006 3.585691 0.002443 0 0
 -23.410153 -222.018262 14.440988 151.111173 3.597181 0.003048 0 0
 -23.571336 -221.932410 14.428183 151.083981 3.602872 0.002599 0 0
 -23.733954 -221.845429 14.415360 151.060269 3.614057 0.002244 0 0
 -23.895613 -221.759056 14.403169 151.038446 3.623145 0.002078 0 0
 -24.057518 -221.672538 14.390710 151.018132 3.626761 0.001931 0 0
 -24.219431 -221.585823 14.379397 151.000963 3.632955 0.001631 0 0
 -24.381529 -221.498468 14.368036 150.990118 3.636017 0.001028 0 0
 -24.543968 -221.411070 14.356466 150.980384 3.637191 0.000921 0 0
 -24.706779 -221.324075 14.344902 150.968524 3.637866 0.001121 0 0
 -24.870047 -221.237397 14.332803 150.953707 3.639538 0.001399 0 0
 -25.033461 -221.150384 14.321546 150.943622 3.646325 0.000951 0 0
 -25.196894 -221.063014 14.310980 150.937573 3.647295 0.000570 0 0
 -25.360405 -220.975373 14.300479 150.936849 3.651953 0.000068 0 0
 -25.524161 -220.888307 14.290073 150.933259 3.653249 0.000338 0 0
 -25.687966 -220.801121 14.279466 150.932316 3.658409 0.000089 0 0
 -25.851707 -220.713520 14.268745 150.935642 3.659033 0.000313 0 0
 -26.016542 -220.625226 14.258904 150.940378 3.660560 0.000442 0 0
 -26.180271 -220.537587 14.248919 150.946346 3.662482 0.000561 0 0
 -26.344175 -220.449990 14.238591 150.952567 3.662551 0.000584 0 0
 -26.508066 -220.362229 14.228743 150.961512 3.666975 0.000840 0 0
 -26.671890 -220.273959 14.218982 150.975391 3.668228 0.001302 0 0
 -26.835765 -220.185621 14.209421 150.990272 3.674450 0.001395 0 0
 -26.999785 -220.097345 14.199822 151.004583 3.683415 0.001341 0 0
 -27.163795 -220.008865 14.190299 151.021035 3.685315 0.001541 0 0
 -27.327728 -219.920068 14.181280 151.041762 3.692985 0.001940 0 0
 -27.491742 -219.831305 14.172711 151.063204 3.695027 0.002007 0 0
 -27.657196 -219.741384 14.163409 151.089539 3.698754 0.002441 0 0
 -27.821587 -219.652271 14.154861 151.115749 3.702037 0.002446 0 0
 -27.986110 -219.563151 14.146888 151.141977 3.704396 0.002447 0 0
 -28.150723 -219.473450 14.139064 151.172717 3.710046 0.002862 0 0
 -28.316682 -219.382975 14.132030 151.203627 3.711752 0.002854 0 0
 -28.481748 -219.293316 14.124506 151.231218 3.716395 0.002564 0 0
 -28.647036 -219.203666 14.116917 151.257826 3.720699 0.002470 0 0
 -28.813685 -219.113301 14.109889 151.283117 3.725070 0.002328 0 0
 -28.979328 -219.023307 14.102717 151.309406 3.734304 0.002434 0 0
 -29.145209 -218.933455 14.095932 151.334696 3.737651 0.002340 0 0
 -29.311357 -218.843709 14.089656 151.359207 3.746850 0.002265 0 0
 -29.477893 -218.753663 14.082970 151.386491 3.751819 0.002515 0 0
 -29.644767 -218.663788 14.076428 151.412199 3.757221 0.002367 0 0
 -29.811952 -218.574038 14.070200 151.436735 3.763288 0.002257 0 0
 -29.980685 -218.483359 14.064264 151.462468 3.769475 0.002345 0 0
 -30.148478 -218.393295 14.059064 151.487689 3.775902 0.002311 0 0
 -30.316736 -218.303266 14.053606 151.511616 3.778864 0.002188 0 0
 -30.485558 -218.213417 14.047517 151.532625 3.783930 0.001917 0 0
 -30.655011 -218.123463 14.041066 151.553322 3.794512 0.001883 0 0
 -30.824843 -218.033458 14.035009 151.572534 3.801222 0.001744 0 0
 -30.995090 -217.943353 14.029244 151.591168 3.815307 0.001688 0 0
 -31.166026 -217.853541 14.023638 151.604783 3.828270 0.001231 0 0
 -31.337402 -217.763441 14.017875 151.617863 3.840303 0.001179 0 0
 -31.509235 -217.672998 14.012164 151.631004 3.856149 0.001181 0 0
 -31.681604 -217.582465 14.006625 151.643036 3.868596 0.001079 0 0
 -31.854752 -217.491711 14.000549 151.655159 3.885159 0.001082 0 0
 -32.028440 -217.400720 13.994791 151.669288 3.897673 0.001258 0 0
 -32.202807 -217.309425 13.988886 151.685478 3.914329 0.001436 0 0
 -32.377993 -217.217817 13.982862 151.702932 3.929262 0.001541 0 0
 -32.553781 -217.125764 13.977138 151.721829 3.947430 0.001662 0 0
 -32.730211 -217.033413 13.971876 151.740433 3.964089 0.001631 0 0
 -32.907340 -216.940595 13.966536 151.759319 3.981591 0.001648 0 0
 -33.085384 -216.847580 13.961467 151.775327 4.002320 0.001391 0 0
 -33.264280 -216.754246 13.956186 151.790660 4.020131 0.001326 0 0
 -33.443880 -216.660755 13.951632 151.805254 4.041019 0.001258 0 0
 -33.624399 -216.567016 13.947331 151.820658 4.060157 0.001322 0 0
 -33.805786 -216.472939 13.942606 151.837145 4.080372 0.001408 0 0
 -33.987732 -216.378499 13.938795 151.856446 4.099219 0.001643 0 0
 -34.170380 -216.283538 13.935027 151.878044 4.118475 0.001831 0 0
 -34.353832 -216.188117 13.931615 151.900832 4.137375 0.001923 0 0
 -34.538121 -216.092388 13.928044 151.922565 4.156095 0.001827 0 0
 -34.723145 -215.996217 13.924684 151.944803 4.175093 0.001861 0 0
 -34.909177 -215.899758 13.921116 151.964737 4.192205 0.001660 0 0
 -35.096159 -215.803131 13.917287 151.982604 4.210641 0.001482 0 0
 -35.283895 -215.706235 13.914033 152.000942 4.227562 0.001515 0 0
 -35.472495 -215.609059 13.910862 152.018566 4.246000 0.001450 0 0
 -35.662045 -215.511498 13.907922 152.036115 4.262510 0.001437 0 0
 -35.852395 -215.413492 13.904842 152.053835 4.279988 0.001445 0 0
 -36.043543 -215.315154 13.901814 152.069906 4.298118 0.001305 0 0
 -36.235695 -215.216382 13.898488 152.084959 4.317544 0.001216 0 0
 -36.428671 -215.117449 13.895476 152.098697 4.333273 0.001106 0 0
 -36.622507 -215.018017 13.892294 152.113849 4.351980 0.001214 0 0
 -36.817291 -214.918428 13.889090 152.128323 4.368581 0.001155 0 0
 -37.013136 -214.818565 13.885621 152.143016 4.383900 0.001167 0 0
 -37.209854 -214.718279 13.881684 152.157396 4.401679 0.001137 0 0
 -37.407414 -214.617347 13.877306 152.172170 4.419330 0.001162 0 0
 -37.605939 -214.515720 13.872760 152.185422 4.439934 0.001037 0 0
 -37.805300 -214.413853 13.868525 152.195048 4.459342 0.000750 0 0
 -38.005599 -214.311704 13.864235 152.200950 4.480897 0.000458 0 0
 -38.206720 -214.209164 13.860113 152.205084 4.499770 0.000320 0 0
 -38.408813 -214.106296 13.856085 152.206507 4.518890 0.000109 0 0
 -38.611914 -214.003115 13.851030 152.205281 4.537616 0.000094 0 0
 -38.815852 -213.899431 13.845588 152.203546 4.556972 0.000132 0 0
 -39.020581 -213.795103 13.840763 152.201183 4.577018 0.000180 0 0
 -39.226045 -213.690135 13.836092 152.198803 4.599620 0.000180 0 0
 -39.432373 -213.584918 13.831321 152.192040 4.620039 0.000510 0 0
 -39.639515 -213.479265 13.826277 152.182865 4.640446 0.000689 0 0
 -39.847525 -213.372933 13.821051 152.172309 4.661275 0.000789 0 0
 -40.056241 -213.266182 13.816102 152.159416 4.681422 0.000960 0 0
 -40.265685 -213.159039 13.811387 152.143959 4.701447 0.001147 0 0
 -40.474218 -213.052210 13.807204 152.126136 4.720052 0.001328 0 0
 -40.685033 -212.943974 13.802976 152.104632 4.738437 0.001584 0 0
 -40.896577 -212.835147 13.797919 152.079216 4.756848 0.001865 0 0
 -41.110473 -212.725009 13.792109 152.047127 4.775279 0.002328 0 0
 -41.323368 -212.615192 13.786559 152.009693 4.794557 0.002727 0 0
 -41.536755 -212.504897 13.781747 151.967856 4.815917 0.003040 0 0
 -41.750743 -212.394257 13.777222 151.920672 4.834263 0.003418 0 0
 -41.965261 -212.283122 13.773248 151.869830 4.848624 0.003673 0 0
 -42.180311 -212.171488 13.768743 151.814907 4.863543 0.003956 0 0
 -42.395899 -212.059273 13.763494 151.756695 4.876790 0.004180 0 0
 -42.613703 -211.945634 13.757486 151.693157 4.891721 0.004514 0 0
 -42.830379 -211.832246 13.751469 151.625804 4.905901 0.004807 0 0
 -43.047283 -211.718270 13.746729 151.555992 4.921709 0.004973 0 0
 -43.264707 -211.603768 13.741571 151.480660 4.934134 0.005351 0 0
 -43.482655 -211.488682 13.736067 151.401826 4.946839 0.005583 0 0
 -43.701029 -211.373310 13.730264 151.317464 4.956449 0.005962 0 0
 -43.919770 -211.257226 13.723993 151.231525 4.969944 0.006057 0 0
 -44.140492 -211.139673 13.717964 151.141967 4.982680 0.006250 0 0
 -44.359916 -211.022520 13.712051 151.047613 4.994649 0.006621 0 0
 -44.579568 -210.904690 13.706288 150.951268 5.006301 0.006746 0 0
 -44.801274 -210.785332 13.699793 150.849282 5.016000 0.007069 0 0
 -45.023393 -210.665418 13.692568 150.742897 5.027348 0.007356 0 0
 -45.244195 -210.545725 13.684908 150.633890 5.037659 0.007575 0 0
 -45.465204 -210.425631 13.677866 150.520019 5.049845 0.007901 0 0
 -45.686403 -210.304673 13.671166 150.404285 5.062891 0.008012 0 0
 -45.907779 -210.182963 13.664216 150.286564 5.072300 0.008133 0 0
 -46.129324 -210.060696 13.657162 150.166129 5.082812 0.008307 0 0
 -46.352709 -209.936571 13.649361 150.044304 5.092180 0.008320 0 0
 -46.574598 -209.812629 13.641175 149.921573 5.103100 0.008428 0 0
 -46.796516 -209.688035 13.633715 149.798418 5.113544 0.008446 0 0
 -47.018617 -209.562647 13.625805 149.674422 5.122971 0.008485 0 0
 -47.240788 -209.436580 13.618358 149.548434 5.131188 0.008608 0 0
 -47.463009 -209.309736 13.610985 149.421616 5.140952 0.008650 0 0
 -47.685403 -209.182000 13.602927 149.294146 5.148805 0.008675 0 0
 -47.909552 -209.052661 13.595463 149.164019 5.159009 0.008776 0 0
 -48.132135 -208.923655 13.588219 149.031687 5.168149 0.008978 0 0
 -48.354818 -208.793815 13.580848 148.898323 5.178230 0.009030 0 0
 -48.577621 -208.663363 13.573270 148.760965 5.185604 0.009285 0 0
 -48.800447 -208.532078 13.565843 148.620659 5.194576 0.009469 0 0
 -49.023181 -208.399784 13.558702 148.480894 5.204766 0.009416 0 0
 -49.245999 -208.266848 13.551605 148.338090 5.214184 0.009606 0 0
 -49.468901 -208.133099 13.544337 148.194080 5.223358 0.009669 0 0
 -49.691771 -207.998580 13.537040 148.050420 5.232055 0.009632 0 0
 -49.914619 -207.863261 13.529850 147.906662 5.242563 0.009624 0 0
 -50.139089 -207.725724 13.522379 147.765275 5.252291 0.009374 0 0
 -50.361780 -207.588508 13.515819 147.625387 5.261387 0.009334 0 0
 -50.584527 -207.450564 13.509198 147.485210 5.270026 0.009338 0 0
 -50.807155 -207.311532 13.502655 147.348025 5.276240 0.009122 0 0
 -51.029907 -207.171564 13.495342 147.209080 5.284385 0.009218 0 0
 -51.252680 -207.030841 13.488099 147.069319 5.291804 0.009257 0 0
 -51.475417 -206.889246 13.480923 146.929467 5.298974 0.009248 0 0
 -51.698163 -206.746916 13.474093 146.787797 5.309558 0.009354 0 0
 -51.920959 -206.603578 13.467053 146.645324 5.317729 0.009386 0 0
 -52.143768 -206.459459 13.459822 146.500860 5.326075 0.009502 0 0
 -52.366540 -206.314689 13.452612 146.353827 5.336852 0.009659 0 0
 -52.589194 -206.168922 13.445273 146.206119 5.346497 0.009687 0 0
 -52.811721 -206.022238 13.437801 146.058432 5.355581 0.009671 0 0
 -53.034133 -205.874839 13.430507 145.910029 5.364601 0.009707 0 0
 -53.258040 -205.725429 13.423525 145.762388 5.371969 0.009573 0 0
 -53.480096 -205.576107 13.416627 145.618379 5.379994 0.009393 0 0
 -53.703788 -205.424909 13.409314 145.473396 5.382851 0.009372 0 0
 -53.927389 -205.273177 13.402146 145.327917 5.388264 0.009396 0 0
 -54.149140 -205.121747 13.395152 145.183609 5.392391 0.009380 0 0
 -54.370705 -204.969476 13.388195 145.039251 5.396014 0.009372 0 0
 -54.593753 -204.815456 13.381501 144.891651 5.400115 0.009504 0 0
 -54.814950 -204.662100 13.375021 144.742371 5.401203 0.009680 0 0
 -55.036063 -204.508148 13.367920 144.590747 5.405365 0.009822 0 0
 -55.258431 -204.352353 13.361279 144.438525 5.407405 0.009785 0 0
 -55.480654 -204.196260 13.354384 144.282811 5.411461 0.010008 0 0
 -55.700754 -204.040808 13.348288 144.129066 5.412417 0.009958 0 0
 -55.920507 -203.884808 13.341821 143.975037 5.413566 0.009975 0 0
 -56.141491 -203.727069 13.335048 143.819685 5.414366 0.009987 0 0
 -56.361927 -203.568831 13.328704 143.664881 5.412163 0.009957 0 0
 -56.580151 -203.411294 13.322793 143.510582 5.410980 0.010006 0 0
 -56.799428 -203.252011 13.317037 143.356331 5.407248 0.009933 0 0
 -57.018275 -203.092301 13.310830 143.201397 5.399934 0.009981 0 0
 -57.234871 -202.933368 13.304746 143.048489 5.393627 0.009934 0 0
 -57.451005 -202.774178 13.298511 142.894127 5.387361 0.010037 0 0
 -57.668091 -202.613345 13.292372 142.739354 5.381239 0.009998 0 0
 -57.882780 -202.453389 13.286781 142.584890 5.375107 0.010070 0 0
 -58.096917 -202.293249 13.280621 142.427619 5.367724 0.010265 0 0
 -58.310282 -202.133031 13.274732 142.267153 5.361992 0.010496 0 0
 -58.522934 -201.972348 13.268315 142.105937 5.354538 0.010557 0 0
 -58.734680 -201.811387 13.262602 141.944792 5.347234 0.010574 0 0
 -58.945745 -201.650389 13.257091 141.781416 5.338417 0.010742 0 0
 -59.156000 -201.489119 13.251181 141.618410 5.326825 0.010737 0 0
 -59.365499 -201.327596 13.245232 141.456365 5.317879 0.010691 0 0
 -59.574145 -201.165814 13.239499 141.295432 5.304656 0.010639 0 0
 -59.781946 -201.003705 13.233562 141.134850 5.297676 0.010634 0 0
 -59.988895 -200.841248 13.227924 140.975780 5.286135 0.010552 0 0
 -60.195082 -200.678353 13.221921 140.817645 5.277755 0.010503 0 0
 -60.400546 -200.515262 13.216176 140.659104 5.268437 0.010548 0 0
 -60.605262 -200.351827 13.210394 140.500403 5.260440 0.010574 0 0
 -60.809314 -200.188158 13.204975 140.341278 5.252551 0.010617 0 0
 -61.014211 -200.022713 13.199343 140.182073 5.246405 0.010551 0 0
 -61.216931 -199.858204 13.193669 140.023038 5.236913 0.010632 0 0
 -61.418996 -199.693367 13.188277 139.864078 5.231270 0.010639 0 0
 -61.620573 -199.528100 13.182279 139.703932 5.225059 0.010723 0 0
 -61.822916 -199.360990 13.176412 139.543822 5.220524 0.010648 0 0
 -62.023014 -199.194781 13.171275 139.384089 5.215868 0.010717 0 0
 -62.222571 -199.028108 13.166095 139.224463 5.212075 0.010715 0 0
 -62.423007 -198.859587 13.161003 139.064103 5.206372 0.010688 0 0
 -62.621337 -198.691619 13.155512 138.906385 5.200428 0.010591 0 0
 -62.819198 -198.523252 13.150177 138.748160 5.196898 0.010629 0 0
 -63.016745 -198.354384 13.144305 138.589302 5.194549 0.010668 0 0
 -63.215233 -198.183599 13.138793 138.429973 5.195241 0.010620 0 0
 -63.411556 -198.013352 13.133883 138.273914 5.196219 0.010482 0 0
 -63.607491 -197.842613 13.128731 138.116010 5.197874 0.010604 0 0
 -63.803021 -197.671376 13.123305 137.956950 5.199556 0.010681 0 0
 -63.997970 -197.499498 13.118192 137.797008 5.201507 0.010741 0 0
 -64.192478 -197.326998 13.113211 137.636374 5.204791 0.010784 0 0
 -64.388035 -197.152769 13.109054 137.473145 5.205918 0.010877 0 0
 -64.583412 -196.978037 13.104479 137.307853 5.207564 0.011006 0 0
 -64.777006 -196.804070 13.099746 137.142602 5.208114 0.011081 0 0
 -64.970294 -196.629387 13.094353 136.977089 5.210663 0.011088 0 0
 -65.163042 -196.454095 13.089558 136.811396 5.214317 0.011100 0 0
 -65.355285 -196.278178 13.085554 136.647008 5.222605 0.011010 0 0
 -65.546972 -196.101520 13.082227 136.485583 5.227556 0.010808 0 0
 -65.739689 -195.922973 13.079272 136.323242 5.232360 0.010785 0 0
 -65.930628 -195.745205 13.076186 136.162294 5.235279 0.010768 0 0
 -66.121321 -195.566723 13.072297 136.001506 5.239405 0.010744 0 0
 -66.311657 -195.387532 13.068235 135.841141 5.244165 0.010707 0 0
 -66.501514 -195.207622 13.064805 135.681339 5.251833 0.010663 0 0
 -66.690914 -195.027024 13.062107 135.523080 5.260845 0.010555 0 0
 -66.879955 -194.845733 13.059555 135.365917 5.267428 0.010473 0 0
 -67.069980 -194.662381 13.057221 135.208672 5.273603 0.010393 0 0
 -67.258192 -194.479644 13.054533 135.053380 5.278888 0.010332 0 0
 -67.446060 -194.296211 13.051582 134.897276 5.286195 0.010376 0 0
 -67.634861 -194.110536 13.048811 134.740462 5.291064 0.010336 0 0
 -67.823288 -193.924123 13.046376 134.583309 5.299748 0.010348 0 0
 -68.010079 -193.738411 13.043691 134.425657 5.302547 0.010446 0 0
 -68.196687 -193.552121 13.040926 134.266435 5.308124 0.010539 0 0
 -68.382996 -193.364907 13.037705 134.106134 5.313720 0.010593 0 0
 -68.568795 -193.176788 13.034724 133.948208 5.318405 0.010425 0 0
 -68.754084 -192.988039 13.032891 133.790878 5.325816 0.010382 0 0
 -68.939076 -192.798428 13.030482 133.634490 5.330996 0.010304 0 0
 -69.123664 -192.608166 13.028674 133.478188 5.334581 0.010291 0 0
 -69.308130 -192.417261 13.025923 133.320014 5.338180 0.010399 0 0
 -69.492382 -192.225751 13.022730 133.159908 5.343230 0.010515 0 0
 -69.676200 -192.033345 13.019491 132.998537 5.348218 0.010584 0 0
 -69.859636 -191.840111 13.016381 132.837302 5.357468 0.010562 0 0
 -70.042677 -191.646343 13.014222 132.674611 5.363024 0.010653 0 0
 -70.226732 -191.450306 13.012071 132.511553 5.369224 0.010584 0 0
 -70.409140 -191.255154 13.009808 132.348004 5.371214 0.010686 0 0
 -70.591358 -191.059288 13.006686 132.183127 5.374687 0.010757 0 0
 -70.774662 -190.861090 13.003022 132.016253 5.378497 0.010788 0 0
 -70.956071 -190.663571 12.999973 131.850975 5.383831 0.010756 0 0
 -71.137198 -190.465482 12.997191 131.683450 5.388886 0.010893 0 0
 -71.319189 -190.265110 12.994918 131.517040 5.391989 0.010730 0 0
 -71.499648 -190.065628 12.992272 131.349806 5.396143 0.010851 0 0
 -71.679731 -189.865284 12.988980 131.185454 5.398021 0.010648 0 0
 -71.859304 -189.664306 12.986256 131.023229 5.403674 0.010505 0 0
 -72.039725 -189.460950 12.983410 130.862922 5.411118 0.010292 0 0
 -72.218206 -189.258490 12.981437 130.706701 5.417179 0.010102 0 0
 -72.396288 -189.055511 12.979681 130.551281 5.423887 0.010046 0 0
 -72.575412 -188.850333 12.977191 130.393887 5.428959 0.010086 0 0
 -72.754005 -188.644498 12.974784 130.238371 5.434396 0.009960 0 0
 -72.930892 -188.439529 12.972041 130.083223 5.442192 0.010002 0 0
 -73.107189 -188.233995 12.970314 129.930053 5.447807 0.009872 0 0
 -73.284404 -188.026256 12.968801 129.775459 5.454235 0.009881 0 0
 -73.459895 -187.819574 12.967603 129.622443 5.457293 0.009850 0 0
 -73.635049 -187.612388 12.966101 129.467745 5.457640 0.009952 0 0
 -73.811054 -187.402773 12.963743 129.313510 5.460740 0.009835 0 0
 -73.985304 -187.194346 12.961783 129.157867 5.462423 0.009999 0 0
 -74.159017 -186.985321 12.960108 129.003249 5.468149 0.009929 0 0
 -74.333452 -186.774291 12.959253 128.847172 5.472089 0.009949 0 0
 -74.505932 -186.564380 12.958771 128.692583 5.473767 0.009931 0 0
 -74.678046 -186.354020 12.957448 128.536266 5.476301 0.010038 0 0
 -74.849513 -186.143086 12.955935 128.381840 5.476105 0.009915 0 0
 -75.020564 -185.931855 12.954309 128.224113 5.479071 0.010128 0 0
 -75.190983 -185.720165 12.953344 128.068606 5.481807 0.009987 0 0
 -75.360877 -185.508149 12.952970 127.912285 5.480632 0.010042 0 0
 -75.531626 -185.294058 12.952090 127.753118 5.479574 0.010145 0 0
 -75.700616 -185.081159 12.950851 127.593178 5.474238 0.010270 0 0
 -75.869149 -184.867752 12.948939 127.432289 5.472273 0.010326 0 0
 -76.037108 -184.653949 12.947420 127.270127 5.470376 0.010410 0 0
 -76.204324 -184.439596 12.946254 127.109608 5.467836 0.010305 0 0
 -76.371111 -184.225148 12.945723 126.946536 5.466185 0.010476 0 0
 -76.537452 -184.010308 12.944370 126.782892 5.459896 0.010512 0 0
 -76.704433 -183.793317 12.942288 126.618342 5.456898 0.010489 0 0
 -76.869433 -183.577487 12.939939 126.456163 5.452328 0.010419 0 0
 -77.033741 -183.361237 12.937686 126.295736 5.452228 0.010310 0 0
 -77.197267 -183.144633 12.936193 126.138770 5.450455 0.010094 0 0
 -77.360053 -182.927680 12.934930 125.984234 5.448452 0.009944 0 0
 -77.522314 -182.710435 12.933387 125.831954 5.445844 0.009802 0 0
 -77.684109 -182.492778 12.930847 125.681164 5.441953 0.009704 0 0
 -77.845039 -182.274635 12.928429 125.534059 5.438704 0.009471 0 0
 -78.005281 -182.056088 12.926335 125.390281 5.437006 0.009260 0 0
 -78.164999 -181.837331 12.924800 125.248734 5.434176 0.009121 0 0
 -78.325422 -181.616559 12.923206 125.109548 5.432159 0.008902 0 0
 -78.484070 -181.397038 12.921348 124.975539 5.427622 0.008635 0 0
 -78.642166 -181.177327 12.919735 124.844085 5.423682 0.008476 0 0
 -78.799718 -180.957209 12.917582 124.716433 5.422415 0.008231 0 0
 -78.956516 -180.736796 12.916068 124.594117 5.421002 0.007892 0 0
 -79.112773 -180.516173 12.914770 124.475096 5.419600 0.007684 0 0
 -79.268499 -180.295406 12.913758 124.358792 5.417540 0.007514 0 0
 -79.424789 -180.072631 12.912484 124.245467 5.414286 0.007268 0 0
 -79.579392 -179.851269 12.910931 124.135676 5.412497 0.007097 0 0
 -79.733495 -179.629695 12.909404 124.029101 5.408752 0.006892 0 0
 -79.888185 -179.406179 12.908038 123.925725 5.407612 0.006638 0 0
 -80.041178 -179.184139 12.906883 123.826594 5.404605 0.006416 0 0
 -80.193741 -178.961950 12.905785 123.729666 5.401667 0.006277 0 0
 -80.345824 -178.739562 12.904686 123.635128 5.397954 0.006124 0 0
 -80.498613 -178.515280 12.903377 123.541437 5.395090 0.006026 0 0
 -80.649860 -178.292539 12.901951 123.449392 5.391155 0.005967 0 0
 -80.800677 -178.069515 12.900182 123.358390 5.388693 0.005899 0 0
 -80.952161 -177.844653 12.898561 123.267645 5.385389 0.005841 0 0
 -81.102105 -177.621366 12.897216 123.178100 5.384150 0.005811 0 0
 -81.251747 -177.397834 12.895308 123.088947 5.382026 0.005784 0 0
 -81.401062 -177.174311 12.893743 122.999758 5.379918 0.005791 0 0
 -81.549958 -176.950651 12.892132 122.910524 5.378059 0.005796 0 0
 -81.698494 -176.726744 12.890160 122.821076 5.376456 0.005810 0 0
 -81.846635 -176.502542 12.887781 122.731935 5.374137 0.005790 0 0
 -81.995531 -176.276610 12.885815 122.640303 5.372603 0.005910 0 0
 -82.142934 -176.052226 12.884102 122.548380 5.371646 0.005976 0 0
 -82.290018 -175.827638 12.882271 122.455803 5.368930 0.006019 0 0
 -82.436846 -175.602952 12.880376 122.361820 5.366870 0.006111 0 0
 -82.583376 -175.378163 12.878363 122.266645 5.365280 0.006191 0 0
 -82.729625 -175.153251 12.876223 122.170043 5.364039 0.006285 0 0
 -82.875438 -174.928186 12.874285 122.073268 5.362304 0.006298 0 0
 -83.020775 -174.703025 12.872884 121.975566 5.361319 0.006363 0 0
 -83.165727 -174.477615 12.871111 121.877872 5.359420 0.006362 0 0
 -83.310333 -174.252192 12.869624 121.779530 5.358504 0.006409 0 0
 -83.455720 -174.025004 12.867913 121.679848 5.356041 0.006450 0 0
 -83.599574 -173.799434 12.866259 121.581074 5.354345 0.006444 0 0
 -83.742935 -173.573730 12.864679 121.482662 5.351993 0.006424 0 0
 -83.886863 -173.346206 12.863154 121.383920 5.349138 0.006401 0 0
 -84.029141 -173.120360 12.862204 121.286277 5.345740 0.006385 0 0
 -84.171071 -172.894415 12.860577 121.188133 5.340828 0.006420 0 0
 -84.312530 -172.668606 12.859648 121.090117 5.335741 0.006420 0 0
 -84.454480 -172.440798 12.857926 120.993318 5.328476 0.006294 0 0
 -84.594823 -172.214787 12.856574 120.897604 5.321160 0.006279 0 0
 -84.734639 -171.988802 12.855172 120.803004 5.312610 0.006213 0 0
 -84.874983 -171.761186 12.853612 120.708629 5.304979 0.006160 0 0
 -85.013639 -171.535375 12.852154 120.617225 5.296026 0.006020 0 0
 -85.151765 -171.309674 12.850393 120.527648 5.286772 0.005908 0 0
 -85.290225 -171.082550 12.849152 120.440498 5.277674 0.005718 0 0
 -85.427988 -170.855593 12.848082 120.357352 5.266716 0.005466 0 0
 -85.564195 -170.630548 12.846438 120.277315 5.254849 0.005310 0 0
 -85.699769 -170.405799 12.844724 120.201088 5.240347 0.005069 0 0
 -85.835714 -170.179704 12.843035 120.127671 5.228521 0.004857 0 0
 -85.969911 -169.955486 12.841113 120.059598 5.214336 0.004547 0 0
 -86.103524 -169.731794 12.839833 119.994004 5.200131 0.004394 0 0
 -86.237573 -169.506846 12.838350 119.931017 5.183220 0.004198 0 0
 -86.369834 -169.283803 12.836554 119.874019 5.166923 0.003836 0 0
 -86.501616 -169.061237 12.834465 119.818701 5.148648 0.003733 0 0
 -86.632916 -168.839224 12.832342 119.766021 5.132130 0.003565 0 0
 -86.763554 -168.617844 12.830626 119.716778 5.115515 0.003343 0 0
 -86.893536 -168.396828 12.828861 119.672122 5.098569 0.003040 0 0
 -87.022919 -168.176425 12.827447 119.630988 5.079419 0.002809 0 0
 -87.152783 -167.955008 12.825489 119.592383 5.060126 0.002625 0 0
 -87.281060 -167.735868 12.823465 119.557357 5.043115 0.002408 0 0
 -87.408644 -167.517097 12.821221 119.527436 5.025594 0.002062 0 0
 -87.535748 -167.299259 12.820139 119.498255 5.009713 0.002019 0 0
 -87.662104 -167.082090 12.819467 119.473905 4.992520 0.001691 0 0
 -87.788047 -166.865507 12.818317 119.450928 4.974299 0.001601 0 0
 -87.913546 -166.649624 12.816920 119.429104 4.954708 0.001525 0 0
 -88.038459 -166.434417 12.815164 119.408975 4.937320 0.001412 0 0
 -88.162910 -166.219861 12.813400 119.388749 4.919593 0.001423 0 0
 -88.286742 -166.006053 12.812620 119.369614 4.902916 0.001352 0 0
 -88.411027 -165.791266 12.811694 119.350359 4.885333 0.001354 0 0
 -88.533837 -165.578818 12.810930 119.331921 4.865780 0.001311 0 0
 -88.656212 -165.367142 12.810270 119.313686 4.846883 0.001302 0 0
 -88.778254 -165.156068 12.808810 119.295174 4.827981 0.001325 0 0
 -88.899647 -164.945830 12.807840 119.277964 4.811073 0.001237 0 0
 -89.020581 -164.736428 12.807341 119.259841 4.793196 0.001308 0 0
 -89.141003 -164.527727 12.806891 119.242368 4.776488 0.001266 0 0
 -89.261750 -164.318191 12.806332 119.225032 4.758238 0.001251 0 0
 -89.381013 -164.110968 12.805684 119.208579 4.740661 0.001201 0 0
 -89.499839 -163.904569 12.805182 119.191997 4.723044 0.001215 0 0
 -89.618294 -163.698968 12.804762 119.175043 4.706226 0.001247 0 0
 -89.736210 -163.494166 12.804426 119.158641 4.689157 0.001211 0 0
 -89.853654 -163.290093 12.804163 119.142644 4.670773 0.001186 0 0
 -89.970719 -163.086876 12.804005 119.125285 4.654071 0.001292 0 0
 -90.087280 -162.884172 12.803131 119.109375 4.635575 0.001188 0 0
 -90.203347 -162.682418 12.802435 119.092011 4.618063 0.001302 0 0
 -90.318885 -162.481420 12.802214 119.075437 4.601465 0.001248 0 0
 -90.433963 -162.281081 12.802004 119.059717 4.584479 0.001187 0 0
 -90.548564 -162.081653 12.801889 119.044365 4.565042 0.001165 0 0
 -90.662738 -161.882974 12.801703 119.030533 4.546453 0.001053 0 0
 -90.776432 -161.684897 12.801134 119.018429 4.528131 0.000925 0 0
 -90.888683 -161.489100 12.800852 119.008373 4.510538 0.000778 0 0
 -91.001235 -161.292571 12.800731 119.000016 4.493905 0.000644 0 0
 -91.113415 -161.096761 12.800302 118.991314 4.476597 0.000673 0 0
 -91.225035 -160.901720 12.800390 118.984044 4.460024 0.000565 0 0
 -91.336157 -160.707410 12.799902 118.977252 4.442471 0.000530 0 0
 -91.446872 -160.513877 12.799447 118.970657 4.425836 0.000516 0 0
 -91.557145 -160.321102 12.799233 118.964773 4.408154 0.000462 0 0
 -91.666104 -160.130526 12.799187 118.960300 4.391490 0.000356 0 0
 -91.775396 -159.939247 12.799167 118.957799 4.372504 0.000198 0 0
 -91.884325 -159.748719 12.798895 118.956015 4.353739 0.000142 0 0
 -91.992807 -159.558882 12.798487 118.955697 4.336387 0.000025 0 0
 -92.100700 -159.369786 12.797866 118.957839 4.319009 0.000172 0 0
 -92.208151 -159.181547 12.797713 118.960488 4.302205 0.000213 0 0
 -92.315179 -158.994050 12.797520 118.964166 4.284222 0.000297 0 0
 -92.421762 -158.807217 12.797183 118.969323 4.267853 0.000418 0 0
 -92.527953 -158.621201 12.796287 118.975291 4.250302 0.000486 0 0
 -92.633799 -158.436076 12.795635 118.980533 4.233095 0.000429 0 0
 -92.739108 -158.251530 12.794836 118.987795 4.216474 0.000596 0 0
 -92.843954 -158.067818 12.794220 118.995017 4.201572 0.000596 0 0
 -92.948422 -157.884752 12.793377 119.002913 4.184583 0.000654 0 0
 -93.052659 -157.702589 12.792655 119.009159 4.168418 0.000519 0 0
 -93.156556 -157.521037 12.791447 119.016166 4.152671 0.000585 0 0
 -93.260016 -157.340291 12.790242 119.023458 4.136106 0.000611 0 0
 -93.363017 -157.160184 12.789202 119.032211 4.121747 0.000736 0 0
 -93.465704 -156.980842 12.788301 119.040626 4.104892 0.000711 0 0
 -93.568005 -156.802342 12.787552 119.049070 4.089566 0.000716 0 0
 -93.669953 -156.624406 12.786477 119.057782 4.073939 0.000741 0 0
 -93.771507 -156.447061 12.785265 119.066863 4.057972 0.000776 0 0
 -93.872721 -156.270471 12.784439 119.075459 4.043527 0.000737 0 0
 -93.973664 -156.094681 12.783390 119.082747 4.028844 0.000627 0 0
 -94.074295 -155.919483 12.782147 119.089769 4.013874 0.000607 0 0
 -94.174549 -155.744985 12.781226 119.096545 3.998583 0.000588 0 0
 -94.273657 -155.572529 12.780578 119.103053 3.983856 0.000571 0 0
 -94.373222 -155.399391 12.779632 119.109175 3.969044 0.000535 0 0
 -94.472411 -155.226870 12.778700 119.115567 3.952979 0.000561 0 0
 -94.571280 -155.055047 12.777874 119.121125 3.937989 0.000489 0 0
 -94.669710 -154.883963 12.777294 119.126507 3.923016 0.000476 0 0
 -94.767814 -154.713403 12.776370 119.132161 3.907871 0.000502 0 0
 -94.865704 -154.543630 12.775662 119.136014 3.893200 0.000343 0 0
 -94.962494 -154.375827 12.774846 119.139569 3.877881 0.000320 0 0
 -95.059633 -154.207423 12.774102 119.142547 3.864416 0.000267 0 0
 -95.156363 -154.039567 12.773339 119.146725 3.849880 0.000376 0 0
 -95.252796 -153.872490 12.773068 119.149948 3.835156 0.000292 0 0
 -95.348908 -153.706061 12.772325 119.153642 3.820703 0.000336 0 0
 -95.444748 -153.540342 12.771614 119.156686 3.804072 0.000278 0 0
 -95.540208 -153.375168 12.770819 119.160361 3.790103 0.000336 0 0
 -95.635233 -153.210539 12.769683 119.164835 3.776185 0.000411 0 0
 -95.729961 -153.046583 12.768886 119.168826 3.762113 0.000368 0 0
 -95.824414 -152.883188 12.768059 119.172514 3.748983 0.000341 0 0
 -95.918520 -152.720256 12.767150 119.176648 3.736342 0.000383 0 0
 -96.012319 -152.557929 12.766080 119.180412 3.723882 0.000350 0 0
 -96.105891 -152.396221 12.765262 119.183162 3.712765 0.000257 0 0
 -96.199201 -152.234945 12.764127 119.185560 3.701103 0.000225 0 0
 -96.292892 -152.072925 12.763002 119.187207 3.690661 0.000154 0 0
 -96.385390 -151.912519 12.762217 119.190437 3.679778 0.000304 0 0
 -96.477779 -151.752558 12.761136 119.191282 3.670920 0.000080 0 0
 -96.569894 -151.593048 12.760415 119.192232 3.661234 0.000090 0 0
 -96.661733 -151.433929 12.759437 119.192738 3.652196 0.000048 0 0
 -96.753337 -151.275147 12.758398 119.192522 3.645646 0.000021 0 0
 -96.844659 -151.116591 12.757092 119.192264 3.637847 0.000025 0 0
 -96.936346 -150.957074 12.755776 119.191312 3.633285 0.000090 0 0
 -97.027087 -150.799135 12.754892 119.188483 3.628261 0.000271 0 0
 -97.117594 -150.641252 12.753545 119.183500 3.624603 0.000478 0 0
 -97.207846 -150.483594 12.752537 119.175848 3.621288 0.000735 0 0
 -97.297979 -150.326175 12.751320 119.163131 3.617703 0.001224 0 0
 -97.388053 -150.168983 12.750236 119.145419 3.616386 0.001706 0 0
 -97.477881 -150.011741 12.748979 119.125332 3.614718 0.001936 0 0
 -97.567473 -149.854682 12.748171 119.100264 3.612352 0.002420 0 0
 -97.656933 -149.697718 12.747257 119.070859 3.611309 0.002841 0 0
 -97.746290 -149.540849 12.745949 119.036346 3.610962 0.003336 0 0
 -97.835493 -149.384087 12.744516 118.996202 3.610835 0.003885 0 0
 -97.924296 -149.227419 12.743743 118.950070 3.612283 0.004471 0 0
 -98.012723 -149.070650 12.742946 118.899347 3.613662 0.004919 0 0
 -98.101020 -148.913962 12.742071 118.841758 3.615162 0.005589 0 0
 -98.189257 -148.757397 12.740810 118.775569 3.616406 0.006428 0 0
 -98.277408 -148.600957 12.739390 118.701783 3.617884 0.007172 0 0
 -98.365172 -148.444523 12.738517 118.623250 3.619680 0.007642 0 0
 -98.452555 -148.287946 12.737481 118.539411 3.619713 0.008160 0 0
 -98.539507 -148.131336 12.736622 118.449228 3.619332 0.008787 0 0
 -98.626136 -147.974704 12.735661 118.353014 3.617475 0.009382 0 0
 -98.712471 -147.818084 12.734606 118.250125 3.617051 0.010041 0 0
 -98.798473 -147.661528 12.733573 118.139391 3.616024 0.010820 0 0
 -98.884135 -147.504919 12.732123 118.022087 3.614652 0.011469 0 0
 -98.969299 -147.348389 12.731052 117.899350 3.613537 0.012021 0 0
 -99.053997 -147.191741 12.729335 117.771167 3.611204 0.012563 0 0
 -99.138095 -147.035152 12.727857 117.636408 3.610331 0.013233 0 0
 -99.221548 -146.878493 12.726394 117.498202 3.607941 0.013590 0 0
 -99.304600 -146.722018 12.724971 117.352943 3.605016 0.014311 0 0
 -99.387019 -146.565659 12.723609 117.202514 3.600983 0.014854 0 0
 -99.468795 -146.409300 12.722145 117.048234 3.595558 0.015260 0 0
 -99.549923 -146.252973 12.720867 116.890144 3.590131 0.015666 0 0
 -99.630476 -146.096649 12.719218 116.728148 3.583132 0.016078 0 0
 -99.710429 -145.940414 12.717081 116.560612 3.576407 0.016661 0 0
 -99.789811 -145.784366 12.715128 116.387826 3.569804 0.017225 0 0
 -99.868451 -145.628290 12.712965 116.211274 3.562922 0.017631 0 0
 -99.946216 -145.472335 12.711096 116.029565 3.555793 0.018199 0 0
 -100.023240 -145.316456 12.709161 115.843785 3.547860 0.018649 0 0
 -100.099698 -145.160664 12.706680 115.652783 3.541587 0.019209 0 0
 -100.175673 -145.005098 12.703981 115.455725 3.535639 0.019866 0 0
 -100.250933 -144.849735 12.701390 115.252734 3.530850 0.020523 0 0
 -100.325376 -144.694395 12.698886 115.046481 3.525554 0.020898 0 0
 -100.399079 -144.539087 12.696348 114.836126 3.520464 0.021357 0 0
 -100.471950 -144.383884 12.693906 114.621127 3.512449 0.021885 0 0
 -100.544246 -144.228744 12.691210 114.401370 3.508305 0.022409 0 0
 -100.616002 -144.073758 12.688704 114.176463 3.501989 0.022984 0 0
 -100.687015 -143.918769 12.686351 113.948429 3.496779 0.023345 0 0
 -100.757173 -143.763717 12.683948 113.717105 3.492226 0.023723 0 0
 -100.826794 -143.608681 12.681091 113.480959 3.486686 0.024251 0 0
 -100.895784 -143.453615 12.678007 113.241486 3.484310 0.024626 0 0
 -100.964046 -143.298432 12.674623 112.998031 3.482638 0.025063 0 0
 -101.031675 -143.143257 12.671605 112.750910 3.481862 0.025480 0 0
 -101.098653 -142.987966 12.668620 112.501113 3.481079 0.025779 0 0
 -101.165489 -142.831369 12.665597 112.246351 3.479501 0.026115 0 0
 -101.231126 -142.675793 12.662755 111.991606 3.478221 0.026331 0 0
 -101.296120 -142.519942 12.659686 111.736373 3.477620 0.026381 0 0
 -101.360533 -142.363936 12.656881 111.479929 3.477356 0.026518 0 0
 -101.424217 -142.207590 12.653958 111.223176 3.477639 0.026544 0 0
 -101.487381 -142.050965 12.650827 110.964666 3.479178 0.026716 0 0
 -101.549889 -141.894054 12.647854 110.705324 3.479508 0.026799 0 0
 -101.612060 -141.735531 12.645022 110.444274 3.481864 0.026757 0 0
 -101.673086 -141.577809 12.642036 110.183991 3.482905 0.026862 0 0
 -101.733641 -141.419891 12.639177 109.921301 3.485369 0.027108 0 0
 -101.793617 -141.261678 12.636258 109.656592 3.486671 0.027305 0 0
 -101.852703 -141.102949 12.633113 109.391024 3.490244 0.027366 0 0
 -101.910982 -140.943834 12.630125 109.124238 3.490874 0.027479 0 0
 -101.968584 -140.784338 12.626873 108.855452 3.493467 0.027664 0 0
 -102.026049 -140.623346 12.623480 108.580820 3.496978 0.028040 0 0
 -102.082372 -140.463231 12.620144 108.305510 3.498617 0.028310 0 0
 -102.137868 -140.302764 12.617185 108.029244 3.502325 0.028398 0 0
 -102.192616 -140.141947 12.614272 107.751055 3.503558 0.028581 0 0
 -102.246411 -139.980724 12.611297 107.471458 3.505543 0.028712 0 0
 -102.299454 -139.819167 12.608094 107.189812 3.507639 0.028908 0 0
 -102.351778 -139.657342 12.604705 106.905217 3.509768 0.029206 0 0
 -102.403050 -139.495241 12.601870 106.618629 3.512053 0.029420 0 0
 -102.453373 -139.332696 12.598409 106.330409 3.513800 0.029563 0 0
 -102.503001 -139.170044 12.595057 106.037604 3.514849 0.030052 0 0
 -102.551837 -139.007115 12.591157 105.741560 3.515785 0.030377 0 0
 -102.599613 -138.843967 12.587479 105.442187 3.516140 0.030736 0 0
 -102.646416 -138.680627 12.584022 105.141105 3.515849 0.030927 0 0
 -102.692333 -138.517154 12.580670 104.837863 3.514022 0.031170 0 0
 -102.737303 -138.353551 12.577032 104.531718 3.510870 0.031492 0 0
 -102.781359 -138.189877 12.573551 104.224737 3.507910 0.031610 0 0
 -102.824476 -138.026062 12.569872 103.917447 3.504363 0.031661 0 0
 -102.866786 -137.862314 12.566539 103.609607 3.501205 0.031768 0 0
 -102.908151 -137.698634 12.563205 103.301387 3.496166 0.031864 0 0
 -102.948590 -137.534964 12.559729 102.993667 3.491269 0.031856 0 0
 -102.988033 -137.371288 12.556105 102.686969 3.485760 0.031794 0 0
 -103.026427 -137.207786 12.552702 102.380012 3.478775 0.031899 0 0
 -103.063974 -137.044484 12.549571 102.072701 3.473171 0.032010 0 0
 -103.100691 -136.881347 12.546371 101.764575 3.465928 0.032160 0 0
 -103.136680 -136.717252 12.543232 101.453986 3.457942 0.032268 0 0
 -103.171534 -136.554738 12.540218 101.144366 3.449969 0.032512 0 0
 -103.205553 -136.392501 12.537080 100.834663 3.441005 0.032608 0 0
 -103.238658 -136.230583 12.534166 100.526062 3.431960 0.032590 0 0
 -103.270823 -136.069078 12.531196 100.217994 3.421560 0.032651 0 0
 -103.302170 -135.908047 12.528727 99.910899 3.411652 0.032671 0 0
 -103.332480 -135.747281 12.526119 99.606825 3.399828 0.032440 0 0
 -103.361865 -135.586978 12.523964 99.304280 3.388186 0.032400 0 0
 -103.390183 -135.427155 12.521812 99.004135 3.376952 0.032274 0 0
 -103.417635 -135.267748 12.519395 98.704724 3.365522 0.032307 0 0
 -103.444238 -135.108842 12.517036 98.405361 3.355161 0.032429 0 0
 -103.469707 -134.950479 12.514635 98.106088 3.344200 0.032565 0 0
 -103.494186 -134.792587 12.512149 97.806422 3.333709 0.032734 0 0
 -103.517765 -134.635231 12.509873 97.505980 3.322113 0.032956 0 0
 -103.540482 -134.478281 12.507443 97.205279 3.309931 0.033094 0 0
 -103.562356 -134.321903 12.505097 96.903737 3.298125 0.033331 0 0
 -103.583401 -134.166038 12.503076 96.603406 3.284705 0.033328 0 0
 -103.603500 -134.010630 12.501167 96.305363 3.270789 0.033196 0 0
 -103.622499 -133.855694 12.499064 96.010696 3.258381 0.032947 0 0
 -103.640612 -133.701199 12.496942 95.718776 3.244329 0.032754 0 0
 -103.657800 -133.547122 12.494811 95.430325 3.231251 0.032473 0 0
 -103.674008 -133.393524 12.492709 95.145084 3.218356 0.032233 0 0
 -103.689378 -133.240339 12.490582 94.862554 3.204480 0.032030 0 0
 -103.703848 -133.087514 12.488286 94.582714 3.191354 0.031817 0 0
 -103.717414 -132.935122 12.486206 94.305244 3.177771 0.031653 0 0
 -103.729994 -132.783167 12.484018 94.030037 3.165261 0.031502 0 0
 -103.741849 -132.631656 12.481898 93.756165 3.152416 0.031452 0 0
 -103.753097 -132.480581 12.479663 93.482679 3.140037 0.031508 0 0
 -103.763576 -132.328764 12.477248 93.210065 3.127728 0.031266 0 0
 -103.773235 -132.178542 12.474710 92.940858 3.115297 0.031213 0 0
 -103.782165 -132.028746 12.472328 92.674467 3.103304 0.030983 0 0
 -103.790305 -131.878236 12.470237 92.410661 3.091314 0.030546 0 0
 -103.797693 -131.729279 12.468299 92.152600 3.078996 0.030200 0 0
 -103.804607 -131.580735 12.466284 91.897159 3.066647 0.029981 0 0
 -103.810949 -131.432608 12.464189 91.644634 3.053851 0.029727 0 0
 -103.816421 -131.283769 12.461990 91.394622 3.043299 0.029297 0 0
 -103.820991 -131.136486 12.459844 91.150080 3.032656 0.028965 0 0
 -103.825049 -130.989677 12.457764 90.906532 3.023743 0.028943 0 0
 -103.828621 -130.843326 12.455599 90.663653 3.014156 0.028956 0 0
 -103.831511 -130.697493 12.453442 90.422185 3.003924 0.028893 0 0
 -103.833765 -130.552041 12.450876 90.181868 2.994293 0.028833 0 0
 -103.835447 -130.407050 12.448191 89.942241 2.984478 0.028843 0 0
 -103.836458 -130.262609 12.445615 89.703525 2.975114 0.028844 0 0
 -103.836850 -130.118624 12.443226 89.466167 2.966359 0.028771 0 0
 -103.836716 -129.975115 12.440976 89.229615 2.957049 0.028769 0 0
 -103.836057 -129.830996 12.438365 88.991676 2.947219 0.028815 0 0
 -103.834834 -129.688456 12.435632 88.756534 2.938771 0.028791 0 0
 -103.833078 -129.546366 12.432785 88.521724 2.930328 0.028840 0 0
 -103.830693 -129.404817 12.430482 88.288783 2.922335 0.028718 0 0
 -103.827730 -129.263859 12.428447 88.056386 2.913201 0.028769 0 0
 -103.824375 -129.123341 12.426155 87.824074 2.903700 0.028846 0 0
 -103.820638 -128.983349 12.423915 87.591771 2.892701 0.028952 0 0
 -103.816274 -128.843845 12.421175 87.361047 2.882806 0.028852 0 0
 -103.811404 -128.704863 12.418643 87.131962 2.872791 0.028751 0 0
 -103.805924 -128.566327 12.416172 86.905963 2.863830 0.028450 0 0
 -103.799921 -128.428241 12.413787 86.682044 2.854743 0.028275 0 0
 -103.793445 -128.290703 12.411275 86.459532 2.844551 0.028205 0 0
 -103.786558 -128.153621 12.408643 86.237803 2.835005 0.028195 0 0
 -103.779086 -128.016953 12.405877 86.018118 2.824793 0.028013 0 0
 -103.771088 -127.879778 12.403384 85.797816 2.815643 0.027982 0 0
 -103.762750 -127.744127 12.400929 85.580074 2.805812 0.027962 0 0
 -103.753993 -127.609004 12.399035 85.364498 2.796692 0.027787 0 0
 -103.744643 -127.473304 12.397112 85.150201 2.786490 0.027497 0 0
 -103.734960 -127.339093 12.395086 84.939737 2.776164 0.027299 0 0
 -103.724989 -127.205387 12.393219 84.731073 2.766092 0.027163 0 0
 -103.714577 -127.072075 12.391152 84.524954 2.755979 0.026903 0 0
 -103.703538 -126.939261 12.389259 84.323497 2.746409 0.026383 0 0
 -103.692175 -126.806914 12.387563 84.124351 2.735614 0.026166 0 0
 -103.680453 -126.674966 12.385798 83.928456 2.726215 0.025810 0 0
 -103.668220 -126.542381 12.383710 83.734569 2.716722 0.025415 0 0
 -103.655656 -126.411230 12.381663 83.545889 2.707985 0.024995 0 0
 -103.642637 -126.280529 12.380079 83.361437 2.699961 0.024510 0 0
 -103.629050 -126.149177 12.378234 83.179528 2.692171 0.024043 0 0
 -103.615253 -126.019253 12.376616 83.001601 2.683687 0.023768 0 0
 -103.601151 -125.889676 12.374897 82.826148 2.675260 0.023494 0 0
 -103.586698 -125.760472 12.373247 82.653239 2.666861 0.023212 0 0
 -103.571742 -125.630626 12.371327 82.482360 2.658505 0.022818 0 0
 -103.556600 -125.502153 12.369524 82.315545 2.650581 0.022506 0 0
 -103.541088 -125.374077 12.367879 82.152269 2.642763 0.022089 0 0
 -103.524997 -125.245398 12.366186 81.992158 2.635615 0.021549 0 0
 -103.508650 -125.118039 12.364328 81.836989 2.628302 0.021091 0 0
 -103.492004 -124.991022 12.362469 81.684598 2.621580 0.020763 0 0
 -103.475085 -124.864315 12.360407 81.534376 2.614078 0.020510 0 0
 -103.457914 -124.738018 12.358510 81.386222 2.607885 0.020287 0 0
 -103.440405 -124.611980 12.356459 81.240723 2.601355 0.019957 0 0
 -103.422552 -124.486188 12.354169 81.097716 2.594667 0.019645 0 0
 -103.404351 -124.359853 12.352264 80.955746 2.588421 0.019413 0 0
 -103.386116 -124.234794 12.350367 80.816305 2.583125 0.019257 0 0
 -103.367524 -124.109968 12.348254 80.679612 2.578006 0.018904 0 0
 -103.348436 -123.984516 12.346097 80.544195 2.571628 0.018625 0 0
 -103.329246 -123.860331 12.343901 80.411117 2.566651 0.018484 0 0
 -103.309759 -123.736366 12.341481 80.279499 2.562538 0.018306 0 0
 -103.289983 -123.612614 12.338822 80.149219 2.558440 0.018144 0 0
 -103.269933 -123.489187 12.336492 80.020513 2.555060 0.017964 0 0
 -103.249636 -123.365943 12.333969 79.893211 2.552154 0.017788 0 0
 -103.229068 -123.242872 12.331291 79.767591 2.549693 0.017571 0 0
 -103.208171 -123.119070 12.328580 79.642085 2.547151 0.017447 0 0
 -103.187175 -122.996445 12.326292 79.519557 2.545148 0.017189 0 0
 -103.165876 -122.873970 12.324080 79.399410 2.542264 0.016868 0 0
 -103.144189 -122.750657 12.321571 79.280105 2.539621 0.016631 0 0
 -103.122559 -122.628380 12.318781 79.162380 2.536702 0.016547 0 0
 -103.100697 -122.506267 12.316129 79.046337 2.533982 0.016326 0 0
 -103.078500 -122.384272 12.313578 78.932798 2.532495 0.015981 0 0
 -103.055843 -122.261394 12.310610 78.820283 2.530728 0.015716 0 0
 -103.033100 -122.139565 12.307722 78.710853 2.528831 0.015411 0 0
 -103.010124 -122.017816 12.304735 78.603209 2.527906 0.015164 0 0
 -102.986759 -121.895205 12.301681 78.496514 2.527171 0.014919 0 0
 -102.963250 -121.773550 12.298492 78.393145 2.526328 0.014561 0 0
 -102.939510 -121.651953 12.295268 78.291419 2.524747 0.014331 0 0
 -102.915621 -121.530411 12.292059 78.190850 2.523130 0.014170 0 0
 -102.891471 -121.408927 12.288957 78.092525 2.521739 0.013855 0 0
 -102.867058 -121.287455 12.285663 77.996260 2.519290 0.013560 0 0
 -102.842503 -121.166080 12.282593 77.901657 2.516625 0.013334 0 0
 -102.817775 -121.044765 12.279490 77.808638 2.513415 0.013113 0 0
 -102.792774 -120.923511 12.276182 77.717820 2.510565 0.012803 0 0
 -102.767611 -120.802367 12.272922 77.627834 2.506557 0.012693 0 0
 -102.742051 -120.680397 12.269652 77.538109 2.503915 0.012566 0 0
 -102.716485 -120.559397 12.266290 77.449651 2.500717 0.012484 0 0
 -102.690730 -120.438399 12.262513 77.361707 2.498003 0.012408 0 0
 -102.664649 -120.316607 12.258943 77.273670 2.496018 0.012336 0 0
 -102.638597 -120.195814 12.255514 77.187757 2.494269 0.012134 0 0
 -102.612415 -120.075103 12.252163 77.103022 2.492605 0.011973 0 0
 -102.585881 -119.953543 12.248577 77.019376 2.490740 0.011733 0 0
 -102.559226 -119.832124 12.245025 76.937132 2.487534 0.011547 0 0
 -102.532556 -119.711745 12.241411 76.857646 2.485045 0.011252 0 0
 -102.505769 -119.591531 12.237801 76.779337 2.481324 0.011097 0 0
 -102.478637 -119.470683 12.234407 76.702139 2.475431 0.010878 0 0
 -102.451570 -119.350991 12.231000 76.626725 2.468442 0.010726 0 0
 -102.424568 -119.231555 12.227422 76.550956 2.459435 0.010800 0 0
 -102.397486 -119.111550 12.223650 76.473760 2.449992 0.010952 0 0
 -102.370249 -118.991881 12.219617 76.397729 2.439533 0.010812 0 0
 -102.343226 -118.873605 12.215787 76.321919 2.427757 0.010906 0 0
 -102.316054 -118.755018 12.212075 76.245173 2.416017 0.011010 0 0
 -102.288880 -118.636889 12.207853 76.167996 2.403287 0.011113 0 0
 -102.261661 -118.519385 12.203630 76.091090 2.389272 0.011128 0 0
 -102.234643 -118.403475 12.199484 76.014889 2.374571 0.011175 0 0
 -102.207387 -118.287468 12.195249 75.939033 2.359041 0.011110 0 0
 -102.180330 -118.173089 12.190843 75.864786 2.341922 0.011025 0 0
 -102.153280 -118.059506 12.186403 75.791590 2.323960 0.010941 0 0
 -102.126110 -117.945964 12.182022 75.718513 2.306052 0.010925 0 0
 -102.099248 -117.834086 12.177363 75.646111 2.287302 0.010983 0 0
 -102.072429 -117.722963 12.172617 75.574128 2.269413 0.010990 0 0
 -102.045602 -117.612590 12.167851 75.503178 2.251753 0.010902 0 0
 -102.018894 -117.503090 12.163189 75.432422 2.234165 0.010957 0 0
 -101.992386 -117.394289 12.158442 75.361128 2.217537 0.011112 0 0
 -101.966025 -117.286213 12.153856 75.289938 2.201949 0.011169 0 0
 -101.939640 -117.178736 12.148752 75.219339 2.186793 0.011134 0 0
 -101.913329 -117.072059 12.143799 75.149165 2.173495 0.011147 0 0
 -101.887039 -116.966036 12.138953 75.079898 2.161421 0.011067 0 0
 -101.860590 -116.860591 12.134068 75.012935 2.151379 0.010751 0 0
 -101.834091 -116.755782 12.129224 74.947739 2.141410 0.010526 0 0
 -101.806440 -116.646915 12.124540 74.880859 2.132169 0.010392 0 0
 -101.778560 -116.537687 12.119712 74.815047 2.123691 0.010189 0 0
 -101.749699 -116.425136 12.114938 74.748748 2.115133 0.009959 0 0
 -101.719363 -116.307748 12.110323 74.682226 2.106534 0.009576 0 0
 -101.687813 -116.186217 12.105559 74.615328 2.099281 0.009299 0 0
 -101.656100 -116.064261 12.100935 74.549391 2.092185 0.009133 0 0
 -101.623419 -115.938886 12.096082 74.482543 2.086380 0.009005 0 0
 -101.589396 -115.808714 12.091412 74.412563 2.080972 0.009078 0 0
 -101.554179 -115.674494 12.086866 74.341351 2.074570 0.008957 0 0
 -101.517864 -115.536415 12.082596 74.270202 2.066174 0.008698 0 0
 -101.480199 -115.394599 12.078449 74.200542 2.057120 0.008286 0 0
 -101.442347 -115.252627 12.074428 74.131614 2.046172 0.008188 0 0
 -101.403333 -115.107201 12.070703 74.062173 2.034003 0.008049 0 0
 -101.364393 -114.962491 12.066991 73.993507 2.021401 0.007997 0 0
 -101.324211 -114.814478 12.063373 73.926679 2.006233 0.007605 0 0
 -101.282884 -114.662618 12.060039 73.863332 1.988195 0.007025 0 0
 -101.240679 -114.507736 12.057316 73.806044 1.969599 0.006229 0 0
 -101.197468 -114.350022 12.054718 73.757947 1.949657 0.005133 0 0
 -101.153199 -114.188840 12.052308 73.718572 1.928044 0.004111 0 0
 -101.108132 -114.025021 12.050485 73.688599 1.904762 0.003079 0 0
 -101.062273 -113.858888 12.049029 73.671301 1.879610 0.001752 0 0
 -101.016745 -113.694946 12.047782 73.670052 1.854369 0.000128 0 0
 -100.970545 -113.528914 12.046793 73.684544 1.828270 0.001468 0 0
 -100.924887 -113.365200 12.045893 73.715947 1.801763 0.003225 0 0
 -100.880083 -113.204110 12.045495 73.763381 1.774514 0.004951 0 0
 -100.836054 -113.044968 12.045573 73.826043 1.745451 0.006623 0 0
 -100.791949 -112.884713 12.045703 73.902333 1.715271 0.008011 0 0
 -100.748660 -112.726811 12.046505 73.996989 1.683113 0.010090 0 0
 -100.706571 -112.572478 12.047564 74.111156 1.649461 0.012456 0 0
 -100.665415 -112.420552 12.048760 74.245543 1.615933 0.014901 0 0
 -100.625449 -112.271826 12.050103 74.399275 1.582766 0.017423 0 0
 -100.586840 -112.126048 12.051705 74.569729 1.548974 0.019728 0 0
 -100.548462 -111.979387 12.053690 74.758664 1.514217 0.021752 0 0
 -100.511419 -111.835699 12.055829 74.966415 1.478950 0.024436 0 0
 -100.474619 -111.691220 12.058052 75.193829 1.443388 0.026622 0 0
 -100.439228 -111.549767 12.060465 75.438872 1.409191 0.029331 0 0
 -100.405215 -111.411655 12.062893 75.700419 1.375521 0.032093 0 0
 -100.372365 -111.276251 12.065251 75.976831 1.342015 0.034625 0 0
 -100.340646 -111.142000 12.067549 76.273554 1.306673 0.037542 0 0
 -100.310115 -111.009442 12.069706 76.588489 1.271024 0.040408 0 0
 -100.280612 -110.877826 12.071678 76.922752 1.235433 0.043252 0 0
 -100.252401 -110.747889 12.073796 77.275972 1.200595 0.046365 0 0
 -100.225533 -110.619174 12.076113 77.646383 1.164654 0.049167 0 0
 -100.200212 -110.492314 12.078327 78.030559 1.128134 0.051832 0 0
 -100.176198 -110.366892 12.080560 78.429766 1.091731 0.054561 0 0
 -100.153573 -110.243520 12.082593 78.845238 1.055718 0.057812 0 0
 -100.132268 -110.122162 12.084498 79.277432 1.021821 0.061220 0 0
 -100.112074 -110.000523 12.086386 79.733261 0.990039 0.064521 0 0
 -100.093291 -109.880386 12.088198 80.201987 0.961819 0.067278 0 0
 -100.075696 -109.760933 12.090014 80.686409 0.936911 0.070024 0 0
 -100.059414 -109.642592 12.091794 81.184415 0.915435 0.072762 0 0
 -100.044397 -109.524376 12.093440 81.699623 0.897211 0.075459 0 0
 -100.030608 -109.405717 12.094943 82.231847 0.882017 0.077760 0 0
 -100.018085 -109.287066 12.096348 82.779280 0.869777 0.080081 0 0
 -100.006836 -109.167378 12.097773 83.345244 0.860436 0.082168 0 0
 -99.996938 -109.046781 12.099460 83.928947 0.853320 0.084193 0 0
 -99.988340 -108.924531 12.101043 84.531853 0.848157 0.085864 0 0
 -99.981232 -108.800774 12.102699 85.153017 0.844977 0.087458 0 0
 -99.975715 -108.675199 12.104346 85.793452 0.844392 0.088926 0 0
 -99.972247 -108.549720 12.106047 86.445914 0.848479 0.090719 0 0
 -99.970747 -108.423854 12.107790 87.110350 0.855226 0.092128 0 0
 -99.970960 -108.299352 12.109651 87.774889 0.864148 0.093158 0 0
 -99.973053 -108.173419 12.111497 88.450248 0.876091 0.093587 0 0
 -99.976594 -108.048433 12.113220 89.121854 0.890615 0.093746 0 0
 -99.981453 -107.923781 12.115100 89.793979 0.906986 0.094037 0 0
 -99.987516 -107.799594 12.117058 90.465420 0.924274 0.094252 0 0
 -99.994805 -107.675267 12.119119 91.138548 0.942980 0.094333 0 0
 -100.003323 -107.550744 12.121315 91.814802 0.962068 0.094564 0 0
 -100.013071 -107.428099 12.123806 92.486449 0.980031 0.095280 0 0
 -100.023991 -107.305350 12.126002 93.166973 0.998050 0.096380 0 0
 -100.036186 -107.182871 12.128566 93.854891 1.015833 0.097547 0 0
 -100.049568 -107.060872 12.131208 94.548186 1.032217 0.098592 0 0
 -100.064286 -106.939652 12.133656 95.244819 1.047159 0.099570 0 0
 -100.080110 -106.819458 12.136105 95.942885 1.061338 0.100499 0 0
 -100.097236 -106.699684 12.138463 96.644853 1.074990 0.101260 0 0
 -100.115698 -106.580798 12.140692 97.347954 1.087798 0.101998 0 0
 -100.135343 -106.463430 12.142871 98.049264 1.100123 0.102857 0 0
 -100.156352 -106.347353 12.145120 98.751975 1.112370 0.103971 0 0
 -100.178580 -106.233102 12.147337 99.453104 1.124136 0.105135 0 0
 -100.202122 -106.120440 12.149684 100.153922 1.134587 0.106273 0 0
 -100.226782 -106.009929 12.152136 100.850241 1.143731 0.107332 0 0
 -100.252753 -105.901018 12.154711 101.546442 1.152196 0.108525 0 0
 -100.280289 -105.791881 12.157217 102.252635 1.160092 0.109503 0 0
 -100.308904 -105.685359 12.159631 102.954015 1.167227 0.110985 0 0
 -100.339221 -105.578393 12.162047 103.668125 1.173997 0.112103 0 0
 -100.371073 -105.471851 12.164280 104.389690 1.180776 0.113251 0 0
 -100.404771 -105.364993 12.166477 105.122847 1.188641 0.114204 0 0
 -100.440311 -105.258266 12.168674 105.864126 1.196263 0.115014 0 0
 -100.477501 -105.152024 12.170767 106.609183 1.203878 0.115524 0 0
 -100.516587 -105.045394 12.172602 107.361955 1.212350 0.115687 0 0
 -100.557271 -104.939327 12.174710 108.113808 1.219057 0.115511 0 0
 -100.599788 -104.833361 12.176527 108.865532 1.224136 0.114910 0 0
 -100.644209 -104.727274 12.178343 109.618482 1.228263 0.114262 0 0
 -100.690009 -104.621880 12.180224 110.368186 1.231545 0.113864 0 0
 -100.737567 -104.516630 12.182139 111.120322 1.233493 0.113659 0 0
 -100.786370 -104.412389 12.184133 111.870133 1.233919 0.113699 0 0
 -100.836533 -104.308960 12.186143 112.619602 1.232175 0.113793 0 0
 -100.887893 -104.206444 12.188090 113.366979 1.228447 0.113761 0 0
 -100.940379 -104.105011 12.189966 114.110540 1.222483 0.113632 0 0
 -100.995345 -104.002671 12.192017 114.866287 1.214389 0.113546 0 0
 -101.052505 -103.900053 12.193949 115.629553 1.203654 0.113410 0 0
 -101.111583 -103.797226 12.195760 116.398387 1.191203 0.113152 0 0
 -101.172406 -103.694562 12.197413 117.170266 1.176316 0.112897 0 0
 -101.234839 -103.592387 12.199012 117.944206 1.160697 0.112810 0 0
 -101.298925 -103.490625 12.200497 118.721875 1.142760 0.112862 0 0
 -101.364314 -103.389929 12.201954 119.498425 1.122726 0.112884 0 0
 -101.430996 -103.290124 12.203559 120.274848 1.100687 0.112897 0 0
 -101.498583 -103.191766 12.205234 121.046616 1.076471 0.112869 0 0
 -101.567857 -103.093871 12.206943 121.822268 1.049999 0.112883 0 0
 -101.638765 -102.996380 12.208721 122.601948 1.021314 0.112882 0 0
 -101.710835 -102.899985 12.210526 123.380148 0.990489 0.112848 0 0
 -101.784055 -102.804516 12.212344 124.158192 0.958185 0.112866 0 0
 -101.858113 -102.710449 12.214144 124.931645 0.926177 0.112757 0 0
 -101.932994 -102.617716 12.215835 125.700493 0.894481 0.112583 0 0
 -102.009074 -102.525904 12.217647 126.469413 0.863286 0.112550 0 0
 -102.085999 -102.435452 12.219359 127.234386 0.833141 0.112442 0 0
 -102.164064 -102.346030 12.221078 127.998064 0.803583 0.112286 0 0
 -102.242945 -102.258081 12.222895 128.757847 0.774575 0.112245 0 0
 -102.323303 -102.170756 12.224494 129.523637 0.743320 0.112626 0 0
 -102.405018 -102.084482 12.226035 130.289928 0.707962 0.112551 0 0
 -102.478696 -102.007710 12.226551 130.989509 0.645235 0.114748 0 0
 -102.544411 -101.940059 12.226938 131.625430 0.583758 0.117681 0 0
 -102.602275 -101.881000 12.227233 132.206901 0.522549 0.122743 0 0
 -102.652451 -101.830319 12.227374 132.737318 0.462418 0.129806 0 0
 -102.694838 -101.788107 12.227401 133.220420 0.401819 0.140952 0 0
 -102.729830 -101.753636 12.227337 133.659753 0.341247 0.156104 0 0
 -102.757165 -101.727018 12.227050 134.059123 0.281154 0.182690 0 0
 -102.776889 -101.708149 12.226466 134.422580 0.221255 0.232398 0 0
 -102.788764 -101.697200 12.225631 134.754469 0.160638 0.358634 0 0
 -102.792583 -101.694364 12.224700 135.048668 0.100804 1.079319 0 0
 -102.788415 -101.699429 12.223579 135.308344 0.042282 0.690925 0 0
 -102.776320 -101.712163 12.222305 135.537248 -0.015058 0.227483 0 0
 -102.756478 -101.732412 12.220829 135.739846 -0.071913 0.124726 0 0
 -102.728738 -101.760072 12.219206 135.922199 -0.129901 0.081245 0 0
 -102.692746 -101.795395 12.217442 136.086169 -0.188418 0.056749 0 0
 -102.648434 -101.838378 12.215503 136.229991 -0.247348 0.040661 0 0
 -102.595794 -101.888843 12.213529 136.357387 -0.307503 0.030491 0 0
 -102.534821 -101.946755 12.211393 136.469728 -0.367577 0.023316 0 0
 -102.465609 -102.011941 12.208932 136.568350 -0.426726 0.018104 0 0
 -102.387634 -102.084755 12.206438 136.649472 -0.483529 0.013271 0 0
 -102.301875 -102.164025 12.203921 136.711716 -0.535019 0.009302 0 0
 -102.216303 -102.242815 12.202037 136.807461 -0.556959 0.014366 0 0
 -102.130851 -102.321225 12.200159 136.933913 -0.577520 0.019030 0 0
 -102.045660 -102.399312 12.198297 137.085661 -0.597300 0.022918 0 0
 -101.960406 -102.477288 12.196451 137.258672 -0.615917 0.026136 0 0
 -101.875417 -102.554610 12.194579 137.449451 -0.633444 0.028980 0 0
 -101.790070 -102.631915 12.192744 137.655133 -0.649601 0.031174 0 0
 -101.704616 -102.708864 12.191018 137.872026 -0.664319 0.032919 0 0
 -101.619054 -102.785415 12.189331 138.096209 -0.678018 0.034081 0 0
 -101.533673 -102.861249 12.187645 138.324379 -0.690230 0.034873 0 0
 -101.447666 -102.937094 12.185943 138.553540 -0.701276 0.034879 0 0
 -101.361152 -103.012846 12.184275 138.781392 -0.711569 0.034583 0 0
 -101.274275 -103.088475 12.182560 139.004500 -0.721228 0.033806 0 0
 -101.186998 -103.163915 12.180845 139.218886 -0.729797 0.032435 0 0
 -101.099386 -103.239061 12.179074 139.420355 -0.737299 0.030464 0 0
 -101.011953 -103.313446 12.177319 139.606951 -0.744220 0.028370 0 0
 -100.924348 -103.387379 12.175653 139.777351 -0.750584 0.025944 0 0
 -100.836654 -103.460873 12.174069 139.928543 -0.755866 0.023063 0 0
 -100.748868 -103.533866 12.172421 140.059493 -0.761409 0.020019 0 0
 -100.660909 -103.606373 12.170894 140.169253 -0.767119 0.016806 0 0
 -100.572837 -103.678420 12.169398 140.254431 -0.772170 0.013065 0 0
 -100.483570 -103.751026 12.167806 140.319459 -0.777667 0.009863 0 0
 -100.393122 -103.824272 12.166288 140.365457 -0.783998 0.006898 0 0
 -100.301801 -103.898013 12.164706 140.394206 -0.790652 0.004275 0 0
 -100.209367 -103.972454 12.163077 140.406637 -0.796829 0.001828 0 0
 -100.115887 -104.047688 12.161463 140.402953 -0.802953 0.000536 0 0
 -100.021204 -104.123906 12.159867 140.383415 -0.809025 0.002805 0 0
 -99.925600 -104.200934 12.158229 140.348734 -0.814965 0.004930 0 0
 -99.829132 -104.278733 12.156631 140.301254 -0.820879 0.006687 0 0
 -99.731834 -104.357156 12.155063 140.242821 -0.826203 0.008161 0 0
 -99.633786 -104.436184 12.153594 140.173465 -0.830741 0.009612 0 0
 -99.535424 -104.515686 12.152109 140.093624 -0.835421 0.011018 0 0
 -99.436515 -104.595856 12.150615 140.004926 -0.840116 0.012159 0 0
 -99.337050 -104.676621 12.149141 139.910095 -0.844591 0.012918 0 0
 -99.237070 -104.757977 12.147651 139.810233 -0.848978 0.013522 0 0
 -99.136664 -104.839999 12.146156 139.705223 -0.853362 0.014136 0 0
 -99.035568 -104.922815 12.144730 139.595738 -0.857288 0.014622 0 0
 -98.934096 -105.006246 12.143268 139.482948 -0.861221 0.014985 0 0
 -98.832276 -105.090297 12.141703 139.367699 -0.865494 0.015235 0 0
 -98.730096 -105.174958 12.140129 139.250038 -0.869443 0.015476 0 0
 -98.627866 -105.259965 12.138648 139.130559 -0.872779 0.015684 0 0
 -98.525379 -105.345502 12.137228 139.010965 -0.875712 0.015636 0 0
 -98.422666 -105.431453 12.135968 138.893398 -0.878119 0.015321 0 0
 -98.319873 -105.517766 12.134744 138.777541 -0.879620 0.015065 0 0
 -98.216876 -105.604638 12.133532 138.662640 -0.880278 0.014883 0 0
 -98.114026 -105.691824 12.132260 138.549669 -0.880836 0.014624 0 0
 -98.011332 -105.779218 12.130937 138.440179 -0.881244 0.014171 0 0
 -97.908868 -105.866772 12.129544 138.335567 -0.880834 0.013547 0 0
 -97.806920 -105.954232 12.128163 138.236870 -0.880286 0.012824 0 0
 -97.705261 -106.041748 12.126832 138.144978 -0.879447 0.011956 0 0
 -97.604018 -106.129349 12.125538 138.059887 -0.878054 0.011093 0 0
 -97.503233 -106.216942 12.124256 137.983564 -0.876890 0.009976 0 0
 -97.402592 -106.304592 12.122874 137.917893 -0.875628 0.008588 0 0
 -97.302348 -106.392080 12.121533 137.863703 -0.874043 0.007108 0 0
 -97.202615 -106.479507 12.120135 137.819195 -0.872919 0.005857 0 0
 -97.103293 -106.566739 12.118781 137.786904 -0.871647 0.004263 0 0
 -97.004292 -106.653584 12.117541 137.769658 -0.869676 0.002286 0 0
 -96.906033 -106.739951 12.116328 137.765842 -0.867028 0.000509 0 0
 -96.808288 -106.826021 12.115232 137.775174 -0.864137 0.001251 0 0
 -96.711090 -106.911694 12.114117 137.798766 -0.861085 0.003178 0 0
 -96.614429 -106.996927 12.113085 137.836434 -0.857386 0.005101 0 0
 -96.518081 -107.081903 12.111897 137.885783 -0.853726 0.006704 0 0
 -96.422279 -107.166340 12.110695 137.945188 -0.849738 0.008119 0 0
 -96.327025 -107.250166 12.109446 138.014125 -0.845506 0.009482 0 0
 -96.232327 -107.333458 12.108289 138.092375 -0.841059 0.010829 0 0
 -96.138359 -107.415926 12.107205 138.178808 -0.836414 0.012066 0 0
 -96.044842 -107.497722 12.106265 138.272087 -0.831983 0.013104 0 0
 -95.951690 -107.578749 12.105423 138.371172 -0.827071 0.014007 0 0
 -95.858947 -107.659142 12.104680 138.473141 -0.822424 0.014500 0 0
 -95.766297 -107.739087 12.104056 138.576252 -0.818026 0.014706 0 0
 -95.673903 -107.818458 12.103387 138.678066 -0.814566 0.014589 0 0
 -95.581637 -107.897338 12.102674 138.776342 -0.811722 0.014130 0 0
 -95.489411 -107.975905 12.101919 138.868373 -0.810194 0.013258 0 0
 -95.397042 -108.054344 12.101259 138.953432 -0.809918 0.012251 0 0
 -95.304642 -108.132529 12.100583 139.031437 -0.810783 0.011248 0 0
 -95.211706 -108.210697 12.099856 139.101809 -0.812945 0.010114 0 0
 -95.118138 -108.289051 12.099162 139.161011 -0.815875 0.008467 0 0
 -95.023947 -108.367788 12.098437 139.208636 -0.820113 0.006771 0 0
 -94.928799 -108.447247 12.097683 139.247310 -0.825975 0.005445 0 0
 -94.832914 -108.527393 12.096825 139.275255 -0.832544 0.003903 0 0
 -94.736133 -108.608227 12.095970 139.291404 -0.839384 0.002235 0 0
 -94.638430 -108.689780 12.095126 139.295446 -0.846446 0.000554 0 0
 -94.540087 -108.771856 12.094385 139.289746 -0.853409 0.000777 0 0
 -94.442469 -108.853191 12.093789 139.277887 -0.860401 0.001629 0 0
 -94.344019 -108.935430 12.093180 139.257996 -0.867061 0.002706 0 0
 -94.246291 -109.017111 12.092545 139.230915 -0.874381 0.003711 0 0
 -94.147638 -109.099682 12.091900 139.196578 -0.882252 0.004658 0 0
 -94.048061 -109.183186 12.091133 139.155340 -0.889352 0.005538 0 0
 -93.947652 -109.267664 12.090424 139.107426 -0.896261 0.006373 0 0
 -93.846407 -109.352819 12.089849 139.055177 -0.902332 0.006893 0 0
 -93.744539 -109.438611 12.089319 138.998053 -0.907631 0.007486 0 0
 -93.642184 -109.525020 12.088928 138.936106 -0.911481 0.008072 0 0
 -93.539814 -109.611523 12.088612 138.870890 -0.913689 0.008493 0 0
 -93.437345 -109.698104 12.088395 138.803973 -0.913320 0.008706 0 0
 -93.335079 -109.784614 12.088125 138.734295 -0.911164 0.009079 0 0
 -93.232995 -109.871052 12.087823 138.660722 -0.906996 0.009600 0 0
 -93.131587 -109.957094 12.087803 138.585745 -0.900362 0.009840 0 0
 -93.031180 -110.042665 12.087847 138.511228 -0.893005 0.009858 0 0
 -92.931839 -110.127605 12.087874 138.436268 -0.883469 0.010010 0 0
 -92.833868 -110.211489 12.087861 138.359559 -0.872154 0.010380 0 0
 -92.737060 -110.294148 12.087979 138.284451 -0.859442 0.010298 0 0
 -92.641663 -110.375498 12.088176 138.212486 -0.845386 0.010018 0 0
 -92.547851 -110.455513 12.088392 138.143684 -0.830736 0.009739 0 0
 -92.454268 -110.535467 12.088740 138.076361 -0.815143 0.009546 0 0
 -92.360048 -110.616569 12.089077 138.007821 -0.798642 0.009622 0 0
 -92.266933 -110.697133 12.089609 137.941445 -0.782181 0.009409 0 0
 -92.173395 -110.778350 12.090336 137.880071 -0.764461 0.008647 0 0
 -92.081026 -110.858925 12.091371 137.823973 -0.745383 0.007988 0 0
 -91.990191 -110.938495 12.092665 137.771290 -0.725961 0.007614 0 0
 -91.900820 -111.016866 12.094043 137.723692 -0.706921 0.006989 0 0
 -91.812754 -111.094343 12.095491 137.680721 -0.688601 0.006394 0 0
 -91.726061 -111.170838 12.097129 137.644449 -0.670441 0.005476 0 0
 -91.639979 -111.247071 12.098811 137.615797 -0.652592 0.004349 0 0
 -91.553933 -111.323553 12.100646 137.595532 -0.635968 0.003072 0 0
 -91.468277 -111.400076 12.102387 137.584380 -0.619904 0.001695 0 0
 -91.382898 -111.476649 12.104168 137.581503 -0.603325 0.000438 0 0
 -91.298037 -111.553107 12.106068 137.586183 -0.586608 0.000715 0 0
 -91.213918 -111.629133 12.107753 137.597664 -0.569171 0.001767 0 0
 -91.129941 -111.705054 12.108420 137.615419 -0.549129 0.002737 0 0
 -91.046427 -111.780519 12.108229 137.637169 -0.528765 0.003372 0 0
 -90.962795 -111.856094 12.108174 137.660154 -0.509398 0.003559 0 0
 -90.879408 -111.931184 12.107983 137.682430 -0.491880 0.003465 0 0
 -90.795930 -112.006114 12.107826 137.701214 -0.475238 0.002923 0 0
 -90.712351 -112.081055 12.107888 137.713649 -0.457312 0.001933 0 0
 -90.629668 -112.154622 12.108591 137.718780 -0.437720 0.000809 0 0
 -90.547300 -112.227174 12.109701 137.716617 -0.417597 0.000344 0 0
 -90.465359 -112.301018 12.110775 137.749653 -0.400107 0.005227 0 0
 -90.383186 -112.374150 12.110969 137.781438 -0.384662 0.005043 0 0
 -90.300029 -112.448029 12.110408 137.814811 -0.367847 0.005236 0 0
 -90.215851 -112.522637 12.108282 137.841702 -0.348075 0.004172 0 0
 -90.133999 -112.594524 12.104592 137.853498 -0.324682 0.001890 0 0
 -90.053936 -112.663371 12.099505 137.839016 -0.299411 0.002394 0 0
 -89.972812 -112.730766 12.094927 137.787321 -0.279860 0.008555 0 0
 -89.891126 -112.795748 12.097950 137.685489 -0.269090 0.017027 0 0
 -89.808963 -112.860929 12.105357 137.529083 -0.230217 0.026029 0 0
 -89.725556 -112.925427 12.116867 137.325470 -0.186392 0.033705 0 0
