2.15513
2.15709
2.15906
2.13514
2.0742
1.99566
1.91524
1.84091
1.77136
1.70185
1.62919
1.55323
1.47694
1.40569
1.34218
1.28414
1.2282
1.17222
1.11481
1.06305
1.01484
0.969602
0.941905
0.937963
0.957112
0.995234
1.04722
1.1082
1.17417
1.24234
1.31106
1.37956
1.44746
1.5142
1.57868
1.639
1.69246
1.73562
1.76462
1.77718
1.77731
1.77488
1.77442
1.59642
1.59651
1.59328
1.58794
1.59866
1.64015
1.70356
1.77323
1.84181
1.90771
1.97248
2.03887
2.10899
2.18248
2.25583
2.32517
2.39068
2.44993
2.50888
2.57305
2.63266
2.67539
2.68993
2.67218
2.62827
2.56492
2.49478
2.42864
2.36368
2.29563
2.22088
2.13859
2.05024
1.95828
1.86511
1.77267
1.68236
1.59512
1.51156
1.43192
1.35614
1.2838
1.21425
1.14672
1.08043
1.01472
0.949146
0.883426
0.817444
0.751166
0.684611
0.617846
0.551012
0.484323
0.418002
0.352186
0.286849
0.221794
0.156736
0.0914148
0.0256787
6.24272
6.1763
6.10963
6.04267
5.97564
5.90924
5.84398
5.7796
5.71524
5.65021
5.58436
5.51792
5.4511
5.38403
5.31679
5.24964
5.18223
5.11863
5.05625
4.99037
4.92376
4.85685
4.79087
4.72872
4.67417
4.63017
4.5979
4.57672
4.56479
4.55975
4.5592
4.56102
4.5636
4.56592
4.56755
4.56861
4.56953
4.57087
4.57309
4.57625
4.57987
4.58278
4.58312
4.57844
4.56626
4.5446
4.51265
4.47095
4.42109
4.3651
4.30486
4.24177
4.17676
4.11039
4.04305
3.97508
3.90685
3.83866
3.77076
3.70326
3.63618
3.56943
3.50287
3.4364
3.36992
3.30339
3.23681
3.17017
3.10348
3.03675
2.96999
2.90324
2.83656
2.77
2.70359
2.63727
2.57092
2.50432
2.43733
2.36987
2.30206
2.23413
2.16636
2.09893
2.03187
1.96513
1.8988
1.83342
1.77025
1.71146
1.66009
1.61977
1.59404
1.58403
1.58475
1.58702
1.58738
1.59642
1.59447
1.59241
1.61619
1.67754
1.75711
1.8382
1.91177
1.97883
2.04472
2.11443
2.1898
2.26929
2.34852
2.4218
2.48769
2.55091
2.61425
2.67368
2.72991
2.77375
2.78795
2.77033
2.72318
2.65934
2.59315
2.52719
2.46109
2.39153
2.31552
2.23236
2.14345
2.05103
1.95724
1.86367
1.77151
1.68162
1.59474
1.51139
1.43187
1.35614
1.28382
1.21427
1.14673
1.08043
1.01473
0.949164
0.883445
0.817424
0.751063
0.68442
0.617655
0.551
0.484693
0.418876
0.353525
0.288451
0.223377
0.158044
0.0923093
0.0261874
6.24296
6.17626
6.10926
6.04229
5.97597
5.91073
5.84627
5.78184
5.71681
5.651
5.58458
5.51777
5.45068
5.38351
5.31588
5.25198
5.18934
5.12337
5.057
4.99037
4.92361
4.85793
4.79609
4.74157
4.69723
4.66436
4.64259
4.63037
4.62564
4.62632
4.63056
4.63679
4.64346
4.64883
4.65069
4.64642
4.63342
4.60986
4.57541
4.53135
4.48001
4.42381
4.36457
4.30331
4.24041
4.17596
4.11004
4.04288
3.97488
3.90653
3.83829
3.77045
3.70313
3.63626
3.56969
3.50326
3.43684
3.37035
3.3038
3.23719
3.17053
3.10381
3.03704
2.97023
2.90343
2.83676
2.77031
2.70411
2.63806
2.57186
2.50515
2.43764
2.3693
2.30051
2.23193
2.16428
2.09805
2.03328
1.96959
1.90647
1.84372
1.78208
1.72364
1.67203
1.63187
1.60734
1.59902
1.60058
1.60283
1.60308
1.59642
1.59447
1.59242
1.61617
1.67733
1.75675
1.8382
1.91299
1.9818
2.04914
2.11856
2.19043
2.26226
2.33186
2.39355
2.45158
2.51313
2.57633
2.64165
2.70779
2.77005
2.82126
2.85466
2.86643
2.85644
2.82673
2.78023
2.7213
2.65596
2.58978
2.52497
2.46067
2.39551
2.32978
2.26623
2.20977
2.16611
2.14008
2.13462
2.15044
2.18573
2.23639
2.29706
2.36274
2.43007
2.49744
2.56445
2.6312
2.69783
2.76442
2.83099
2.89759
2.96421
3.03087
3.09754
3.16422
3.23089
3.29756
3.36422
3.43088
3.49756
3.56425
3.63096
3.69765
3.7643
3.83089
3.89741
3.96396
4.03061
4.09745
4.16448
4.23169
4.2988
4.36512
4.42979
4.49246
4.55374
4.61472
4.67606
4.73736
4.79742
4.85496
4.90943
4.96131
5.01198
5.06308
5.11599
5.17149
5.22977
5.29061
5.35362
5.41831
5.48418
5.55071
5.61742
5.68398
5.75022
5.81612
5.88182
5.94749
6.01329
6.07931
6.14558
6.21208
6.27872
0.0622406
0.128932
0.195578
0.262196
0.328852
0.395633
0.462597
0.529714
0.596833
0.663693
0.730008
0.795605
0.86058
0.924849
0.993323
1.06365
1.13094
1.19419
1.25763
1.32603
1.3943
1.45831
1.51501
1.56238
1.59786
1.61754
1.62118
1.61862
1.61775
1.59642
1.59448
1.59236
1.61588
1.6773
1.75731
1.83764
1.90706
1.97111
2.03553
2.0982
2.1596
2.21991
2.27976
2.3408
2.40398
2.46849
2.53155
2.59052
2.64276
2.68208
2.70302
2.70485
2.68966
2.66069
2.62169
2.57644
2.5282
2.47916
2.43011
2.3806
2.32932
2.27491
2.21672
2.15551
2.09389
2.03611
1.98732
1.95241
1.93503
1.93702
1.95755
1.99609
2.05092
2.11475
2.18088
2.24723
2.31368
2.3804
2.44729
2.51412
2.5808
2.64739
2.71397
2.78058
2.84723
2.9139
2.98057
3.04723
3.11389
3.18054
3.24721
3.31391
3.38064
3.44738
3.51409
3.58069
3.64715
3.7135
3.77985
3.84642
3.9134
3.98084
4.04858
4.11626
4.18342
4.25036
4.31551
4.37705
4.43786
4.50003
4.56146
4.61876
4.66921
4.71163
4.74631
4.77483
4.79985
4.82469
4.85261
4.88598
4.92586
4.97211
5.02388
5.08015
5.14001
5.20274
5.26777
5.33457
5.40258
5.4712
5.53991
5.60829
5.67614
5.74341
5.81023
5.87675
5.94317
6.00959
6.07608
6.14265
6.20927
6.27593
0.059422
0.12613
0.192884
0.259676
0.326455
0.393126
0.459594
0.525827
0.591931
0.65816
0.724852
0.792281
0.86048
0.929142
0.997682
1.06544
1.13197
1.19718
1.26136
1.32489
1.38784
1.44944
1.50768
1.55921
1.59976
1.62527
1.63473
1.63374
1.6315
1.63118
1.59642
1.5965
1.5932
1.58803
1.59974
1.64064
1.70024
1.76552
1.83149
1.89676
1.96119
2.02504
2.08856
2.15187
2.21516
2.27887
2.34352
2.40919
2.47466
2.53703
2.59214
2.63568
2.66449
2.67728
2.67472
2.65896
2.63283
2.59897
2.55938
2.51512
2.46662
2.41401
2.35754
2.29784
2.23599
2.17347
2.11204
2.05367
2.0005
1.95483
1.91895
1.89502
1.88478
1.88927
1.90865
1.94207
1.98775
2.0432
2.10558
2.17216
2.24074
2.30976
2.3784
2.44636
2.51369
2.58057
2.64721
2.71378
2.78035
2.84695
2.91359
2.98025
3.04691
3.11357
3.18023
3.2469
3.31358
3.38029
3.44701
3.51371
3.58035
3.6469
3.71336
3.77979
3.84628
3.91296
3.97994
4.04726
4.11492
4.1828
4.25074
4.31845
4.38549
4.45117
4.51455
4.5744
4.62945
4.67863
4.72148
4.75856
4.79152
4.82295
4.85573
4.89238
4.93447
4.98249
5.03606
5.09425
5.15594
5.22011
5.28594
5.35281
5.42025
5.48792
5.55557
5.62303
5.69022
5.75713
5.82384
5.89042
5.95696
6.02351
6.0901
6.15672
6.22337
0.00683027
0.073493
0.140187
0.206931
0.273717
0.340495
0.407172
0.473654
0.539914
0.606057
0.672326
0.739037
0.806429
0.874496
0.942906
1.01107
1.07839
1.14446
1.20931
1.27331
1.33693
1.40024
1.46241
1.52127
1.57322
1.61371
1.63861
1.64722
1.64576
1.6435
1.64323
1.59642
1.59536
1.59254
1.59769
1.62206
1.66443
1.71866
1.77981
1.84468
1.91125
1.97827
2.04509
2.11157
2.17783
2.24412
2.31047
2.37653
2.4414
2.50362
2.56125
2.61212
2.65407
2.6852
2.70406
2.70972
2.70192
2.68101
2.648
2.60442
2.55215
2.49325
2.42978
2.36362
2.29632
2.229
2.16223
2.09612
2.03045
1.96503
1.9001
1.83678
1.77734
1.72523
1.68464
1.65941
1.65029
1.65148
1.65374
1.65405
1.78582
1.78777
1.78987
1.76635
1.70524
1.62511
1.54197
1.46513
1.39541
1.3302
1.26724
1.2048
1.14712
1.09083
1.03002
0.967593
0.903805
0.838715
0.772401
0.705665
0.641208
0.584028
0.540255
0.515152
0.511549
0.529296
0.565601
0.61598
0.67559
0.740381
0.807405
0.874104
0.937191
0.992205
1.03426
1.05922
1.06433
1.04854
1.01317
0.962216
0.901274
0.835555
0.768408
0.701236
0.634303
0.56753
0.500843
0.434218
0.367628
0.301038
0.234421
0.167773
0.101106
0.0344306
6.25094
6.18426
6.11757
6.05089
5.98422
5.91759
5.851
5.78447
5.71786
5.65096
5.58388
5.51729
5.45165
5.38656
5.32126
5.25574
5.19129
5.12992
5.07339
5.02254
4.97721
4.93643
4.89858
4.86168
4.82374
4.78318
4.73913
4.69137
4.64007
4.58544
4.52766
4.46689
4.40333
4.33741
4.26972
4.201
4.13198
4.06324
3.99511
3.92765
3.86077
3.79425
3.72789
3.66153
3.59509
3.52855
3.4619
3.39517
3.32839
3.26162
3.19494
3.12841
3.06202
2.99571
2.9293
2.86255
2.79533
2.72765
2.65973
2.59199
2.52482
2.45846
2.39288
2.32786
2.2632
2.19911
2.13656
2.07758
2.02522
1.98339
1.95606
1.94491
1.94524
1.94757
1.94797
1.79699
1.79893
1.80106
1.77755
1.71598
1.63609
1.55799
1.4886
1.42318
1.35983
1.29783
1.23567
1.17233
1.1086
1.04577
0.983637
0.920795
0.856638
0.794789
0.73324
0.674627
0.630436
0.606135
0.604209
0.624424
0.663935
0.71762
0.77933
0.843985
0.909113
0.974461
1.03999
1.10388
1.1619
1.20845
1.23822
1.2477
1.23586
1.20427
1.15665
1.09789
1.03284
0.965203
0.897142
0.829513
0.762403
0.695628
0.629
0.562406
0.4958
0.429173
0.362531
0.295883
0.229233
0.16257
0.0958765
0.0291369
6.24555
6.17879
6.11213
6.04566
5.97933
5.91299
5.84643
5.7796
5.71271
5.64603
5.57968
5.51361
5.44779
5.38251
5.31848
5.25663
5.19775
5.14233
5.09047
5.04202
4.9966
4.95355
4.91173
4.86964
4.82579
4.77916
4.72928
4.67611
4.61972
4.56024
4.49792
4.4332
4.36674
4.29931
4.23162
4.16418
4.09723
4.03077
3.96463
3.8986
3.83251
3.76626
3.69983
3.63324
3.56656
3.49985
3.43317
3.36653
3.29991
3.23326
3.16649
3.09956
3.03251
2.96547
2.89865
2.8323
2.76657
2.70138
2.63639
2.57103
2.50467
2.43689
2.36783
2.29828
2.22963
2.16365
2.10217
2.04708
2.00066
1.96621
1.94769
1.94462
1.94716
1.94797
1.81183
1.81377
1.81575
1.79321
1.73662
1.6681
1.59995
1.53329
1.46832
1.40561
1.34528
1.28611
1.22617
1.1644
1.10194
1.04209
0.989033
0.94621
0.915214
0.895545
0.885029
0.88059
0.879126
0.878313
0.877169
0.876251
0.877464
0.883559
0.897469
0.921634
0.957375
1.00436
1.06023
1.12056
1.17936
1.23012
1.26708
1.28616
1.28542
1.26515
1.22755
1.17624
1.11552
1.04946
0.981209
0.91268
0.844696
0.777372
0.710514
0.643883
0.577314
0.510733
0.444124
0.377497
0.310855
0.24419
0.177486
0.110735
0.0439641
6.26042
6.19382
6.12737
6.06102
5.99464
5.92807
5.86122
5.79413
5.72691
5.65982
5.5932
5.52755
5.46341
5.40129
5.34146
5.28386
5.22806
5.17343
5.11929
5.06518
5.01096
4.95668
4.90238
4.84781
4.79246
4.73567
4.6768
4.61547
4.55161
4.48554
4.41783
4.34923
4.28044
4.21198
4.14411
4.07686
4.01008
3.94359
3.8772
3.81079
3.74429
3.6777
3.61105
3.54437
3.47767
3.41097
3.34428
3.27759
3.21092
3.14427
3.07764
3.01103
2.94444
2.87784
2.81124
2.74461
2.67789
2.611
2.54376
2.47602
2.40767
2.33888
2.2702
2.20271
2.13809
2.07849
2.0265
1.98508
1.95745
1.94539
1.94517
1.9475
1.94797
1.83068
1.83262
1.83454
1.81269
1.75786
1.6903
1.62203
1.5557
1.49152
1.42891
1.36686
1.30438
1.24098
1.17723
1.11495
1.05693
1.00616
0.964954
0.934246
0.913478
0.900897
0.894212
0.891356
0.89113
0.893515
0.899583
0.911075
0.929836
0.957324
0.994303
1.04075
1.09584
1.15803
1.22492
1.29327
1.35901
1.41755
1.46434
1.49548
1.50832
1.5018
1.47663
1.43519
1.38116
1.31874
1.25183
1.18331
1.11483
1.047
0.979812
0.913032
0.846426
0.779852
0.713255
0.646627
0.579975
0.513308
0.446633
0.37996
0.313295
0.246646
0.18001
0.113372
0.0467044
6.26317
6.19639
6.1296
6.06289
5.99636
5.93003
5.8638
5.79743
5.73065
5.66328
5.59533
5.52706
5.45895
5.39164
5.3259
5.26247
5.20201
5.1449
5.09127
5.04093
4.99346
4.9483
4.90481
4.86234
4.82017
4.77751
4.73351
4.68731
4.63816
4.58545
4.52882
4.46824
4.40407
4.33702
4.26808
4.19829
4.12859
4.05957
3.99147
3.92421
3.85756
3.79122
3.72496
3.65864
3.59219
3.52562
3.45895
3.39219
3.32539
3.25861
3.19192
3.12541
3.05908
2.99285
2.92652
2.85983
2.79255
2.7247
2.65649
2.5884
2.52089
2.45428
2.3886
2.32361
2.25909
2.19519
2.13285
2.07412
2.02219
1.98107
1.95474
1.94454
1.9453
1.94762
1.94797
1.85371
1.85365
1.85674
1.86122
1.85275
1.82283
1.77579
1.71814
1.65465
1.58838
1.52121
1.45413
1.38747
1.32116
1.25492
1.18854
1.12209
1.05601
0.991191
0.928918
0.870909
0.819361
0.776953
0.7467
0.731725
0.734798
0.757271
0.797839
0.852348
0.915242
0.981667
1.04864
1.11487
1.18002
1.24405
1.30691
1.36888
1.43067
1.49247
1.55214
1.60442
1.64237
1.66008
1.65537
1.62754
1.57868
1.51739
1.45193
1.38564
1.31927
1.25274
1.1861
1.11945
1.05285
0.986277
0.91968
0.853045
0.786381
0.719702
0.653019
0.586341
0.519671
0.453013
0.386365
0.319718
0.253054
0.186356
0.119617
0.0528612
6.26934
6.20274
6.13628
6.06986
6.00332
5.93655
5.86961
5.80282
5.73597
5.67079
5.60905
5.54773
5.48445
5.42048
5.35784
5.29775
5.24027
5.18478
5.13053
5.0769
5.02341
4.96967
4.91533
4.86005
4.80351
4.74539
4.68549
4.62369
4.56004
4.49475
4.42821
4.36088
4.29322
4.22561
4.15827
4.09127
4.02455
3.95801
3.89154
3.82504
3.75849
3.69188
3.62515
3.55887
3.4892
3.41858
3.35143
3.28429
3.22059
3.1578
3.09151
3.02467
2.9578
2.89112
2.82473
2.75865
2.69275
2.62689
2.56089
2.49457
2.42766
2.36001
2.29176
2.22377
2.15765
2.09564
2.04038
1.99493
1.96282
1.94683
1.94486
1.94729
1.94797
1.88094
1.88289
1.88499
1.86108
1.79954
1.72291
1.64787
1.57869
1.51382
1.4513
1.38974
1.32829
1.26638
1.20379
1.14104
1.07919
1.01819
0.962462
0.907935
0.848714
0.791764
0.74489
0.714972
0.705426
0.716205
0.74483
0.787491
0.840088
0.899081
0.961951
1.02722
1.09414
1.16231
1.23136
1.30077
1.37
1.4386
1.50636
1.5733
1.63943
1.7044
1.76712
1.82553
1.8766
1.91657
1.94186
1.95145
1.95056
1.9483
1.94797
1.62521
1.62327
1.62114
1.64485
1.70635
1.78266
1.85632
1.92415
1.98865
2.05142
2.11379
2.1772
2.24283
2.30511
2.3641
2.41764
2.4515
2.45794
2.43469
2.38298
2.31854
2.25398
2.18842
2.12154
2.05085
1.97398
1.89072
1.8031
1.7141
1.62646
1.54201
1.46161
1.38533
1.31273
1.24306
1.17548
1.10918
1.04349
0.977912
0.912179
0.846175
0.779913
0.713464
0.646903
0.58026
0.513524
0.446689
0.379822
0.313099
0.246745
0.180923
0.115623
0.0506394
6.26884
6.20355
6.13778
6.07153
6.00492
5.93818
5.8715
5.80496
5.73859
5.67169
5.60566
5.54231
5.47903
5.41397
5.34808
5.28216
5.21654
5.15146
5.08706
5.02323
4.95973
4.89652
4.83452
4.77927
4.72874
4.6835
4.65143
4.63167
4.62144
4.61779
4.61809
4.62044
4.62371
4.62744
4.63153
4.63591
4.64016
4.64327
4.64354
4.63867
4.62624
4.60432
4.57215
4.5303
4.48038
4.42444
4.36432
4.30139
4.23654
4.17028
4.10301
4.03507
3.96681
3.89857
3.83062
3.76308
3.69598
3.62922
3.56267
3.4962
3.42972
3.36319
3.2966
3.22997
3.1633
3.0966
3.02988
2.96313
2.8964
2.82972
2.76315
2.69671
2.63037
2.56398
2.49739
2.43044
2.36307
2.29538
2.22757
2.15986
2.09239
2.02519
1.95823
1.89164
1.82602
1.76268
1.7038
1.65235
1.61191
1.58596
1.57574
1.57635
1.57863
1.579
1.62521
1.62327
1.62114
1.64485
1.70635
1.78266
1.85632
1.92415
1.98865
2.05142
2.11379
2.1772
2.24283
2.30511
2.3641
2.41764
2.4515
2.45795
2.43469
2.38298
2.31854
2.25397
2.18841
2.12155
2.05086
1.97399
1.89074
1.8031
1.71409
1.62644
1.54202
1.46167
1.38544
1.31284
1.24308
1.17528
1.10867
1.04263
0.97676
0.910861
0.844863
0.778765
0.712587
0.646326
0.579948
0.513403
0.446681
0.379872
0.31317
0.246815
0.180976
0.115645
0.0506306
6.26882
6.20355
6.13783
6.07163
6.00503
5.9382
5.87134
5.80463
5.73815
5.67192
5.60525
5.54226
5.48024
5.41442
5.348
5.28142
5.21485
5.14868
5.08347
5.01975
4.9577
4.897
4.8371
4.77809
4.72164
4.67123
4.63077
4.60268
4.58681
4.58091
4.58195
4.58703
4.59365
4.59952
4.60226
4.59917
4.58759
4.56551
4.53238
4.48928
4.43844
4.38228
4.32268
4.26077
4.19704
4.13174
4.06505
3.99728
3.92887
3.8603
3.79199
3.72416
3.65688
3.59006
3.52352
3.45711
3.39069
3.3242
3.25763
3.19099
3.1243
3.0576
2.9909
2.92421
2.85753
2.79087
2.72422
2.6576
2.59099
2.5244
2.45782
2.39125
2.3246
2.25778
2.19058
2.12281
2.05438
1.98545
1.91661
1.84898
1.78426
1.72461
1.67258
1.6311
1.60333
1.59113
1.59085
1.59318
1.59366
1.62521
1.62358
1.62101
1.63366
1.67293
1.72987
1.79418
1.86049
1.92671
1.99225
2.0572
2.12187
2.18635
2.25006
2.31137
2.36739
2.414
2.44605
2.45872
2.44895
2.41438
2.35878
2.29363
2.22685
2.16049
2.09176
2.02352
1.95543
1.88029
1.79872
1.71345
1.62753
1.54348
1.46286
1.3862
1.31323
1.24324
1.17533
1.10866
1.0426
0.976731
0.910839
0.844851
0.778755
0.71256
0.646275
0.579911
0.513468
0.446927
0.380252
0.313434
0.246554
0.179805
0.113439
0.0476324
6.26555
6.20059
6.13557
6.07018
6.00427
5.93794
5.87143
5.80497
5.73863
5.67233
5.60603
5.53919
5.47609
5.41401
5.34828
5.28218
5.21646
5.15169
5.08836
5.02662
4.96616
4.90651
4.84795
4.79249
4.74384
4.70593
4.68073
4.66716
4.66161
4.65932
4.65561
4.64656
4.62934
4.6022
4.56458
4.51703
4.46106
4.39878
4.33245
4.26407
4.19506
4.12626
4.05802
3.99037
3.92319
3.85632
3.78962
3.723
3.65639
3.58978
3.52316
3.45652
3.38987
3.32323
3.25658
3.18992
3.12324
3.05653
2.98977
2.92302
2.85634
2.7898
2.72342
2.65715
2.59083
2.52423
2.45718
2.3896
2.32163
2.25355
2.1857
2.11832
2.05144
1.985
1.91902
1.85395
1.791
1.73233
1.68105
1.6409
1.61546
1.60575
1.6066
1.60885
1.60919
1.62521
1.62527
1.62267
1.61848
1.62353
1.64545
1.68316
1.73292
1.79122
1.85507
1.92185
1.98936
2.05599
2.12072
2.18317
2.24326
2.3009
2.35542
2.40529
2.44808
2.48083
2.50059
2.50489
2.49241
2.46338
2.41982
2.36513
2.30312
2.23735
2.17111
2.10816
2.05305
2.01067
1.98536
1.98006
1.99576
2.03091
2.08151
2.14219
2.20792
2.27527
2.34265
2.40966
2.47641
2.54303
2.60961
2.67619
2.74278
2.8094
2.87605
2.94273
3.00941
3.0761
3.14278
3.20944
3.27607
3.34269
3.40931
3.47599
3.54273
3.60953
3.67635
3.7431
3.80969
3.87617
3.94278
4.00969
4.07672
4.1433
4.20907
4.27428
4.3394
4.4045
4.46899
4.53194
4.59266
4.65099
4.70715
4.76141
4.81387
4.8645
4.91348
4.96152
5.00991
5.05992
5.11233
5.16799
5.22795
5.2919
5.35745
5.42204
5.48539
5.54899
5.6139
5.67998
5.74661
5.81332
5.87994
5.94649
6.01301
6.07956
6.14617
6.21283
6.27952
0.0630119
0.129644
0.196219
0.262778
0.329404
0.396197
0.463213
0.530405
0.597595
0.664494
0.730803
0.796332
0.861136
0.925576
0.990288
1.056
1.12324
1.19199
1.26152
1.33045
1.39703
1.45952
1.51615
1.56474
1.60183
1.62275
1.62688
1.62427
1.62333
1.62521
1.62329
1.62123
1.64218
1.69619
1.76356
1.83153
1.89773
1.96228
2.02558
2.08813
2.15054
2.21326
2.27619
2.33828
2.39701
2.44831
2.48722
2.50917
2.51134
2.4934
2.45745
2.40735
2.34766
2.2826
2.21535
2.14782
2.08079
2.01431
1.94824
1.88282
1.81913
1.75947
1.70725
1.66666
1.64146
1.63233
1.6335
1.63576
1.63607
1.77954
1.78149
1.78354
1.75979
1.69864
1.61925
1.53777
1.46285
1.3938
1.32631
1.25726
1.18606
1.11475
1.04733
0.984977
0.924524
0.862878
0.799012
0.732907
0.67024
0.610417
0.554022
0.511774
0.489321
0.488084
0.507011
0.543679
0.594543
0.654875
0.718822
0.779854
0.831574
0.868628
0.887386
0.886254
0.865672
0.827899
0.776546
0.71586
0.64987
0.581681
0.513193
0.445227
0.37791
0.311054
0.244423
0.177849
0.111249
0.0446066
6.26113
6.19447
6.12784
6.06124
5.99462
5.92793
5.86111
5.79417
5.72721
5.66042
5.59406
5.52837
5.46354
5.39963
5.33656
5.27414
5.21212
5.15028
5.08847
5.02669
4.96499
4.90348
4.84216
4.7809
4.71944
4.65742
4.59451
4.53048
4.4653
4.39909
4.33212
4.26473
4.19722
4.12982
4.06265
3.99573
3.929
3.86239
3.79582
3.72925
3.66264
3.59601
3.52937
3.46272
3.39605
3.32937
3.26264
3.19587
3.12911
3.06243
2.99591
2.92958
2.86338
2.79713
2.73055
2.66338
2.5955
2.52707
2.45859
2.39072
2.32403
2.25869
2.1944
2.13066
2.06724
2.00482
1.94547
1.8927
1.8511
1.82508
1.81565
1.81682
1.81909
1.81941
1.78774
1.78968
1.7918
1.76831
1.707
1.62684
1.54619
1.47365
1.40729
1.3446
1.28378
1.22358
1.16292
1.10104
1.03809
0.974294
0.913934
0.853943
0.793724
0.745163
0.715934
0.708559
0.722497
0.756582
0.807607
0.868839
0.932802
0.996301
1.06034
1.1245
1.18437
1.23367
1.26702
1.28122
1.27533
1.25036
1.20891
1.15478
1.09227
1.02529
0.956742
0.888271
0.820482
0.753352
0.686615
0.620004
0.553349
0.48658
0.419701
0.352759
0.285807
0.218886
0.15201
0.0851737
0.0183718
6.23481
6.16819
6.10179
6.03566
5.96974
5.90382
5.83756
5.77064
5.703
5.63494
5.56709
5.50008
5.43427
5.36968
5.30616
5.24369
5.18277
5.12452
5.07067
5.02308
4.98318
4.95124
4.92583
4.9039
4.88146
4.85477
4.8214
4.78056
4.73285
4.67957
4.62213
4.56165
4.49886
4.43423
4.36808
4.30079
4.2328
4.16456
4.09647
4.02878
3.96157
3.89476
3.82822
3.76178
3.69534
3.62883
3.56224
3.49558
3.4289
3.36221
3.29554
3.2289
3.16228
3.09562
3.0289
2.96208
2.89519
2.82832
2.76161
2.69521
2.62917
2.56341
2.49763
2.43137
2.36419
2.29585
2.22654
2.15707
2.08878
2.02342
1.96295
1.90945
1.86539
1.83395
1.81817
1.81629
1.81874
1.81941
1.79961
1.80155
1.80352
1.78065
1.72394
1.65551
1.58779
1.52291
1.46033
1.39893
1.33772
1.27591
1.21306
1.14953
1.08691
1.02794
0.97567
0.932498
0.899507
0.876431
0.862121
0.85523
0.854844
0.860843
0.873922
0.895289
0.926145
0.967092
1.01756
1.07538
1.1367
1.19632
1.24856
1.28838
1.31206
1.31747
1.30398
1.27256
1.22584
1.16784
1.10305
1.0353
0.966978
0.899044
0.831595
0.764447
0.697473
0.630654
0.564009
0.497525
0.431144
0.364789
0.298391
0.231915
0.165357
0.0987345
0.0320764
6.24859
6.18191
6.11523
6.04853
5.9818
5.91507
5.84838
5.78181
5.71538
5.64895
5.58225
5.51509
5.44754
5.37995
5.31261
5.24573
5.17961
5.11491
5.05266
4.99386
4.93905
4.88808
4.84012
4.7939
4.7481
4.70163
4.65389
4.60461
4.55369
4.50095
4.44607
4.38869
4.32852
4.26555
4.20004
4.13258
4.06394
3.99491
3.92613
3.85795
3.79047
3.72358
3.65706
3.5907
3.52435
3.45792
3.39138
3.32473
3.25797
3.19115
3.12435
3.05766
2.99118
2.92494
2.85883
2.7926
2.72591
2.65849
2.5903
2.52166
2.45313
2.38538
2.31885
2.25362
2.18942
2.12585
2.06287
2.00125
1.943
1.89145
1.85089
1.82536
1.81587
1.81685
1.81909
1.81941
1.81532
1.81524
1.81853
1.82375
1.81213
1.76797
1.70305
1.63497
1.56866
1.50515
1.44346
1.3821
1.32023
1.25791
1.19548
1.13275
1.06833
1.00337
0.94006
0.880606
0.824799
0.780021
0.758369
0.761922
0.788601
0.8339
0.891922
0.956728
1.02369
1.09028
1.15603
1.22148
1.28672
1.35009
1.40788
1.45508
1.48688
1.49984
1.49259
1.46601
1.4229
1.36738
1.30395
1.23656
1.16792
1.09949
1.03171
0.964543
0.897745
0.831113
0.764524
0.697919
0.631288
0.564638
0.497984
0.431339
0.364707
0.298079
0.231433
0.164736
0.0979545
0.0310674
6.24727
6.18025
6.11329
6.04652
5.98002
5.91379
5.84767
5.78137
5.71464
5.64741
5.57992
5.51266
5.44616
5.38072
5.31642
5.25325
5.19122
5.13049
5.07135
5.01409
4.9589
4.90579
4.85447
4.80434
4.75455
4.70412
4.65206
4.59762
4.54029
4.4799
4.41663
4.35097
4.28358
4.21523
4.14661
4.07823
4.01034
3.943
3.87612
3.80953
3.74306
3.67661
3.6101
3.54353
3.4769
3.41024
3.34355
3.27684
3.21012
3.14341
3.07673
3.01012
2.94358
2.87709
2.81059
2.744
2.67724
2.61026
2.5431
2.47578
2.40832
2.3407
2.27289
2.20495
2.13723
2.0706
2.00657
1.94729
1.89555
1.85457
1.82771
1.8165
1.81667
1.81899
1.81941
1.83504
1.83497
1.83801
1.84265
1.83479
1.80521
1.75762
1.6988
1.63406
1.56699
1.49991
1.43397
1.36939
1.30577
1.24261
1.17986
1.11838
1.05994
1.00693
0.961839
0.926762
0.903184
0.891942
0.893347
0.907311
0.933396
0.970747
1.01794
1.07285
1.13267
1.1942
1.25434
1.31063
1.36157
1.40663
1.4459
1.47954
1.50739
1.52863
1.54184
1.54528
1.53736
1.51708
1.48437
1.44016
1.38628
1.32517
1.25938
1.19116
1.12217
1.0534
0.985284
0.917831
0.850878
0.784208
0.717649
0.651096
0.584505
0.517873
0.451214
0.384544
0.317873
0.251208
0.184551
0.117896
0.051232
6.26773
6.20102
6.13428
6.06755
6.0009
5.93438
5.86802
5.80177
5.73547
5.66887
5.60167
5.53369
5.46499
5.39597
5.32739
5.26022
5.19549
5.13406
5.07652
5.02309
4.9736
4.92749
4.8838
4.84126
4.79848
4.75422
4.70752
4.65783
4.60487
4.54859
4.4891
4.42666
4.36169
4.29477
4.22659
4.15785
4.08913
4.02084
3.95313
3.88599
3.81927
3.75278
3.68637
3.61993
3.55341
3.48681
3.42016
3.35348
3.28679
3.2201
3.15343
3.08675
3.02007
2.95337
2.88667
2.82
2.7534
2.68693
2.62056
2.5542
2.48764
2.42058
2.35274
2.28398
2.21452
2.14507
2.07691
2.01183
1.95199
1.89981
1.85806
1.82983
1.8171
1.81655
1.8189
1.81941
1.85895
1.85945
1.86197
1.86163
1.84861
1.8193
1.77571
1.72136
1.65969
1.59371
1.52581
1.45762
1.39004
1.32343
1.25812
1.19489
1.13532
1.08166
1.03608
0.999906
0.973102
0.954466
0.942291
0.935107
0.932242
0.934088
0.942019
0.957924
0.983395
1.01889
1.06341
1.11488
1.17105
1.23025
1.29158
1.35482
1.41988
1.48644
1.55349
1.61922
1.68107
1.73584
1.77984
1.80927
1.82209
1.82234
1.81989
1.81941
1.61782
1.61586
1.61394
1.63793
1.69733
1.76747
1.83487
1.89896
1.96147
2.02407
2.08746
2.15204
2.21673
2.27726
2.32633
2.35543
2.35773
2.33254
2.28128
2.21561
2.1489
2.08308
2.01742
1.94843
1.87302
1.79058
1.7028
1.61247
1.52235
1.43454
1.35032
1.27021
1.19414
1.12166
1.05204
0.98448
0.918182
0.852495
0.786944
0.721235
0.655218
0.588855
0.522212
0.455453
0.38881
0.322515
0.256701
0.191342
0.126251
0.0611581
6.279
6.21327
6.14715
6.08071
6.01411
5.94737
5.88027
5.81334
5.74787
5.68389
5.61997
5.55503
5.48908
5.42254
5.35575
5.28886
5.222
5.15527
5.08873
5.02242
4.95628
4.89017
4.82336
4.76056
4.69949
4.63547
4.57416
4.52054
4.47821
4.44807
4.42893
4.41857
4.41455
4.41468
4.41731
4.42138
4.42625
4.43145
4.43633
4.43977
4.44016
4.43541
4.4234
4.40239
4.37152
4.33094
4.28179
4.22575
4.1647
4.10029
4.03384
3.96628
3.89823
3.83007
3.76204
3.6943
3.62687
3.55977
3.49292
3.42626
3.35969
3.29316
3.22661
3.16002
3.09339
3.02669
2.95996
2.89322
2.82653
2.75994
2.69348
2.62709
2.56067
2.49408
2.42718
2.35993
2.29238
2.22471
2.15707
2.08956
2.02219
1.95495
1.88804
1.82214
1.75861
1.69961
1.64808
1.60748
1.58127
1.57077
1.57127
1.57356
1.57394
1.61782
1.61587
1.61377
1.63728
1.69862
1.77835
1.85677
1.92667
1.99302
2.05811
2.12122
2.18205
2.24251
2.305
2.36979
2.43044
2.48374
2.52192
2.53242
2.5118
2.46421
2.40216
2.33603
2.26667
2.1985
2.13117
2.05653
1.97421
1.8864
1.79604
1.70592
1.61811
1.53388
1.45376
1.37769
1.30523
1.23564
1.16811
1.10184
1.03615
0.970572
0.904825
0.838807
0.772532
0.706076
0.639512
0.57287
0.506137
0.439304
0.372439
0.305715
0.239359
0.173537
0.108238
0.04326
6.26147
6.19618
6.13041
6.06414
5.99751
5.93072
5.86401
5.7975
5.73115
5.6649
5.5981
5.53497
5.47289
5.40712
5.34081
5.27443
5.2083
5.14292
5.07884
5.0163
4.9551
4.89478
4.83545
4.77861
4.72738
4.68537
4.655
4.63646
4.62796
4.6268
4.63034
4.63637
4.64306
4.64855
4.65072
4.64707
4.63506
4.61282
4.57979
4.53698
4.48642
4.43038
4.37068
4.3085
4.24446
4.17886
4.11198
4.04414
3.97576
3.90729
3.83908
3.77135
3.70412
3.63732
3.57078
3.50435
3.43791
3.37141
3.30483
3.2382
3.17153
3.10483
3.0381
2.97136
2.90462
2.83794
2.77137
2.70494
2.63859
2.57221
2.50562
2.43866
2.37129
2.30358
2.23576
2.16804
2.10058
2.0334
1.96645
1.89989
1.8343
1.77098
1.71211
1.66067
1.62023
1.59431
1.5841
1.58473
1.58701
1.58738
1.61782
1.61588
1.61391
1.63574
1.69065
1.75814
1.82638
1.89338
1.95893
2.0229
2.08547
2.14743
2.20992
2.27365
2.33789
2.39991
2.45494
2.49704
2.52112
2.52345
2.50135
2.45688
2.39791
2.33245
2.26503
2.1976
2.13122
2.06157
1.99178
1.92551
1.856
1.78075
1.70069
1.61836
1.53633
1.4565
1.37989
1.30667
1.23644
1.16844
1.10189
1.03608
0.970499
0.904818
0.838848
0.772516
0.705854
0.638998
0.572167
0.505602
0.43948
0.37384
0.30857
0.243449
0.178236
0.112748
0.046904
6.26394
6.19754
6.13076
6.06375
5.99724
5.93198
5.86772
5.80346
5.73837
5.6723
5.60558
5.53863
5.47179
5.40531
5.33937
5.27331
5.21093
5.14939
5.08367
5.01655
4.94942
4.8855
4.82925
4.78427
4.75202
4.73186
4.72174
4.71882
4.71975
4.72078
4.71792
4.70744
4.68665
4.65472
4.61276
4.56311
4.50826
4.45005
4.38945
4.32685
4.26236
4.19612
4.12847
4.05993
3.9911
3.92249
3.85443
3.78701
3.72013
3.6536
3.58722
3.52084
3.45438
3.38782
3.32119
3.25452
3.18783
3.12113
3.05441
2.98768
2.92096
2.8543
2.78773
2.72126
2.65483
2.58833
2.52161
2.45458
2.38726
2.31982
2.25251
2.18556
2.11904
2.05288
1.98688
1.92104
1.85579
1.79237
1.73288
1.68035
1.6385
1.61114
1.59995
1.60031
1.60268
1.60308
1.61782
1.6179
1.61567
1.61141
1.61417
1.63191
1.66516
1.71109
1.76571
1.82978
1.89856
1.96658
2.03116
2.09416
2.16016
2.22684
2.29318
2.35593
2.41035
2.45232
2.4797
2.49249
2.49234
2.48191
2.46418
2.44171
2.41609
2.38767
2.35599
2.32047
2.28125
2.23992
2.19969
2.165
2.1406
2.1305
2.13712
2.16093
2.20042
2.2526
2.31365
2.37982
2.44813
2.51674
2.58481
2.6522
2.71908
2.78572
2.85228
2.91885
2.98547
3.05212
3.11878
3.18544
3.2521
3.31876
3.38544
3.45214
3.51886
3.58556
3.65219
3.71874
3.78525
3.85183
3.91859
3.98555
4.05258
4.11943
4.18581
4.25151
4.31644
4.38062
4.44414
4.50706
4.56947
4.63145
4.69313
4.75456
4.81575
4.87663
4.93713
4.99729
5.05735
5.11767
5.17875
5.24099
5.30465
5.36976
5.43612
5.50338
5.57109
5.63888
5.70648
5.77375
5.8407
5.90741
5.97398
6.04051
6.10705
6.17363
6.24026
0.0237275
0.0904078
0.157103
0.223806
0.290504
0.35718
0.423818
0.490409
0.556966
0.623519
0.690111
0.756781
0.823558
0.890465
0.957544
1.02487
1.09256
1.16068
1.22911
1.29738
1.36451
1.42888
1.48834
1.54023
1.58146
1.60877
1.62047
1.62052
1.61819
1.61775
1.61782
1.6179
1.61566
1.61147
1.61427
1.63181
1.66489
1.71115
1.76741
1.83012
1.89544
1.95942
2.01846
2.0697
2.11125
2.14227
2.16288
2.17396
2.17714
2.17464
2.16921
2.16393
2.16188
2.16572
2.17714
2.19642
2.22207
2.25083
2.27809
2.29873
2.30799
2.30241
2.2803
2.24222
2.19119
2.13255
2.0734
2.02126
1.98269
1.9622
1.96186
1.9814
2.01854
2.06959
2.13021
2.19888
2.26825
2.33447
2.40148
2.46866
2.53556
2.6022
2.66876
2.73533
2.80194
2.86859
2.93526
3.00194
3.0686
3.13525
3.2019
3.26857
3.33527
3.40202
3.46878
3.53549
3.60207
3.66849
3.73477
3.80107
3.86764
3.9347
4.00234
4.07036
4.13827
4.20551
4.27167
4.33663
4.40051
4.46061
4.52067
4.58181
4.63752
4.68654
4.72823
4.7625
4.79042
4.81453
4.83845
4.86595
4.89983
4.94129
4.98987
5.04414
5.10239
5.1633
5.22605
5.29025
5.35567
5.42208
5.48913
5.55644
5.62368
5.69066
5.75736
5.82384
5.8903
5.95629
6.02578
6.09635
6.16358
6.23033
0.0143188
0.0780046
0.140643
0.20667
0.273158
0.339779
0.406572
0.473578
0.540739
0.607871
0.674708
0.741014
0.806679
0.871774
0.936535
1.00133
1.06661
1.13285
1.20028
1.26865
1.33699
1.40372
1.46685
1.5242
1.57315
1.61003
1.63061
1.63468
1.63212
1.63118
1.61782
1.61733
1.61473
1.61482
1.62815
1.65874
1.70376
1.75886
1.82044
1.88583
1.95301
2.02026
2.08587
2.14785
2.20396
2.25203
2.29052
2.31901
2.33836
2.35042
2.35744
2.36143
2.36363
2.36414
2.36172
2.35401
2.33818
2.3121
2.27545
2.22997
2.17857
2.12398
2.06787
2.01074
1.95239
1.89263
1.83205
1.77277
1.71874
1.67551
1.64853
1.63915
1.64061
1.64294
1.64323
1.77395
1.7759
1.77801
1.75447
1.69335
1.61327
1.53023
1.45342
1.38366
1.31864
1.25605
1.19445
1.13322
1.07156
1.00883
0.946304
0.884654
0.821707
0.757385
0.696179
0.636088
0.582809
0.550068
0.541439
0.556264
0.591789
0.64367
0.706169
0.772522
0.835622
0.88889
0.927077
0.946677
0.946577
0.927185
0.889012
0.835153
0.772193
0.706035
0.63936
0.572662
0.505846
0.438958
0.372146
0.305473
0.238892
0.172325
0.105727
0.0390934
6.25562
6.18895
6.12226
6.05555
5.98884
5.92215
5.8555
5.78892
5.7224
5.65588
5.58928
5.5225
5.45552
5.38839
5.32132
5.25458
5.18848
5.12328
5.05912
4.996
4.93386
4.87261
4.81214
4.75231
4.69292
4.63369
4.57425
4.51424
4.45339
4.39157
4.32879
4.26516
4.20083
4.13595
4.07057
4.00484
3.93898
3.87282
3.80586
3.73814
3.67061
3.60399
3.53809
3.47225
3.40607
3.33956
3.2729
3.20622
3.13958
3.07297
3.00631
2.93957
2.87271
2.80577
2.73885
2.67207
2.60559
2.5395
2.47381
2.40836
2.34292
2.27678
2.20967
2.14306
2.07748
2.01151
1.94513
1.88111
1.82345
1.77608
1.74245
1.72529
1.72287
1.72537
1.72611
1.77325
1.7752
1.77716
1.75429
1.69761
1.62922
1.56147
1.49648
1.43376
1.37229
1.31119
1.24984
1.18789
1.12565
1.06443
1.00635
0.953708
0.90816
0.87042
0.840458
0.818079
0.803464
0.797422
0.801266
0.816406
0.843849
0.88371
0.9348
0.994317
1.05779
1.11947
1.17312
1.21313
1.23545
1.23794
1.22123
1.18572
1.13307
1.07059
1.00513
0.939
0.872547
0.805738
0.738772
0.671901
0.605207
0.538623
0.472055
0.405451
0.338804
0.272129
0.205443
0.138761
0.0720969
0.00545502
6.22202
6.15539
6.08873
6.02201
5.95523
5.88842
5.82166
5.755
5.68846
5.62194
5.55527
5.48832
5.4211
5.35323
5.2865
5.22295
5.15983
5.09492
5.02953
4.96571
4.90501
4.84828
4.79612
4.74911
4.70762
4.67131
4.6387
4.60729
4.57422
4.53717
4.49488
4.4471
4.39427
4.33714
4.27653
4.21326
4.14809
4.0817
4.0147
3.94755
3.88057
3.81389
3.74751
3.68134
3.61522
3.54905
3.48273
3.41625
3.34966
3.283
3.21635
3.14974
3.08314
3.01649
2.94968
2.88265
2.81544
2.74826
2.6814
2.61517
2.54974
2.485
2.4205
2.35578
2.28623
2.21555
2.14866
2.08488
2.02008
1.9522
1.88821
1.83152
1.78372
1.74733
1.72668
1.72258
1.72518
1.72611
1.77552
1.77546
1.77852
1.78306
1.775
1.74555
1.69859
1.64058
1.57658
1.51001
1.44307
1.37691
1.3118
1.24732
1.18279
1.11771
1.05237
0.988237
0.928019
0.875325
0.834033
0.807618
0.798584
0.807971
0.835014
0.877148
0.930611
0.991502
1.05675
1.12436
1.19272
1.25961
1.32151
1.37382
1.41181
1.43178
1.43182
1.41215
1.37494
1.32381
1.26312
1.19441
1.12502
1.05882
0.991845
0.924683
0.857798
0.791152
0.724588
0.658011
0.591395
0.524748
0.458083
0.391411
0.324737
0.258063
0.19139
0.124723
0.058066
6.27461
6.20796
6.1413
6.07459
6.00785
5.94109
5.87438
5.80779
5.74132
5.67495
5.60857
5.54207
5.47526
5.40802
5.3404
5.27281
5.20613
5.14413
5.0843
5.02596
4.97441
4.92918
4.88882
4.85151
4.81505
4.77708
4.73569
4.68989
4.63962
4.58546
4.5282
4.46849
4.40681
4.34348
4.27876
4.2129
4.14622
4.07907
4.01178
3.94459
3.87762
3.8109
3.74435
3.67788
3.61141
3.54488
3.47827
3.4116
3.34491
3.27822
3.21157
3.14498
3.0784
3.01177
2.94499
2.87803
2.81091
2.7438
2.67694
2.61063
2.54501
2.48
2.41521
2.35002
2.28377
2.21608
2.14712
2.07774
2.00936
1.94368
1.88245
1.82742
1.78071
1.74559
1.72621
1.72269
1.72525
1.72611
1.78093
1.78289
1.78485
1.76049
1.70093
1.63024
1.56034
1.49643
1.4357
1.3728
1.31037
1.24907
1.18801
1.12664
1.06513
1.00419
0.945324
0.891348
0.84656
0.816054
0.804242
0.813211
0.841757
0.885774
0.939873
0.999276
1.06093
1.12359
1.18721
1.25222
1.31887
1.38679
1.45482
1.52102
1.58292
1.63771
1.68225
1.71311
1.72781
1.72913
1.72671
1.72611
1.69145
1.68978
1.68715
1.70063
1.74289
1.80342
1.86954
1.93601
2.00186
2.06782
2.13468
2.20201
2.2671
2.32491
2.36889
2.3926
2.3925
2.36702
2.31852
2.25351
2.18497
2.11938
2.05369
1.98761
1.91928
1.84622
1.76722
1.68315
1.59643
1.50985
1.42565
1.3451
1.26855
1.1957
1.12586
1.05817
0.991815
0.926103
0.860547
0.794841
0.728832
0.662478
0.595843
0.52909
0.46245
0.396155
0.330341
0.264982
0.199891
0.134799
0.0694579
0.00372704
6.22078
6.15434
6.0877
6.02097
5.95423
5.88748
5.82078
5.75416
5.68757
5.62086
5.55413
5.48792
5.42261
5.35794
5.2932
5.22796
5.16241
5.09634
5.03392
4.97248
4.90721
4.84079
4.77358
4.70692
4.64397
4.58878
4.54451
4.51231
4.49134
4.47958
4.47457
4.47407
4.47637
4.48032
4.48525
4.49065
4.4959
4.49989
4.50086
4.49635
4.48381
4.46139
4.42767
4.38196
4.32606
4.26466
4.20236
4.14062
4.07836
4.01462
3.94952
3.88363
3.8174
3.75105
3.68468
3.61831
3.55193
3.48552
3.41905
3.35249
3.28586
3.21919
3.15252
3.08589
3.01932
2.95277
2.88614
2.81933
2.75229
2.68507
2.61783
2.55091
2.48461
2.41914
2.35446
2.29019
2.22563
2.16002
2.0928
2.024
1.95438
1.88537
1.81872
1.75616
1.69938
1.65046
1.61284
1.59133
1.58692
1.58955
1.59052
1.69145
1.6898
1.68722
1.70024
1.74036
1.79829
1.8636
1.93113
1.99886
2.06587
2.1314
2.1945
2.25396
2.30845
2.35664
2.39719
2.42867
2.4494
2.45686
2.44783
2.42027
2.3754
2.31838
2.25071
2.17897
2.11027
2.04314
1.97727
1.91089
1.84145
1.76751
1.68965
1.61002
1.53103
1.45443
1.38094
1.31042
1.24224
1.17559
1.10973
1.04409
0.978342
0.912348
0.846104
0.779674
0.713128
0.646496
0.579765
0.512931
0.446066
0.379344
0.312992
0.247169
0.181862
0.116864
0.0518591
6.26974
6.204
6.13785
6.07134
6.00444
5.93743
5.87104
5.80577
5.74134
5.67688
5.61174
5.54584
5.4795
5.41304
5.34674
5.28009
5.21711
5.15511
5.08942
5.02283
4.95571
4.88923
4.82622
4.77044
4.72495
4.69114
4.66863
4.65588
4.65082
4.65133
4.6555
4.66168
4.66826
4.67351
4.67536
4.67144
4.65944
4.63762
4.60538
4.5634
4.51335
4.45728
4.39704
4.33401
4.26905
4.20273
4.13542
4.06747
3.99923
3.93102
3.8631
3.7956
3.72851
3.66176
3.5952
3.52873
3.46225
3.39571
3.32912
3.26248
3.19581
3.12912
3.06241
2.99569
2.92897
2.86229
2.79569
2.72917
2.6627
2.59622
2.52963
2.46284
2.3958
2.32855
2.26114
2.19364
2.12605
2.05834
1.99056
1.92303
1.85657
1.79264
1.73343
1.68173
1.64084
1.61413
1.60308
1.60333
1.60564
1.60605
1.69145
1.68952
1.68755
1.70942
1.76427
1.83166
1.9
1.96716
2.0328
2.09665
2.15878
2.2199
2.28128
2.34394
2.40755
2.46981
2.52654
2.57267
2.60372
2.61693
2.61128
2.58696
2.54554
2.49093
2.42891
2.36451
2.29999
2.23587
2.17395
2.1187
2.07591
2.05048
2.04535
2.06136
2.09694
2.14799
2.20893
2.27459
2.34169
2.40884
2.47576
2.54253
2.60922
2.67585
2.74245
2.80904
2.87565
2.9423
3.00897
3.07566
3.14234
3.20902
3.27569
3.34232
3.40894
3.47555
3.54221
3.60893
3.67575
3.7426
3.80942
3.87611
3.9426
4.00893
4.07533
4.14221
4.20954
4.27668
4.34299
4.40855
4.47385
4.53885
4.60262
4.66382
4.72145
4.77525
4.82552
4.87288
4.91801
4.96151
5.00407
5.04649
5.08979
5.13498
5.18294
5.2344
5.28915
5.35113
5.41722
5.48311
5.54724
5.61127
5.67861
5.74593
5.8127
5.87902
5.94514
6.0113
6.07762
6.14413
6.21075
6.27736
0.0607113
0.127131
0.193478
0.259843
0.326347
0.393085
0.46007
0.527195
0.594227
0.660868
0.726856
0.792081
0.856674
0.921037
0.98579
1.0516
1.11894
1.18775
1.25731
1.32627
1.39294
1.45558
1.51243
1.5613
1.59868
1.61985
1.62411
1.62149
1.62054
1.69145
1.69152
1.68887
1.68448
1.6896
1.71279
1.75294
1.80523
1.86507
1.92916
1.99532
2.06212
2.12829
2.19225
2.25198
2.30538
2.35079
2.3874
2.41528
2.43511
2.44769
2.45354
2.45261
2.44424
2.42736
2.40082
2.36381
2.31636
2.25974
2.19682
2.1321
2.07117
2.01988
1.9833
1.96491
1.96626
1.9869
2.02464
2.07597
2.13672
2.20545
2.27492
2.34124
2.40834
2.47557
2.54249
2.60912
2.67566
2.74222
2.80883
2.87547
2.94214
3.00881
3.07547
3.14213
3.20879
3.27547
3.3422
3.40895
3.47569
3.54233
3.60881
3.67514
3.74144
3.80793
3.87483
3.94222
4.00995
4.07765
4.14488
4.2113
4.27667
4.33827
4.39986
4.46298
4.5223
4.57748
4.62857
4.67554
4.71888
4.75983
4.80032
4.84247
4.88804
4.93793
4.99222
5.05033
5.11146
5.17484
5.23991
5.3062
5.37333
5.44091
5.50856
5.57604
5.64321
5.71007
5.77671
5.84324
5.90974
5.97628
6.04287
6.10951
6.17618
6.24287
0.0263726
0.0930482
0.159704
0.226341
0.292973
0.359627
0.426334
0.493113
0.559951
0.626784
0.693502
0.759986
0.826166
0.892094
0.957989
1.02422
1.09119
1.15917
1.22804
1.29717
1.3653
1.43072
1.4914
1.54508
1.58908
1.62009
1.6352
1.6367
1.63425
1.63363
1.69145
1.68977
1.68722
1.70074
1.74179
1.80063
1.86669
1.93485
2.00321
2.07115
2.13849
2.20508
2.27057
2.33425
2.39489
2.45062
2.49887
2.53642
2.55981
2.56613
2.55403
2.52443
2.48047
2.42644
2.36643
2.30337
2.23876
2.17307
2.10625
2.03827
1.96956
1.90125
1.83528
1.77429
1.72142
1.68008
1.65343
1.64253
1.64279
1.64508
1.6455
1.84638
1.84834
1.85038
1.82662
1.76545
1.68609
1.60473
1.52997
1.46103
1.39334
1.32365
1.25249
1.18278
1.11643
1.05214
0.992857
0.934169
0.870911
0.810235
0.760555
0.730691
0.72571
0.745178
0.783767
0.83271
0.881746
0.921278
0.944429
0.947899
0.930706
0.893619
0.840559
0.778017
0.71179
0.644901
0.578122
0.511379
0.444606
0.377865
0.311205
0.244607
0.178018
0.111403
0.0447552
6.26127
6.1946
6.12793
6.06127
5.9946
5.92792
5.86122
5.79453
5.72788
5.66128
5.59472
5.52814
5.46142
5.39449
5.32738
5.2603
5.19356
5.12746
5.06221
4.99786
4.93432
4.87145
4.80912
4.74724
4.6857
4.62441
4.56327
4.50222
4.44116
4.38
4.31858
4.25667
4.19404
4.13047
4.06585
4.00021
3.93371
3.86662
3.79924
3.73182
3.66453
3.59746
3.5306
3.46389
3.39729
3.33071
3.26412
3.19751
3.13087
3.0642
2.99753
2.93084
2.86414
2.79746
2.7308
2.66421
2.59772
2.5313
2.46483
2.39866
2.32787
2.25891
2.19485
2.12879
2.0623
1.99533
1.92925
1.86705
1.81255
1.7696
1.74129
1.72878
1.72832
1.73067
1.73117
1.86995
1.86988
1.87289
1.87742
1.86979
1.84129
1.79529
1.73792
1.67406
1.60712
1.53937
1.472
1.40535
1.33918
1.27319
1.20757
1.14347
1.08317
1.02988
0.98715
0.958263
0.945553
0.949945
0.970594
1.00463
1.04719
1.09185
1.13165
1.1603
1.1732
1.16799
1.14459
1.1049
1.0523
0.990846
0.924404
0.855958
0.787325
0.719282
0.651929
0.585067
0.518458
0.45193
0.385393
0.318805
0.252145
0.185402
0.118576
0.0516848
6.26793
6.20097
6.13399
6.06701
6.00007
5.93325
5.86667
5.8004
5.7344
5.66851
5.60245
5.53594
5.46881
5.4011
5.33319
5.26577
5.19975
5.13604
5.07521
5.01737
4.96206
4.90832
4.85492
4.8008
4.74546
4.68916
4.63262
4.57643
4.52057
4.46442
4.40708
4.34777
4.28601
4.22175
4.15536
4.08751
4.01901
3.95061
3.88283
3.81591
3.74983
3.68437
3.61921
3.55406
3.4887
3.42303
3.35702
3.29074
3.22424
3.15756
3.09072
3.0237
2.95648
2.8891
2.82171
2.7545
2.68777
2.62177
2.55661
2.49216
2.42795
2.36331
2.2975
2.23007
2.16115
2.09158
2.02281
1.95655
1.89445
1.83819
1.78983
1.75278
1.73177
1.7276
1.73023
1.73117
1.8867
1.88659
1.88832
1.89225
1.89168
1.87962
1.85428
1.81676
1.76898
1.71302
1.65106
1.58529
1.51789
1.451
1.38664
1.32674
1.273
1.22685
1.1894
1.16145
1.14354
1.13608
1.13935
1.15345
1.17817
1.21269
1.25521
1.3027
1.351
1.39525
1.43056
1.45274
1.45885
1.44748
1.41898
1.37543
1.32022
1.25735
1.19047
1.12222
1.05402
0.986352
0.919195
0.852356
0.785668
0.719038
0.652422
0.585801
0.519165
0.452513
0.38585
0.319181
0.252515
0.185857
0.119202
0.0525425
6.26905
6.20233
6.1356
6.06886
6.00219
5.93565
5.86927
5.803
5.73665
5.66994
5.60269
5.53497
5.46713
5.39962
5.33279
5.26678
5.2017
5.13785
5.07589
5.01674
4.9614
4.91052
4.86418
4.82162
4.78123
4.74071
4.69758
4.64994
4.59719
4.53997
4.47965
4.41744
4.35399
4.28949
4.22403
4.15786
4.09138
4.02498
3.95886
3.89302
3.8273
3.76152
3.69555
3.62934
3.56289
3.49628
3.42956
3.3628
3.29609
3.22939
3.16324
3.09366
3.02308
2.95527
2.89114
2.82784
2.76111
2.69425
2.62801
2.5626
2.49792
2.43368
2.36944
2.30463
2.23855
2.17076
2.10148
2.03195
1.96416
1.90029
1.84243
1.79278
1.75455
1.73234
1.72751
1.73015
1.73117
1.89752
1.8981
1.90097
1.89976
1.88299
1.84935
1.80448
1.7531
1.69781
1.64015
1.58162
1.52441
1.47151
1.4263
1.39143
1.36784
1.35445
1.34879
1.34788
1.34906
1.35034
1.3506
1.34958
1.34787
1.34681
1.34832
1.35458
1.36756
1.38873
1.4187
1.45715
1.50276
1.55316
1.60493
1.65377
1.6946
1.72228
1.73396
1.73383
1.73155
1.73117
1.55449
1.55275
1.55015
1.56478
1.60947
1.67244
1.73991
1.80677
1.87284
1.93898
2.00555
2.07072
2.12936
2.17401
2.19779
2.19552
2.1654
2.11318
2.04967
1.98342
1.91331
1.84325
1.77674
1.70636
1.62911
1.54588
1.4595
1.37302
1.28879
1.20817
1.13158
1.05871
0.988869
0.92119
0.85484
0.789133
0.723579
0.657875
0.591866
0.525512
0.458877
0.392123
0.325483
0.259188
0.193374
0.128015
0.0629227
6.28101
6.21567
6.14994
6.08382
6.01738
5.95078
5.88404
5.81694
5.75001
5.68454
5.62057
5.55664
5.4917
5.42573
5.35919
5.2924
5.22553
5.15869
5.092
5.02549
4.95918
4.893
4.82683
4.75996
4.6971
4.63602
4.57202
4.51071
4.45701
4.4145
4.38412
4.36477
4.35435
4.35051
4.35114
4.35459
4.35974
4.36571
4.37161
4.37616
4.37753
4.37329
4.36072
4.33739
4.30218
4.25596
4.20147
4.14212
4.08062
4.01833
3.95543
3.89165
3.82681
3.76104
3.69467
3.62806
3.56144
3.49491
3.42845
3.36201
3.29553
3.229
3.16244
3.09587
3.02932
2.96276
2.89612
2.8293
2.76218
2.69535
2.62508
2.55423
2.48697
2.42445
2.36367
2.29967
2.23504
2.16994
2.10403
2.03679
1.96804
1.89869
1.83077
1.76678
1.70905
1.6599
1.62238
1.60084
1.59634
1.59896
1.59994
1.55449
1.55254
1.55049
1.57425
1.63543
1.71478
1.79608
1.87081
1.93984
2.00752
2.07731
2.14908
2.21862
2.28307
2.34446
2.40664
2.46988
2.52956
2.58764
2.63783
2.66521
2.66544
2.63994
2.59453
2.53705
2.47432
2.41184
2.35526
2.31081
2.28394
2.27788
2.29311
2.32751
2.3771
2.43693
2.50237
2.57001
2.63794
2.70547
2.77256
2.83937
2.90604
2.97266
3.03927
3.10588
3.17251
3.23916
3.30583
3.37251
3.43923
3.50595
3.57267
3.63933
3.70588
3.7723
3.8387
3.90529
3.97225
4.03955
4.10683
4.17358
4.2395
4.30454
4.36873
4.43178
4.49303
4.55161
4.60677
4.65826
4.7064
4.75213
4.79679
4.84185
4.88853
4.93762
4.98939
5.04382
5.10078
5.16008
5.22159
5.28513
5.35042
5.41707
5.48459
5.55249
5.62034
5.68788
5.75502
5.82179
5.88833
5.95477
6.02123
6.08775
6.15435
6.22101
0.00451466
0.071205
0.137862
0.204551
0.270762
0.340395
0.411084
0.478434
0.545867
0.609802
0.672559
0.73838
0.804346
0.870215
0.936148
1.00228
1.0687
1.13552
1.20295
1.27094
1.33884
1.40507
1.46733
1.5228
1.56828
1.60029
1.61617
1.61808
1.61563
1.61495
1.55449
1.55283
1.55023
1.56326
1.60348
1.6616
1.72702
1.7944
1.86174
1.92855
1.99492
2.06097
2.12656
2.19108
2.25342
2.31207
2.36529
2.4113
2.44838
2.47501
2.48987
2.4919
2.48037
2.45505
2.41649
2.36638
2.30793
2.24592
2.18633
2.13541
2.09865
2.07988
2.08088
2.10132
2.13898
2.19028
2.25094
2.31693
2.38512
2.45362
2.52159
2.58892
2.65578
2.72242
2.78899
2.85557
2.92219
2.98884
3.0555
3.12217
3.18883
3.25549
3.32216
3.38885
3.45555
3.52227
3.58896
3.65559
3.72212
3.78856
3.855
3.9216
3.98855
4.05592
4.12355
4.19102
4.25785
4.32373
4.38866
4.45289
4.51657
4.57938
4.64027
4.6976
4.74964
4.79526
4.83454
4.86892
4.90096
4.93366
4.96979
5.01134
5.05922
5.11329
5.17263
5.23586
5.30156
5.36851
5.43586
5.50313
5.57017
5.63697
5.70361
5.77018
5.83676
5.90341
5.97016
6.03702
6.10396
6.17093
6.23785
0.0214774
0.0881424
0.154658
0.221063
0.287429
0.35384
0.420366
0.487042
0.553846
0.620687
0.687431
0.753941
0.82014
0.886077
0.951961
1.01813
1.08496
1.15267
1.22115
1.2898
1.35746
1.42256
1.4832
1.53722
1.58199
1.61402
1.62997
1.63173
1.62922
1.62857
1.55449
1.55461
1.55285
1.54876
1.54905
1.56127
1.58801
1.62826
1.67931
1.73798
1.80132
1.86698
1.93353
2.0004
2.06746
2.13449
2.20074
2.26467
2.32418
2.37693
2.42085
2.45442
2.47668
2.48716
2.48574
2.47257
2.44814
2.41352
2.37062
2.32254
2.27346
2.22843
2.19271
2.17098
2.16666
2.18114
2.21355
2.26092
2.31904
2.38302
2.45334
2.52543
2.59389
2.66147
2.7286
2.79537
2.86175
2.92772
2.99338
3.0589
3.12446
3.19021
3.25618
3.32236
3.38873
3.45528
3.52198
3.58879
3.65566
3.7226
3.7896
3.85664
3.92366
3.99049
4.05692
4.12278
4.18804
4.25298
4.31819
4.38448
4.45254
4.52272
4.5953
4.66949
4.74155
4.80778
4.86769
4.92242
4.97349
5.0226
5.06974
5.1146
5.16031
5.20852
5.25735
5.30687
5.3597
5.41798
5.48221
5.55129
5.62315
5.6956
5.76701
5.83664
5.90449
5.97099
6.03675
6.10228
6.16794
6.23394
0.0170964
0.0837914
0.150992
0.217952
0.28313
0.346379
0.409201
0.472795
0.537233
0.602091
0.667009
0.731794
0.796371
0.860746
0.924982
0.989181
1.05352
1.11835
1.1841
1.25135
1.31885
1.38526
1.45099
1.51727
1.57694
1.61953
1.64133
1.6447
1.64184
1.64096
1.55449
1.55457
1.55234
1.54813
1.55087
1.56836
1.60155
1.64816
1.70493
1.76804
1.83325
1.89618
1.95301
2.00105
2.03926
2.06821
2.08981
2.10678
2.122
2.13794
2.15622
2.17738
2.20103
2.22599
2.25067
2.27322
2.29174
2.30426
2.30886
2.30388
2.28828
2.26206
2.22673
2.18559
2.14353
2.10635
2.07969
2.06795
2.07361
2.09701
2.13647
2.18879
2.25004
2.31637
2.3848
2.45345
2.52153
2.5889
2.65577
2.72239
2.78895
2.85552
2.92214
2.9888
3.05547
3.12213
3.18876
3.25537
3.32196
3.3886
3.45534
3.52222
3.58924
3.6563
3.72326
3.78997
3.85636
3.92249
3.98854
4.05478
4.12148
4.18878
4.25655
4.32435
4.39137
4.45669
4.51952
4.57942
4.63645
4.69114
4.74427
4.79669
4.84891
4.90102
4.95275
5.00391
5.05474
5.10595
5.15852
5.21341
5.27132
5.33255
5.39694
5.46388
5.53251
5.60186
5.67112
5.73975
5.80759
5.87469
5.9413
6.00766
6.07398
6.14038
6.20688
6.27348
0.0569678
0.123669
0.190381
0.257092
0.323792
0.390468
0.457111
0.523715
0.590291
0.656859
0.723451
0.790095
0.856816
0.923649
0.990657
1.05795
1.12566
1.19387
1.26244
1.33087
1.39813
1.4626
1.52212
1.57405
1.61535
1.64278
1.65462
1.65474
1.65241
1.65195
1.55449
1.55399
1.55124
1.55128
1.56544
1.5982
1.64595
1.70294
1.76441
1.82724
1.88976
1.9513
2.01165
2.07041
2.12634
2.17724
2.22044
2.25393
2.27735
2.29209
2.30052
2.30494
2.30691
2.30687
2.30423
2.29755
2.28482
2.26393
2.2331
2.19145
2.13946
2.0791
2.01352
1.94632
1.88081
1.81957
1.76459
1.71787
1.68242
1.66244
1.65848
1.661
1.6619
1.87518
1.87713
1.8792
1.85543
1.79404
1.7142
1.63273
1.56151
1.4965
1.42796
1.35922
1.28885
1.20999
1.12379
1.03343
0.942776
0.856456
0.778475
0.709152
0.645274
0.58245
0.519788
0.457773
0.397323
0.337886
0.28756
0.259679
0.257396
0.279254
0.320852
0.375988
0.438397
0.503511
0.569023
0.633792
0.695972
0.751913
0.79661
0.82524
0.834631
0.823934
0.794555
0.749623
0.693231
0.629576
0.562211
0.493611
0.425136
0.357284
0.290051
0.223232
0.156607
0.0900269
0.0234208
6.23997
6.17332
6.10669
6.04009
5.97347
5.90676
5.83986
5.77273
5.70543
5.63812
5.57105
5.50449
5.43875
5.37411
5.31078
5.24886
5.18827
5.12874
5.06987
5.01124
4.95252
4.8935
4.83406
4.77409
4.71343
4.65193
4.58948
4.52607
4.46178
4.39678
4.33126
4.2654
4.19932
4.1331
4.06679
4.00041
3.93395
3.86743
3.80087
3.7342
3.66796
3.59829
3.52763
3.46035
3.39361
3.32648
3.26282
3.20019
3.13414
3.06757
3.00083
2.93392
2.86692
2.79995
2.7332
2.66684
2.60089
2.53528
2.46982
2.40429
2.33842
2.27192
2.20456
2.13651
2.06857
2.00227
1.93972
1.88341
1.8363
1.80212
1.7843
1.78154
1.78404
1.78481
1.9059
1.90785
1.90991
1.88615
1.82476
1.74491
1.66342
1.59219
1.52724
1.4588
1.39016
1.31978
1.24079
1.15425
1.06346
0.973134
0.887532
0.811157
0.745322
0.683463
0.619871
0.558764
0.50302
0.461148
0.446247
0.459733
0.497156
0.551223
0.614337
0.680511
0.7462
0.810189
0.872928
0.935381
0.997435
1.05654
1.10757
1.14413
1.16125
1.15621
1.12799
1.07974
1.01916
0.953656
0.887103
0.820573
0.754056
0.687472
0.620859
0.55426
0.48767
0.421065
0.354434
0.287779
0.221105
0.154413
0.0877035
0.0209877
6.23748
6.17084
6.1043
6.03787
5.97144
5.90483
5.83782
5.77036
5.70272
5.63552
5.56897
5.50335
5.44017
5.37944
5.31849
5.25582
5.193
5.13324
5.07927
5.03236
4.99218
4.95708
4.92452
4.89155
4.85542
4.81405
4.76643
4.71256
4.65331
4.59002
4.52413
4.45688
4.38916
4.3215
4.2541
4.187
4.12013
4.0534
3.98675
3.92014
3.85353
3.78691
3.72028
3.65364
3.58698
3.52031
3.45364
3.38697
3.3203
3.25363
3.18698
3.12032
3.05366
2.98697
2.92026
2.85354
2.78683
2.72018
2.65363
2.5872
2.52084
2.45441
2.3877
2.32045
2.25251
2.18399
2.11542
2.04788
1.98298
1.92275
1.8696
1.8264
1.79658
1.78271
1.78184
1.78427
1.78481
1.94063
1.94258
1.94469
1.92076
1.85935
1.7826
1.70684
1.63967
1.5764
1.51272
1.45111
1.39022
1.32881
1.26639
1.20251
1.13933
1.07921
1.01917
0.95634
0.891696
0.828425
0.77087
0.722687
0.685511
0.658958
0.64147
0.631299
0.627262
0.629163
0.637808
0.654674
0.681334
0.718753
0.766598
0.822702
0.882896
0.941425
0.991939
1.02873
1.04772
1.04697
1.02671
0.989123
0.937833
0.877124
0.811071
0.742821
0.67429
0.606303
0.538978
0.47212
0.405492
0.338928
0.272348
0.205732
0.139085
0.0724193
0.00574462
6.22226
6.15559
6.08893
6.02228
5.95562
5.88894
5.82224
5.75552
5.68881
5.62216
5.5556
5.4891
5.42253
5.35579
5.28885
5.22187
5.15513
5.08896
5.02355
4.95899
4.8952
4.8321
4.76958
4.70754
4.6458
4.58418
4.52257
4.46096
4.39955
4.33855
4.27808
4.218
4.15791
4.09725
4.03549
3.97226
3.90745
3.84123
3.77397
3.70614
3.63819
3.57046
3.50309
3.4361
3.36939
3.30282
3.23628
3.1697
3.10306
3.03643
2.96986
2.9034
2.83702
2.7706
2.704
2.63707
2.56976
2.50213
2.43439
2.36671
2.29922
2.23195
2.16486
2.09812
2.03237
1.96895
1.91002
1.85853
1.81801
1.79195
1.78159
1.78216
1.78444
1.78481
1.97938
1.98132
1.98343
1.95986
1.89867
1.81873
1.73632
1.66058
1.59147
1.52513
1.45833
1.39036
1.32256
1.25664
1.1931
1.13064
1.06745
1.00263
0.941681
0.881965
0.817172
0.75103
0.689642
0.64218
0.616341
0.615293
0.637756
0.67872
0.736432
0.803099
0.870655
0.934915
0.997203
1.06226
1.12742
1.19083
1.24786
1.29227
1.31867
1.32415
1.3085
1.27385
1.2241
1.1641
1.09846
1.03062
0.962554
0.894983
0.827943
0.761236
0.694665
0.628099
0.561461
0.494711
0.427852
0.360922
0.293989
0.227124
0.160369
0.0937179
0.0271134
6.24366
6.17691
6.11003
6.04311
5.97629
5.90973
5.84355
5.77766
5.71174
5.64544
5.57859
5.51136
5.44419
5.37753
5.31166
5.2468
5.18319
5.12111
5.06073
5.00188
4.94401
4.8864
4.82847
4.77014
4.71186
4.65426
4.59763
4.54164
4.4855
4.42819
4.36885
4.30696
4.24243
4.17566
4.10732
4.03827
3.96924
3.90074
3.83297
3.76588
3.69926
3.63288
3.56655
3.50016
3.43366
3.36706
3.30038
3.23364
3.16686
3.10009
3.0334
2.96685
2.90044
2.83415
2.7678
2.70121
2.6342
2.5667
2.49884
2.43087
2.36308
2.29566
2.22866
2.162
2.09578
2.03048
1.96738
1.90863
1.85728
1.81701
1.79136
1.78144
1.7822
1.78447
1.78481
2.02161
2.02356
2.02567
2.00218
1.94069
1.86084
1.78264
1.71316
1.64768
1.58413
1.52194
1.46048
1.39901
1.33697
1.27422
1.21149
1.1526
1.0938
1.03509
0.985457
0.947932
0.922861
0.90848
0.9019
0.900244
0.901457
0.904658
0.910091
0.918815
0.932266
0.95184
0.97858
1.01296
1.05473
1.10281
1.15513
1.20863
1.25939
1.30311
1.33566
1.35376
1.3554
1.34003
1.30917
1.26355
1.20452
1.13864
1.07169
1.00505
0.938411
0.871445
0.804296
0.737239
0.670371
0.6036
0.536803
0.469924
0.402995
0.33609
0.269273
0.202567
0.135944
0.0693526
0.00274372
6.21928
6.15257
6.08584
6.01911
5.95242
5.88584
5.81944
5.75326
5.68728
5.62131
5.55507
5.48827
5.42014
5.35223
5.28668
5.22125
5.15447
5.08829
5.02491
4.9653
4.90899
4.85482
4.80154
4.74823
4.69453
4.64054
4.58656
4.53277
4.47893
4.42442
4.36844
4.31026
4.24941
4.18578
4.11971
4.05185
3.98301
3.91397
3.84531
3.77732
3.71003
3.64326
3.57681
3.51046
3.44408
3.3776
3.31102
3.24434
3.17762
3.11089
3.04419
2.97755
2.91097
2.84444
2.77791
2.71132
2.64462
2.57777
2.51076
2.4436
2.37622
2.30856
2.24055
2.1723
2.10424
2.0373
1.97305
1.91366
1.86182
1.82068
1.79354
1.78202
1.78206
1.78438
1.78481
2.06717
2.0671
2.07016
2.07473
2.06669
2.0373
1.99088
1.93062
1.86305
1.79517
1.72697
1.65935
1.59361
1.52975
1.46639
1.40184
1.34027
1.27884
1.21304
1.14876
1.09098
1.0433
1.00681
0.980728
0.963386
0.952847
0.947362
0.945725
0.947491
0.952971
0.963005
0.978568
1.00037
1.02856
1.06263
1.10152
1.14381
1.18801
1.23262
1.27613
1.31685
1.35283
1.38177
1.40129
1.4092
1.40391
1.38474
1.35204
1.30723
1.25281
1.18759
1.11824
1.05187
0.985323
0.917879
0.850154
0.782745
0.715776
0.649098
0.582533
0.515974
0.449376
0.382741
0.316083
0.249418
0.182757
0.116101
0.0494416
6.26595
6.19924
6.13249
6.06575
5.99906
5.93251
5.86616
5.79997
5.73378
5.6673
5.60019
5.53219
5.46332
5.39399
5.32479
5.26059
5.19879
5.13558
5.07601
5.0218
4.97247
4.92682
4.88337
4.84049
4.79648
4.75013
4.70087
4.64868
4.59368
4.53588
4.47533
4.41217
4.34681
4.27987
4.21206
4.14401
4.07625
4.00907
3.94259
3.87673
3.81133
3.74615
3.68094
3.61551
3.54977
3.48361
3.41765
3.34804
3.27738
3.21016
3.1435
3.07636
3.01255
2.94948
2.88272
2.81548
2.74852
2.68224
2.61685
2.55227
2.48819
2.42415
2.35961
2.29401
2.22697
2.15859
2.08975
2.02209
1.95767
1.89873
1.84786
1.80875
1.78609
1.78111
1.78377
1.78481
2.11516
2.11625
2.11907
2.11361
2.08846
2.04496
1.98952
1.92745
1.8622
1.79586
1.72956
1.66365
1.59789
1.5318
1.46496
1.39735
1.32942
1.26199
1.19587
1.13155
1.06908
1.00817
0.948599
0.890966
0.83749
0.792475
0.761276
0.748717
0.757702
0.787161
0.831666
0.884417
0.940348
0.997364
1.05592
1.11724
1.18163
1.24824
1.31596
1.38408
1.45231
1.52019
1.5864
1.64853
1.70325
1.74671
1.77527
1.7875
1.78767
1.78529
1.78481
1.55449
1.55275
1.55015
1.56478
1.60947
1.67244
1.73991
1.80677
1.87284
1.93898
2.00555
2.07072
2.12936
2.17401
2.19779
2.19552
2.1654
2.11318
2.04967
1.98342
1.91331
1.84325
1.77674
1.70636
1.62911
1.54588
1.4595
1.37302
1.28879
1.20817
1.13158
1.05871
0.988869
0.92119
0.85484
0.789133
0.723579
0.657875
0.591866
0.525512
0.458877
0.392123
0.325483
0.259188
0.193374
0.128015
0.0629227
6.28101
6.21567
6.14994
6.08382
6.01738
5.95078
5.88404
5.81694
5.75001
5.68454
5.62057
5.55664
5.4917
5.42573
5.35919
5.2924
5.22553
5.15869
5.092
5.02549
4.95918
4.893
4.82683
4.75996
4.6971
4.63602
4.57202
4.51071
4.45701
4.4145
4.38412
4.36477
4.35435
4.35051
4.35114
4.35459
4.35974
4.36571
4.37161
4.37616
4.37753
4.37329
4.36072
4.33739
4.30218
4.25596
4.20147
4.14212
4.08062
4.01833
3.95543
3.89165
3.82681
3.76104
3.69467
3.62806
3.56144
3.49491
3.42845
3.36201
3.29553
3.229
3.16244
3.09587
3.02932
2.96276
2.89612
2.8293
2.76218
2.69535
2.62508
2.55423
2.48697
2.42445
2.36367
2.29967
2.23504
2.16994
2.10403
2.03679
1.96804
1.89869
1.83077
1.76678
1.70905
1.6599
1.62238
1.60084
1.59634
1.59896
1.59994
1.55449
1.55254
1.55049
1.57425
1.63543
1.71478
1.79608
1.87081
1.93984
2.00752
2.07731
2.14908
2.21862
2.28307
2.34446
2.40664
2.46988
2.52956
2.58764
2.63783
2.66521
2.66544
2.63994
2.59453
2.53705
2.47432
2.41184
2.35526
2.31081
2.28394
2.27788
2.29311
2.32751
2.3771
2.43693
2.50237
2.57001
2.63794
2.70547
2.77256
2.83937
2.90604
2.97266
3.03927
3.10588
3.17251
3.23916
3.30583
3.37251
3.43923
3.50595
3.57267
3.63933
3.70588
3.7723
3.8387
3.90529
3.97225
4.03955
4.10683
4.17358
4.2395
4.30454
4.36873
4.43178
4.49303
4.55161
4.60677
4.65826
4.7064
4.75213
4.79679
4.84185
4.88853
4.93762
4.98939
5.04382
5.10078
5.16008
5.22159
5.28513
5.35042
5.41707
5.48459
5.55249
5.62034
5.68788
5.75502
5.82179
5.88833
5.95477
6.02123
6.08775
6.15435
6.22101
0.00451466
0.071205
0.137862
0.204551
0.270762
0.340395
0.411084
0.478434
0.545867
0.609802
0.672559
0.73838
0.804346
0.870215
0.936148
1.00228
1.0687
1.13552
1.20295
1.27094
1.33884
1.40507
1.46733
1.5228
1.56828
1.60029
1.61617
1.61808
1.61563
1.61495
1.55449
1.55283
1.55023
1.56326
1.60348
1.6616
1.72702
1.7944
1.86174
1.92855
1.99492
2.06097
2.12656
2.19108
2.25342
2.31207
2.36529
2.4113
2.44838
2.47501
2.48987
2.4919
2.48037
2.45505
2.41649
2.36638
2.30793
2.24592
2.18633
2.13541
2.09865
2.07988
2.08088
2.10132
2.13898
2.19028
2.25094
2.31693
2.38512
2.45362
2.52159
2.58892
2.65578
2.72242
2.78899
2.85557
2.92219
2.98884
3.0555
3.12217
3.18883
3.25549
3.32216
3.38885
3.45555
3.52227
3.58896
3.65559
3.72212
3.78856
3.855
3.9216
3.98855
4.05592
4.12355
4.19102
4.25785
4.32373
4.38866
4.45289
4.51657
4.57938
4.64027
4.6976
4.74964
4.79526
4.83454
4.86892
4.90096
4.93366
4.96979
5.01134
5.05922
5.11329
5.17263
5.23586
5.30156
5.36851
5.43586
5.50313
5.57017
5.63697
5.70361
5.77018
5.83676
5.90341
5.97016
6.03702
6.10396
6.17093
6.23785
0.0214774
0.0881424
0.154658
0.221063
0.287429
0.35384
0.420366
0.487042
0.553846
0.620687
0.687431
0.753941
0.82014
0.886077
0.951961
1.01813
1.08496
1.15267
1.22115
1.2898
1.35746
1.42256
1.4832
1.53722
1.58199
1.61402
1.62997
1.63173
1.62922
1.62857
1.55449
1.55461
1.55285
1.54876
1.54905
1.56127
1.58801
1.62826
1.67931
1.73798
1.80132
1.86698
1.93353
2.0004
2.06746
2.13449
2.20074
2.26467
2.32418
2.37693
2.42085
2.45442
2.47668
2.48716
2.48574
2.47257
2.44814
2.41352
2.37062
2.32254
2.27346
2.22843
2.19271
2.17098
2.16666
2.18114
2.21355
2.26092
2.31904
2.38302
2.45334
2.52543
2.59389
2.66147
2.7286
2.79537
2.86175
2.92772
2.99338
3.0589
3.12446
3.19021
3.25618
3.32236
3.38873
3.45528
3.52198
3.58879
3.65566
3.7226
3.7896
3.85664
3.92366
3.99049
4.05692
4.12278
4.18804
4.25298
4.31819
4.38448
4.45254
4.52272
4.5953
4.66949
4.74155
4.80778
4.86769
4.92242
4.97349
5.0226
5.06974
5.1146
5.16031
5.20852
5.25735
5.30687
5.3597
5.41798
5.48221
5.55129
5.62315
5.6956
5.76701
5.83664
5.90449
5.97099
6.03675
6.10228
6.16794
6.23394
0.0170964
0.0837914
0.150992
0.217952
0.28313
0.346379
0.409201
0.472795
0.537233
0.602091
0.667009
0.731794
0.796371
0.860746
0.924982
0.989181
1.05352
1.11835
1.1841
1.25135
1.31885
1.38526
1.45099
1.51727
1.57694
1.61953
1.64133
1.6447
1.64184
1.64096
1.55449
1.55457
1.55234
1.54813
1.55087
1.56836
1.60155
1.64816
1.70493
1.76804
1.83325
1.89618
1.95301
2.00105
2.03926
2.06821
2.08981
2.10678
2.122
2.13794
2.15622
2.17738
2.20103
2.22599
2.25067
2.27322
2.29174
2.30426
2.30886
2.30388
2.28828
2.26206
2.22673
2.18559
2.14353
2.10635
2.07969
2.06795
2.07361
2.09701
2.13647
2.18879
2.25004
2.31637
2.3848
2.45345
2.52153
2.5889
2.65577
2.72239
2.78895
2.85552
2.92214
2.9888
3.05547
3.12213
3.18876
3.25537
3.32196
3.3886
3.45534
3.52222
3.58924
3.6563
3.72326
3.78997
3.85636
3.92249
3.98854
4.05478
4.12148
4.18878
4.25655
4.32435
4.39137
4.45669
4.51952
4.57942
4.63645
4.69114
4.74427
4.79669
4.84891
4.90102
4.95275
5.00391
5.05474
5.10595
5.15852
5.21341
5.27132
5.33255
5.39694
5.46388
5.53251
5.60186
5.67112
5.73975
5.80759
5.87469
5.9413
6.00766
6.07398
6.14038
6.20688
6.27348
0.0569678
0.123669
0.190381
0.257092
0.323792
0.390468
0.457111
0.523715
0.590291
0.656859
0.723451
0.790095
0.856816
0.923649
0.990657
1.05795
1.12566
1.19387
1.26244
1.33087
1.39813
1.4626
1.52212
1.57405
1.61535
1.64278
1.65462
1.65474
1.65241
1.65195
1.55449
1.55399
1.55124
1.55128
1.56544
1.5982
1.64595
1.70294
1.76441
1.82724
1.88976
1.9513
2.01165
2.07041
2.12634
2.17724
2.22044
2.25393
2.27735
2.29209
2.30052
2.30494
2.30691
2.30687
2.30423
2.29755
2.28482
2.26393
2.2331
2.19145
2.13946
2.0791
2.01352
1.94632
1.88081
1.81957
1.76459
1.71787
1.68242
1.66244
1.65848
1.661
1.6619
1.87518
1.87713
1.8792
1.85543
1.79404
1.7142
1.63273
1.56151
1.4965
1.42796
1.35922
1.28885
1.20999
1.12379
1.03343
0.942776
0.856456
0.778475
0.709152
0.645274
0.58245
0.519788
0.457773
0.397323
0.337886
0.28756
0.259679
0.257396
0.279254
0.320852
0.375988
0.438397
0.503511
0.569023
0.633792
0.695972
0.751913
0.79661
0.82524
0.834631
0.823934
0.794555
0.749623
0.693231
0.629576
0.562211
0.493611
0.425136
0.357284
0.290051
0.223232
0.156607
0.0900269
0.0234208
6.23997
6.17332
6.10669
6.04009
5.97347
5.90676
5.83986
5.77273
5.70543
5.63812
5.57105
5.50449
5.43875
5.37411
5.31078
5.24886
5.18827
5.12874
5.06987
5.01124
4.95252
4.8935
4.83406
4.77409
4.71343
4.65193
4.58948
4.52607
4.46178
4.39678
4.33126
4.2654
4.19932
4.1331
4.06679
4.00041
3.93395
3.86743
3.80087
3.7342
3.66796
3.59829
3.52763
3.46035
3.39361
3.32648
3.26282
3.20019
3.13414
3.06757
3.00083
2.93392
2.86692
2.79995
2.7332
2.66684
2.60089
2.53528
2.46982
2.40429
2.33842
2.27192
2.20456
2.13651
2.06857
2.00227
1.93972
1.88341
1.8363
1.80212
1.7843
1.78154
1.78404
1.78481
1.9059
1.90785
1.90991
1.88615
1.82476
1.74491
1.66342
1.59219
1.52724
1.4588
1.39016
1.31978
1.24079
1.15425
1.06346
0.973134
0.887532
0.811157
0.745322
0.683463
0.619871
0.558764
0.50302
0.461148
0.446247
0.459733
0.497156
0.551223
0.614337
0.680511
0.7462
0.810189
0.872928
0.935381
0.997435
1.05654
1.10757
1.14413
1.16125
1.15621
1.12799
1.07974
1.01916
0.953656
0.887103
0.820573
0.754056
0.687472
0.620859
0.55426
0.48767
0.421065
0.354434
0.287779
0.221105
0.154413
0.0877035
0.0209877
6.23748
6.17084
6.1043
6.03787
5.97144
5.90483
5.83782
5.77036
5.70272
5.63552
5.56897
5.50335
5.44017
5.37944
5.31849
5.25582
5.193
5.13324
5.07927
5.03236
4.99218
4.95708
4.92452
4.89155
4.85542
4.81405
4.76643
4.71256
4.65331
4.59002
4.52413
4.45688
4.38916
4.3215
4.2541
4.187
4.12013
4.0534
3.98675
3.92014
3.85353
3.78691
3.72028
3.65364
3.58698
3.52031
3.45364
3.38697
3.3203
3.25363
3.18698
3.12032
3.05366
2.98697
2.92026
2.85354
2.78683
2.72018
2.65363
2.5872
2.52084
2.45441
2.3877
2.32045
2.25251
2.18399
2.11542
2.04788
1.98298
1.92275
1.8696
1.8264
1.79658
1.78271
1.78184
1.78427
1.78481
1.94063
1.94258
1.94469
1.92076
1.85935
1.7826
1.70684
1.63967
1.5764
1.51272
1.45111
1.39022
1.32881
1.26639
1.20251
1.13933
1.07921
1.01917
0.95634
0.891696
0.828425
0.77087
0.722687
0.685511
0.658958
0.64147
0.631299
0.627262
0.629163
0.637808
0.654674
0.681334
0.718753
0.766598
0.822702
0.882896
0.941425
0.991939
1.02873
1.04772
1.04697
1.02671
0.989123
0.937833
0.877124
0.811071
0.742821
0.67429
0.606303
0.538978
0.47212
0.405492
0.338928
0.272348
0.205732
0.139085
0.0724193
0.00574462
6.22226
6.15559
6.08893
6.02228
5.95562
5.88894
5.82224
5.75552
5.68881
5.62216
5.5556
5.4891
5.42253
5.35579
5.28885
5.22187
5.15513
5.08896
5.02355
4.95899
4.8952
4.8321
4.76958
4.70754
4.6458
4.58418
4.52257
4.46096
4.39955
4.33855
4.27808
4.218
4.15791
4.09725
4.03549
3.97226
3.90745
3.84123
3.77397
3.70614
3.63819
3.57046
3.50309
3.4361
3.36939
3.30282
3.23628
3.1697
3.10306
3.03643
2.96986
2.9034
2.83702
2.7706
2.704
2.63707
2.56976
2.50213
2.43439
2.36671
2.29922
2.23195
2.16486
2.09812
2.03237
1.96895
1.91002
1.85853
1.81801
1.79195
1.78159
1.78216
1.78444
1.78481
1.97938
1.98132
1.98343
1.95986
1.89867
1.81873
1.73632
1.66058
1.59147
1.52513
1.45833
1.39036
1.32256
1.25664
1.1931
1.13064
1.06745
1.00263
0.941681
0.881965
0.817172
0.75103
0.689642
0.64218
0.616341
0.615293
0.637756
0.67872
0.736432
0.803099
0.870655
0.934915
0.997203
1.06226
1.12742
1.19083
1.24786
1.29227
1.31867
1.32415
1.3085
1.27385
1.2241
1.1641
1.09846
1.03062
0.962554
0.894983
0.827943
0.761236
0.694665
0.628099
0.561461
0.494711
0.427852
0.360922
0.293989
0.227124
0.160369
0.0937179
0.0271134
6.24366
6.17691
6.11003
6.04311
5.97629
5.90973
5.84355
5.77766
5.71174
5.64544
5.57859
5.51136
5.44419
5.37753
5.31166
5.2468
5.18319
5.12111
5.06073
5.00188
4.94401
4.8864
4.82847
4.77014
4.71186
4.65426
4.59763
4.54164
4.4855
4.42819
4.36885
4.30696
4.24243
4.17566
4.10732
4.03827
3.96924
3.90074
3.83297
3.76588
3.69926
3.63288
3.56655
3.50016
3.43366
3.36706
3.30038
3.23364
3.16686
3.10009
3.0334
2.96685
2.90044
2.83415
2.7678
2.70121
2.6342
2.5667
2.49884
2.43087
2.36308
2.29566
2.22866
2.162
2.09578
2.03048
1.96738
1.90863
1.85728
1.81701
1.79136
1.78144
1.7822
1.78447
1.78481
2.02161
2.02356
2.02567
2.00218
1.94069
1.86084
1.78264
1.71316
1.64768
1.58413
1.52194
1.46048
1.39901
1.33697
1.27422
1.21149
1.1526
1.0938
1.03509
0.985457
0.947932
0.922861
0.90848
0.9019
0.900244
0.901457
0.904658
0.910091
0.918815
0.932266
0.95184
0.97858
1.01296
1.05473
1.10281
1.15513
1.20863
1.25939
1.30311
1.33566
1.35376
1.3554
1.34003
1.30917
1.26355
1.20452
1.13864
1.07169
1.00505
0.938411
0.871445
0.804296
0.737239
0.670371
0.6036
0.536803
0.469924
0.402995
0.33609
0.269273
0.202567
0.135944
0.0693526
0.00274372
6.21928
6.15257
6.08584
6.01911
5.95242
5.88584
5.81944
5.75326
5.68728
5.62131
5.55507
5.48827
5.42014
5.35223
5.28668
5.22125
5.15447
5.08829
5.02491
4.9653
4.90899
4.85482
4.80154
4.74823
4.69453
4.64054
4.58656
4.53277
4.47893
4.42442
4.36844
4.31026
4.24941
4.18578
4.11971
4.05185
3.98301
3.91397
3.84531
3.77732
3.71003
3.64326
3.57681
3.51046
3.44408
3.3776
3.31102
3.24434
3.17762
3.11089
3.04419
2.97755
2.91097
2.84444
2.77791
2.71132
2.64462
2.57777
2.51076
2.4436
2.37622
2.30856
2.24055
2.1723
2.10424
2.0373
1.97305
1.91366
1.86182
1.82068
1.79354
1.78202
1.78206
1.78438
1.78481
2.06717
2.0671
2.07016
2.07473
2.06669
2.0373
1.99088
1.93062
1.86305
1.79517
1.72697
1.65935
1.59361
1.52975
1.46639
1.40184
1.34027
1.27884
1.21304
1.14876
1.09098
1.0433
1.00681
0.980728
0.963386
0.952847
0.947362
0.945725
0.947491
0.952971
0.963005
0.978568
1.00037
1.02856
1.06263
1.10152
1.14381
1.18801
1.23262
1.27613
1.31685
1.35283
1.38177
1.40129
1.4092
1.40391
1.38474
1.35204
1.30723
1.25281
1.18759
1.11824
1.05187
0.985323
0.917879
0.850154
0.782745
0.715776
0.649098
0.582533
0.515974
0.449376
0.382741
0.316083
0.249418
0.182757
0.116101
0.0494416
6.26595
6.19924
6.13249
6.06575
5.99906
5.93251
5.86616
5.79997
5.73378
5.6673
5.60019
5.53219
5.46332
5.39399
5.32479
5.26059
5.19879
5.13558
5.07601
5.0218
4.97247
4.92682
4.88337
4.84049
4.79648
4.75013
4.70087
4.64868
4.59368
4.53588
4.47533
4.41217
4.34681
4.27987
4.21206
4.14401
4.07625
4.00907
3.94259
3.87673
3.81133
3.74615
3.68094
3.61551
3.54977
3.48361
3.41765
3.34804
3.27738
3.21016
3.1435
3.07636
3.01255
2.94948
2.88272
2.81548
2.74852
2.68224
2.61685
2.55227
2.48819
2.42415
2.35961
2.29401
2.22697
2.15859
2.08975
2.02209
1.95767
1.89873
1.84786
1.80875
1.78609
1.78111
1.78377
1.78481
2.11516
2.11625
2.11907
2.11361
2.08846
2.04496
1.98952
1.92745
1.8622
1.79586
1.72956
1.66365
1.59789
1.5318
1.46496
1.39735
1.32942
1.26199
1.19587
1.13155
1.06908
1.00817
0.948599
0.890966
0.83749
0.792475
0.761276
0.748717
0.757702
0.787161
0.831666
0.884417
0.940348
0.997364
1.05592
1.11724
1.18163
1.24824
1.31596
1.38408
1.45231
1.52019
1.5864
1.64853
1.70325
1.74671
1.77527
1.7875
1.78767
1.78529
1.78481
1.55449
1.55275
1.55015
1.56478
1.60947
1.67244
1.73991
1.80677
1.87284
1.93898
2.00555
2.07072
2.12936
2.17401
2.19779
2.19552
2.1654
2.11318
2.04967
1.98342
1.91331
1.84325
1.77674
1.70636
1.62911
1.54588
1.4595
1.37302
1.28879
1.20817
1.13158
1.05871
0.988869
0.92119
0.85484
0.789133
0.723579
0.657875
0.591866
0.525512
0.458877
0.392123
0.325483
0.259188
0.193374
0.128015
0.0629227
6.28101
6.21567
6.14994
6.08382
6.01738
5.95078
5.88404
5.81694
5.75001
5.68454
5.62057
5.55664
5.4917
5.42573
5.35919
5.2924
5.22553
5.15869
5.092
5.02549
4.95918
4.893
4.82683
4.75996
4.6971
4.63602
4.57202
4.51071
4.45701
4.4145
4.38412
4.36477
4.35435
4.35051
4.35114
4.35459
4.35974
4.36571
4.37161
4.37616
4.37753
4.37329
4.36072
4.33739
4.30218
4.25596
4.20147
4.14212
4.08062
4.01833
3.95543
3.89165
3.82681
3.76104
3.69467
3.62806
3.56144
3.49491
3.42845
3.36201
3.29553
3.229
3.16244
3.09587
3.02932
2.96276
2.89612
2.8293
2.76218
2.69535
2.62508
2.55423
2.48697
2.42445
2.36367
2.29967
2.23504
2.16994
2.10403
2.03679
1.96804
1.89869
1.83077
1.76678
1.70905
1.6599
1.62238
1.60084
1.59634
1.59896
1.59994
1.55449
1.55254
1.55049
1.57425
1.63543
1.71478
1.79608
1.87081
1.93984
2.00752
2.07731
2.14908
2.21862
2.28307
2.34446
2.40664
2.46988
2.52956
2.58764
2.63783
2.66521
2.66544
2.63994
2.59453
2.53705
2.47432
2.41184
2.35526
2.31081
2.28394
2.27788
2.29311
2.32751
2.3771
2.43693
2.50237
2.57001
2.63794
2.70547
2.77256
2.83937
2.90604
2.97266
3.03927
3.10588
3.17251
3.23916
3.30583
3.37251
3.43923
3.50595
3.57267
3.63933
3.70588
3.7723
3.8387
3.90529
3.97225
4.03955
4.10683
4.17358
4.2395
4.30454
4.36873
4.43178
4.49303
4.55161
4.60677
4.65826
4.7064
4.75213
4.79679
4.84185
4.88853
4.93762
4.98939
5.04382
5.10078
5.16008
5.22159
5.28513
5.35042
5.41707
5.48459
5.55249
5.62034
5.68788
5.75502
5.82179
5.88833
5.95477
6.02123
6.08775
6.15435
6.22101
0.00451466
0.071205
0.137862
0.204551
0.270762
0.340395
0.411084
0.478434
0.545867
0.609802
0.672559
0.73838
0.804346
0.870215
0.936148
1.00228
1.0687
1.13552
1.20295
1.27094
1.33884
1.40507
1.46733
1.5228
1.56828
1.60029
1.61617
1.61808
1.61563
1.61495
1.55449
1.55283
1.55023
1.56326
1.60348
1.6616
1.72702
1.7944
1.86174
1.92855
1.99492
2.06097
2.12656
2.19108
2.25342
2.31207
2.36529
2.4113
2.44838
2.47501
2.48987
2.4919
2.48037
2.45505
2.41649
2.36638
2.30793
2.24592
2.18633
2.13541
2.09865
2.07988
2.08088
2.10132
2.13898
2.19028
2.25094
2.31693
2.38512
2.45362
2.52159
2.58892
2.65578
2.72242
2.78899
2.85557
2.92219
2.98884
3.0555
3.12217
3.18883
3.25549
3.32216
3.38885
3.45555
3.52227
3.58896
3.65559
3.72212
3.78856
3.855
3.9216
3.98855
4.05592
4.12355
4.19102
4.25785
4.32373
4.38866
4.45289
4.51657
4.57938
4.64027
4.6976
4.74964
4.79526
4.83454
4.86892
4.90096
4.93366
4.96979
5.01134
5.05922
5.11329
5.17263
5.23586
5.30156
5.36851
5.43586
5.50313
5.57017
5.63697
5.70361
5.77018
5.83676
5.90341
5.97016
6.03702
6.10396
6.17093
6.23785
0.0214774
0.0881424
0.154658
0.221063
0.287429
0.35384
0.420366
0.487042
0.553846
0.620687
0.687431
0.753941
0.82014
0.886077
0.951961
1.01813
1.08496
1.15267
1.22115
1.2898
1.35746
1.42256
1.4832
1.53722
1.58199
1.61402
1.62997
1.63173
1.62922
1.62857
1.55449
1.55461
1.55285
1.54876
1.54905
1.56127
1.58801
1.62826
1.67931
1.73798
1.80132
1.86698
1.93353
2.0004
2.06746
2.13449
2.20074
2.26467
2.32418
2.37693
2.42085
2.45442
2.47668
2.48716
2.48574
2.47257
2.44814
2.41352
2.37062
2.32254
2.27346
2.22843
2.19271
2.17098
2.16666
2.18114
2.21355
2.26092
2.31904
2.38302
2.45334
2.52543
2.59389
2.66147
2.7286
2.79537
2.86175
2.92772
2.99338
3.0589
3.12446
3.19021
3.25618
3.32236
3.38873
3.45528
3.52198
3.58879
3.65566
3.7226
3.7896
3.85664
3.92366
3.99049
4.05692
4.12278
4.18804
4.25298
4.31819
4.38448
4.45254
4.52272
4.5953
4.66949
4.74155
4.80778
4.86769
4.92242
4.97349
5.0226
5.06974
5.1146
5.16031
5.20852
5.25735
5.30687
5.3597
5.41798
5.48221
5.55129
5.62315
5.6956
5.76701
5.83664
5.90449
5.97099
6.03675
6.10228
6.16794
6.23394
0.0170964
0.0837914
0.150992
0.217952
0.28313
0.346379
0.409201
0.472795
0.537233
0.602091
0.667009
0.731794
0.796371
0.860746
0.924982
0.989181
1.05352
1.11835
1.1841
1.25135
1.31885
1.38526
1.45099
1.51727
1.57694
1.61953
1.64133
1.6447
1.64184
1.64096
1.55449
1.55457
1.55234
1.54813
1.55087
1.56836
1.60155
1.64816
1.70493
1.76804
1.83325
1.89618
1.95301
2.00105
2.03926
2.06821
2.08981
2.10678
2.122
2.13794
2.15622
2.17738
2.20103
2.22599
2.25067
2.27322
2.29174
2.30426
2.30886
2.30388
2.28828
2.26206
2.22673
2.18559
2.14353
2.10635
2.07969
2.06795
2.07361
2.09701
2.13647
2.18879
2.25004
2.31637
2.3848
2.45345
2.52153
2.5889
2.65577
2.72239
2.78895
2.85552
2.92214
2.9888
3.05547
3.12213
3.18876
3.25537
3.32196
3.3886
3.45534
3.52222
3.58924
3.6563
3.72326
3.78997
3.85636
3.92249
3.98854
4.05478
4.12148
4.18878
4.25655
4.32435
4.39137
4.45669
4.51952
4.57942
4.63645
4.69114
4.74427
4.79669
4.84891
4.90102
4.95275
5.00391
5.05474
5.10595
5.15852
5.21341
5.27132
5.33255
5.39694
5.46388
5.53251
5.60186
5.67112
5.73975
5.80759
5.87469
5.9413
6.00766
6.07398
6.14038
6.20688
6.27348
0.0569678
0.123669
0.190381
0.257092
0.323792
0.390468
0.457111
0.523715
0.590291
0.656859
0.723451
0.790095
0.856816
0.923649
0.990657
1.05795
1.12566
1.19387
1.26244
1.33087
1.39813
1.4626
1.52212
1.57405
1.61535
1.64278
1.65462
1.65474
1.65241
1.65195
1.55449
1.55399
1.55124
1.55128
1.56544
1.5982
1.64595
1.70294
1.76441
1.82724
1.88976
1.9513
2.01165
2.07041
2.12634
2.17724
2.22044
2.25393
2.27735
2.29209
2.30052
2.30494
2.30691
2.30687
2.30423
2.29755
2.28482
2.26393
2.2331
2.19145
2.13946
2.0791
2.01352
1.94632
1.88081
1.81957
1.76459
1.71787
1.68242
1.66244
1.65848
1.661
1.6619
1.87518
1.87713
1.8792
1.85543
1.79404
1.7142
1.63273
1.56151
1.4965
1.42796
1.35922
1.28885
1.20999
1.12379
1.03343
0.942776
0.856456
0.778475
0.709152
0.645274
0.58245
0.519788
0.457773
0.397323
0.337886
0.28756
0.259679
0.257396
0.279254
0.320852
0.375988
0.438397
0.503511
0.569023
0.633792
0.695972
0.751913
0.79661
0.82524
0.834631
0.823934
0.794555
0.749623
0.693231
0.629576
0.562211
0.493611
0.425136
0.357284
0.290051
0.223232
0.156607
0.0900269
0.0234208
6.23997
6.17332
6.10669
6.04009
5.97347
5.90676
5.83986
5.77273
5.70543
5.63812
5.57105
5.50449
5.43875
5.37411
5.31078
5.24886
5.18827
5.12874
5.06987
5.01124
4.95252
4.8935
4.83406
4.77409
4.71343
4.65193
4.58948
4.52607
4.46178
4.39678
4.33126
4.2654
4.19932
4.1331
4.06679
4.00041
3.93395
3.86743
3.80087
3.7342
3.66796
3.59829
3.52763
3.46035
3.39361
3.32648
3.26282
3.20019
3.13414
3.06757
3.00083
2.93392
2.86692
2.79995
2.7332
2.66684
2.60089
2.53528
2.46982
2.40429
2.33842
2.27192
2.20456
2.13651
2.06857
2.00227
1.93972
1.88341
1.8363
1.80212
1.7843
1.78154
1.78404
1.78481
1.9059
1.90785
1.90991
1.88615
1.82476
1.74491
1.66342
1.59219
1.52724
1.4588
1.39016
1.31978
1.24079
1.15425
1.06346
0.973134
0.887532
0.811157
0.745322
0.683463
0.619871
0.558764
0.50302
0.461148
0.446247
0.459733
0.497156
0.551223
0.614337
0.680511
0.7462
0.810189
0.872928
0.935381
0.997435
1.05654
1.10757
1.14413
1.16125
1.15621
1.12799
1.07974
1.01916
0.953656
0.887103
0.820573
0.754056
0.687472
0.620859
0.55426
0.48767
0.421065
0.354434
0.287779
0.221105
0.154413
0.0877035
0.0209877
6.23748
6.17084
6.1043
6.03787
5.97144
5.90483
5.83782
5.77036
5.70272
5.63552
5.56897
5.50335
5.44017
5.37944
5.31849
5.25582
5.193
5.13324
5.07927
5.03236
4.99218
4.95708
4.92452
4.89155
4.85542
4.81405
4.76643
4.71256
4.65331
4.59002
4.52413
4.45688
4.38916
4.3215
4.2541
4.187
4.12013
4.0534
3.98675
3.92014
3.85353
3.78691
3.72028
3.65364
3.58698
3.52031
3.45364
3.38697
3.3203
3.25363
3.18698
3.12032
3.05366
2.98697
2.92026
2.85354
2.78683
2.72018
2.65363
2.5872
2.52084
2.45441
2.3877
2.32045
2.25251
2.18399
2.11542
2.04788
1.98298
1.92275
1.8696
1.8264
1.79658
1.78271
1.78184
1.78427
1.78481
1.94063
1.94258
1.94469
1.92076
1.85935
1.7826
1.70684
1.63967
1.5764
1.51272
1.45111
1.39022
1.32881
1.26639
1.20251
1.13933
1.07921
1.01917
0.95634
0.891696
0.828425
0.77087
0.722687
0.685511
0.658958
0.64147
0.631299
0.627262
0.629163
0.637808
0.654674
0.681334
0.718753
0.766598
0.822702
0.882896
0.941425
0.991939
1.02873
1.04772
1.04697
1.02671
0.989123
0.937833
0.877124
0.811071
0.742821
0.67429
0.606303
0.538978
0.47212
0.405492
0.338928
0.272348
0.205732
0.139085
0.0724193
0.00574462
6.22226
6.15559
6.08893
6.02228
5.95562
5.88894
5.82224
5.75552
5.68881
5.62216
5.5556
5.4891
5.42253
5.35579
5.28885
5.22187
5.15513
5.08896
5.02355
4.95899
4.8952
4.8321
4.76958
4.70754
4.6458
4.58418
4.52257
4.46096
4.39955
4.33855
4.27808
4.218
4.15791
4.09725
4.03549
3.97226
3.90745
3.84123
3.77397
3.70614
3.63819
3.57046
3.50309
3.4361
3.36939
3.30282
3.23628
3.1697
3.10306
3.03643
2.96986
2.9034
2.83702
2.7706
2.704
2.63707
2.56976
2.50213
2.43439
2.36671
2.29922
2.23195
2.16486
2.09812
2.03237
1.96895
1.91002
1.85853
1.81801
1.79195
1.78159
1.78216
1.78444
1.78481
1.97938
1.98132
1.98343
1.95986
1.89867
1.81873
1.73632
1.66058
1.59147
1.52513
1.45833
1.39036
1.32256
1.25664
1.1931
1.13064
1.06745
1.00263
0.941681
0.881965
0.817172
0.75103
0.689642
0.64218
0.616341
0.615293
0.637756
0.67872
0.736432
0.803099
0.870655
0.934915
0.997203
1.06226
1.12742
1.19083
1.24786
1.29227
1.31867
1.32415
1.3085
1.27385
1.2241
1.1641
1.09846
1.03062
0.962554
0.894983
0.827943
0.761236
0.694665
0.628099
0.561461
0.494711
0.427852
0.360922
0.293989
0.227124
0.160369
0.0937179
0.0271134
6.24366
6.17691
6.11003
6.04311
5.97629
5.90973
5.84355
5.77766
5.71174
5.64544
5.57859
5.51136
5.44419
5.37753
5.31166
5.2468
5.18319
5.12111
5.06073
5.00188
4.94401
4.8864
4.82847
4.77014
4.71186
4.65426
4.59763
4.54164
4.4855
4.42819
4.36885
4.30696
4.24243
4.17566
4.10732
4.03827
3.96924
3.90074
3.83297
3.76588
3.69926
3.63288
3.56655
3.50016
3.43366
3.36706
3.30038
3.23364
3.16686
3.10009
3.0334
2.96685
2.90044
2.83415
2.7678
2.70121
2.6342
2.5667
2.49884
2.43087
2.36308
2.29566
2.22866
2.162
2.09578
2.03048
1.96738
1.90863
1.85728
1.81701
1.79136
1.78144
1.7822
1.78447
1.78481
2.02161
2.02356
2.02567
2.00218
1.94069
1.86084
1.78264
1.71316
1.64768
1.58413
1.52194
1.46048
1.39901
1.33697
1.27422
1.21149
1.1526
1.0938
1.03509
0.985457
0.947932
0.922861
0.90848
0.9019
0.900244
0.901457
0.904658
0.910091
0.918815
0.932266
0.95184
0.97858
1.01296
1.05473
1.10281
1.15513
1.20863
1.25939
1.30311
1.33566
1.35376
1.3554
1.34003
1.30917
1.26355
1.20452
1.13864
1.07169
1.00505
0.938411
0.871445
0.804296
0.737239
0.670371
0.6036
0.536803
0.469924
0.402995
0.33609
0.269273
0.202567
0.135944
0.0693526
0.00274372
6.21928
6.15257
6.08584
6.01911
5.95242
5.88584
5.81944
5.75326
5.68728
5.62131
5.55507
5.48827
5.42014
5.35223
5.28668
5.22125
5.15447
5.08829
5.02491
4.9653
4.90899
4.85482
4.80154
4.74823
4.69453
4.64054
4.58656
4.53277
4.47893
4.42442
4.36844
4.31026
4.24941
4.18578
4.11971
4.05185
3.98301
3.91397
3.84531
3.77732
3.71003
3.64326
3.57681
3.51046
3.44408
3.3776
3.31102
3.24434
3.17762
3.11089
3.04419
2.97755
2.91097
2.84444
2.77791
2.71132
2.64462
2.57777
2.51076
2.4436
2.37622
2.30856
2.24055
2.1723
2.10424
2.0373
1.97305
1.91366
1.86182
1.82068
1.79354
1.78202
1.78206
1.78438
1.78481
2.06717
2.0671
2.07016
2.07473
2.06669
2.0373
1.99088
1.93062
1.86305
1.79517
1.72697
1.65935
1.59361
1.52975
1.46639
1.40184
1.34027
1.27884
1.21304
1.14876
1.09098
1.0433
1.00681
0.980728
0.963386
0.952847
0.947362
0.945725
0.947491
0.952971
0.963005
0.978568
1.00037
1.02856
1.06263
1.10152
1.14381
1.18801
1.23262
1.27613
1.31685
1.35283
1.38177
1.40129
1.4092
1.40391
1.38474
1.35204
1.30723
1.25281
1.18759
1.11824
1.05187
0.985323
0.917879
0.850154
0.782745
0.715776
0.649098
0.582533
0.515974
0.449376
0.382741
0.316083
0.249418
0.182757
0.116101
0.0494416
6.26595
6.19924
6.13249
6.06575
5.99906
5.93251
5.86616
5.79997
5.73378
5.6673
5.60019
5.53219
5.46332
5.39399
5.32479
5.26059
5.19879
5.13558
5.07601
5.0218
4.97247
4.92682
4.88337
4.84049
4.79648
4.75013
4.70087
4.64868
4.59368
4.53588
4.47533
4.41217
4.34681
4.27987
4.21206
4.14401
4.07625
4.00907
3.94259
3.87673
3.81133
3.74615
3.68094
3.61551
3.54977
3.48361
3.41765
3.34804
3.27738
3.21016
3.1435
3.07636
3.01255
2.94948
2.88272
2.81548
2.74852
2.68224
2.61685
2.55227
2.48819
2.42415
2.35961
2.29401
2.22697
2.15859
2.08975
2.02209
1.95767
1.89873
1.84786
1.80875
1.78609
1.78111
1.78377
1.78481
2.11516
2.11625
2.11907
2.11361
2.08846
2.04496
1.98952
1.92745
1.8622
1.79586
1.72956
1.66365
1.59789
1.5318
1.46496
1.39735
1.32942
1.26199
1.19587
1.13155
1.06908
1.00817
0.948599
0.890966
0.83749
0.792475
0.761276
0.748717
0.757702
0.787161
0.831666
0.884417
0.940348
0.997364
1.05592
1.11724
1.18163
1.24824
1.31596
1.38408
1.45231
1.52019
1.5864
1.64853
1.70325
1.74671
1.77527
1.7875
1.78767
1.78529
1.78481
1.55449
1.55275
1.55015
1.56478
1.60947
1.67244
1.73991
1.80677
1.87284
1.93898
2.00555
2.07072
2.12936
2.17401
2.19779
2.19552
2.1654
2.11318
2.04967
1.98342
1.91331
1.84325
1.77674
1.70636
1.62911
1.54588
1.4595
1.37302
1.28879
1.20817
1.13158
1.05871
0.988869
0.92119
0.85484
0.789133
0.723579
0.657875
0.591866
0.525512
0.458877
0.392123
0.325483
0.259188
0.193374
0.128015
0.0629227
6.28101
6.21567
6.14994
6.08382
6.01738
5.95078
5.88404
5.81694
5.75001
5.68454
5.62057
5.55664
5.4917
5.42573
5.35919
5.2924
5.22553
5.15869
5.092
5.02549
4.95918
4.893
4.82683
4.75996
4.6971
4.63602
4.57202
4.51071
4.45701
4.4145
4.38412
4.36477
4.35435
4.35051
4.35114
4.35459
4.35974
4.36571
4.37161
4.37616
4.37753
4.37329
4.36072
4.33739
4.30218
4.25596
4.20147
4.14212
4.08062
4.01833
3.95543
3.89165
3.82681
3.76104
3.69467
3.62806
3.56144
3.49491
3.42845
3.36201
3.29553
3.229
3.16244
3.09587
3.02932
2.96276
2.89612
2.8293
2.76218
2.69535
2.62508
2.55423
2.48697
2.42445
2.36367
2.29967
2.23504
2.16994
2.10403
2.03679
1.96804
1.89869
1.83077
1.76678
1.70905
1.6599
1.62238
1.60084
1.59634
1.59896
1.59994
1.55449
1.55254
1.55049
1.57425
1.63543
1.71478
1.79608
1.87081
1.93984
2.00752
2.07731
2.14908
2.21862
2.28307
2.34446
2.40664
2.46988
2.52956
2.58764
2.63783
2.66521
2.66544
2.63994
2.59453
2.53705
2.47432
2.41184
2.35526
2.31081
2.28394
2.27788
2.29311
2.32751
2.3771
2.43693
2.50237
2.57001
2.63794
2.70547
2.77256
2.83937
2.90604
2.97266
3.03927
3.10588
3.17251
3.23916
3.30583
3.37251
3.43923
3.50595
3.57267
3.63933
3.70588
3.7723
3.8387
3.90529
3.97225
4.03955
4.10683
4.17358
4.2395
4.30454
4.36873
4.43178
4.49303
4.55161
4.60677
4.65826
4.7064
4.75213
4.79679
4.84185
4.88853
4.93762
4.98939
5.04382
5.10078
5.16008
5.22159
5.28513
5.35042
5.41707
5.48459
5.55249
5.62034
5.68788
5.75502
5.82179
5.88833
5.95477
6.02123
6.08775
6.15435
6.22101
0.00451466
0.071205
0.137862
0.204551
0.270762
0.340395
0.411084
0.478434
0.545867
0.609802
0.672559
0.73838
0.804346
0.870215
0.936148
1.00228
1.0687
1.13552
1.20295
1.27094
1.33884
1.40507
1.46733
1.5228
1.56828
1.60029
1.61617
1.61808
1.61563
1.61495
1.55449
1.55283
1.55023
1.56326
1.60348
1.6616
1.72702
1.7944
1.86174
1.92855
1.99492
2.06097
2.12656
2.19108
2.25342
2.31207
2.36529
2.4113
2.44838
2.47501
2.48987
2.4919
2.48037
2.45505
2.41649
2.36638
2.30793
2.24592
2.18633
2.13541
2.09865
2.07988
2.08088
2.10132
2.13898
2.19028
2.25094
2.31693
2.38512
2.45362
2.52159
2.58892
2.65578
2.72242
2.78899
2.85557
2.92219
2.98884
3.0555
3.12217
3.18883
3.25549
3.32216
3.38885
3.45555
3.52227
3.58896
3.65559
3.72212
3.78856
3.855
3.9216
3.98855
4.05592
4.12355
4.19102
4.25785
4.32373
4.38866
4.45289
4.51657
4.57938
4.64027
4.6976
4.74964
4.79526
4.83454
4.86892
4.90096
4.93366
4.96979
5.01134
5.05922
5.11329
5.17263
5.23586
5.30156
5.36851
5.43586
5.50313
5.57017
5.63697
5.70361
5.77018
5.83676
5.90341
5.97016
6.03702
6.10396
6.17093
6.23785
0.0214774
0.0881424
0.154658
0.221063
0.287429
0.35384
0.420366
0.487042
0.553846
0.620687
0.687431
0.753941
0.82014
0.886077
0.951961
1.01813
1.08496
1.15267
1.22115
1.2898
1.35746
1.42256
1.4832
1.53722
1.58199
1.61402
1.62997
1.63173
1.62922
1.62857
1.55449
1.55461
1.55285
1.54876
1.54905
1.56127
1.58801
1.62826
1.67931
1.73798
1.80132
1.86698
1.93353
2.0004
2.06746
2.13449
2.20074
2.26467
2.32418
2.37693
2.42085
2.45442
2.47668
2.48716
2.48574
2.47257
2.44814
2.41352
2.37062
2.32254
2.27346
2.22843
2.19271
2.17098
2.16666
2.18114
2.21355
2.26092
2.31904
2.38302
2.45334
2.52543
2.59389
2.66147
2.7286
2.79537
2.86175
2.92772
2.99338
3.0589
3.12446
3.19021
3.25618
3.32236
3.38873
3.45528
3.52198
3.58879
3.65566
3.7226
3.7896
3.85664
3.92366
3.99049
4.05692
4.12278
4.18804
4.25298
4.31819
4.38448
4.45254
4.52272
4.5953
4.66949
4.74155
4.80778
4.86769
4.92242
4.97349
5.0226
5.06974
5.1146
5.16031
5.20852
5.25735
5.30687
5.3597
5.41798
5.48221
5.55129
5.62315
5.6956
5.76701
5.83664
5.90449
5.97099
6.03675
6.10228
6.16794
6.23394
0.0170964
0.0837914
0.150992
0.217952
0.28313
0.346379
0.409201
0.472795
0.537233
0.602091
0.667009
0.731794
0.796371
0.860746
0.924982
0.989181
1.05352
1.11835
1.1841
1.25135
1.31885
1.38526
1.45099
1.51727
1.57694
1.61953
1.64133
1.6447
1.64184
1.64096
1.55449
1.55457
1.55234
1.54813
1.55087
1.56836
1.60155
1.64816
1.70493
1.76804
1.83325
1.89618
1.95301
2.00105
2.03926
2.06821
2.08981
2.10678
2.122
2.13794
2.15622
2.17738
2.20103
2.22599
2.25067
2.27322
2.29174
2.30426
2.30886
2.30388
2.28828
2.26206
2.22673
2.18559
2.14353
2.10635
2.07969
2.06795
2.07361
2.09701
2.13647
2.18879
2.25004
2.31637
2.3848
2.45345
2.52153
2.5889
2.65577
2.72239
2.78895
2.85552
2.92214
2.9888
3.05547
3.12213
3.18876
3.25537
3.32196
3.3886
3.45534
3.52222
3.58924
3.6563
3.72326
3.78997
3.85636
3.92249
3.98854
4.05478
4.12148
4.18878
4.25655
4.32435
4.39137
4.45669
4.51952
4.57942
4.63645
4.69114
4.74427
4.79669
4.84891
4.90102
4.95275
5.00391
5.05474
5.10595
5.15852
5.21341
5.27132
5.33255
5.39694
5.46388
5.53251
5.60186
5.67112
5.73975
5.80759
5.87469
5.9413
6.00766
6.07398
6.14038
6.20688
6.27348
0.0569678
0.123669
0.190381
0.257092
0.323792
0.390468
0.457111
0.523715
0.590291
0.656859
0.723451
0.790095
0.856816
0.923649
0.990657
1.05795
1.12566
1.19387
1.26244
1.33087
1.39813
1.4626
1.52212
1.57405
1.61535
1.64278
1.65462
1.65474
1.65241
1.65195
1.55449
1.55399
1.55124
1.55128
1.56544
1.5982
1.64595
1.70294
1.76441
1.82724
1.88976
1.9513
2.01165
2.07041
2.12634
2.17724
2.22044
2.25393
2.27735
2.29209
2.30052
2.30494
2.30691
2.30687
2.30423
2.29755
2.28482
2.26393
2.2331
2.19145
2.13946
2.0791
2.01352
1.94632
1.88081
1.81957
1.76459
1.71787
1.68242
1.66244
1.65848
1.661
1.6619
1.87518
1.87713
1.8792
1.85543
1.79404
1.7142
1.63273
1.56151
1.4965
1.42796
1.35922
1.28885
1.20999
1.12379
1.03343
0.942776
0.856456
0.778475
0.709152
0.645274
0.58245
0.519788
0.457773
0.397323
0.337886
0.28756
0.259679
0.257396
0.279254
0.320852
0.375988
0.438397
0.503511
0.569023
0.633792
0.695972
0.751913
0.79661
0.82524
0.834631
0.823934
0.794555
0.749623
0.693231
0.629576
0.562211
0.493611
0.425136
0.357284
0.290051
0.223232
0.156607
0.0900269
0.0234208
6.23997
6.17332
6.10669
6.04009
5.97347
5.90676
5.83986
5.77273
5.70543
5.63812
5.57105
5.50449
5.43875
5.37411
5.31078
5.24886
5.18827
5.12874
5.06987
5.01124
4.95252
4.8935
4.83406
4.77409
4.71343
4.65193
4.58948
4.52607
4.46178
4.39678
4.33126
4.2654
4.19932
4.1331
4.06679
4.00041
3.93395
3.86743
3.80087
3.7342
3.66796
3.59829
3.52763
3.46035
3.39361
3.32648
3.26282
3.20019
3.13414
3.06757
3.00083
2.93392
2.86692
2.79995
2.7332
2.66684
2.60089
2.53528
2.46982
2.40429
2.33842
2.27192
2.20456
2.13651
2.06857
2.00227
1.93972
1.88341
1.8363
1.80212
1.7843
1.78154
1.78404
1.78481
1.9059
1.90785
1.90991
1.88615
1.82476
1.74491
1.66342
1.59219
1.52724
1.4588
1.39016
1.31978
1.24079
1.15425
1.06346
0.973134
0.887532
0.811157
0.745322
0.683463
0.619871
0.558764
0.50302
0.461148
0.446247
0.459733
0.497156
0.551223
0.614337
0.680511
0.7462
0.810189
0.872928
0.935381
0.997435
1.05654
1.10757
1.14413
1.16125
1.15621
1.12799
1.07974
1.01916
0.953656
0.887103
0.820573
0.754056
0.687472
0.620859
0.55426
0.48767
0.421065
0.354434
0.287779
0.221105
0.154413
0.0877035
0.0209877
6.23748
6.17084
6.1043
6.03787
5.97144
5.90483
5.83782
5.77036
5.70272
5.63552
5.56897
5.50335
5.44017
5.37944
5.31849
5.25582
5.193
5.13324
5.07927
5.03236
4.99218
4.95708
4.92452
4.89155
4.85542
4.81405
4.76643
4.71256
4.65331
4.59002
4.52413
4.45688
4.38916
4.3215
4.2541
4.187
4.12013
4.0534
3.98675
3.92014
3.85353
3.78691
3.72028
3.65364
3.58698
3.52031
3.45364
3.38697
3.3203
3.25363
3.18698
3.12032
3.05366
2.98697
2.92026
2.85354
2.78683
2.72018
2.65363
2.5872
2.52084
2.45441
2.3877
2.32045
2.25251
2.18399
2.11542
2.04788
1.98298
1.92275
1.8696
1.8264
1.79658
1.78271
1.78184
1.78427
1.78481
1.94063
1.94258
1.94469
1.92076
1.85935
1.7826
1.70684
1.63967
1.5764
1.51272
1.45111
1.39022
1.32881
1.26639
1.20251
1.13933
1.07921
1.01917
0.95634
0.891696
0.828425
0.77087
0.722687
0.685511
0.658958
0.64147
0.631299
0.627262
0.629163
0.637808
0.654674
0.681334
0.718753
0.766598
0.822702
0.882896
0.941425
0.991939
1.02873
1.04772
1.04697
1.02671
0.989123
0.937833
0.877124
0.811071
0.742821
0.67429
0.606303
0.538978
0.47212
0.405492
0.338928
0.272348
0.205732
0.139085
0.0724193
0.00574462
6.22226
6.15559
6.08893
6.02228
5.95562
5.88894
5.82224
5.75552
5.68881
5.62216
5.5556
5.4891
5.42253
5.35579
5.28885
5.22187
5.15513
5.08896
5.02355
4.95899
4.8952
4.8321
4.76958
4.70754
4.6458
4.58418
4.52257
4.46096
4.39955
4.33855
4.27808
4.218
4.15791
4.09725
4.03549
3.97226
3.90745
3.84123
3.77397
3.70614
3.63819
3.57046
3.50309
3.4361
3.36939
3.30282
3.23628
3.1697
3.10306
3.03643
2.96986
2.9034
2.83702
2.7706
2.704
2.63707
2.56976
2.50213
2.43439
2.36671
2.29922
2.23195
2.16486
2.09812
2.03237
1.96895
1.91002
1.85853
1.81801
1.79195
1.78159
1.78216
1.78444
1.78481
1.97938
1.98132
1.98343
1.95986
1.89867
1.81873
1.73632
1.66058
1.59147
1.52513
1.45833
1.39036
1.32256
1.25664
1.1931
1.13064
1.06745
1.00263
0.941681
0.881965
0.817172
0.75103
0.689642
0.64218
0.616341
0.615293
0.637756
0.67872
0.736432
0.803099
0.870655
0.934915
0.997203
1.06226
1.12742
1.19083
1.24786
1.29227
1.31867
1.32415
1.3085
1.27385
1.2241
1.1641
1.09846
1.03062
0.962554
0.894983
0.827943
0.761236
0.694665
0.628099
0.561461
0.494711
0.427852
0.360922
0.293989
0.227124
0.160369
0.0937179
0.0271134
6.24366
6.17691
6.11003
6.04311
5.97629
5.90973
5.84355
5.77766
5.71174
5.64544
5.57859
5.51136
5.44419
5.37753
5.31166
5.2468
5.18319
5.12111
5.06073
5.00188
4.94401
4.8864
4.82847
4.77014
4.71186
4.65426
4.59763
4.54164
4.4855
4.42819
4.36885
4.30696
4.24243
4.17566
4.10732
4.03827
3.96924
3.90074
3.83297
3.76588
3.69926
3.63288
3.56655
3.50016
3.43366
3.36706
3.30038
3.23364
3.16686
3.10009
3.0334
2.96685
2.90044
2.83415
2.7678
2.70121
2.6342
2.5667
2.49884
2.43087
2.36308
2.29566
2.22866
2.162
2.09578
2.03048
1.96738
1.90863
1.85728
1.81701
1.79136
1.78144
1.7822
1.78447
1.78481
2.02161
2.02356
2.02567
2.00218
1.94069
1.86084
1.78264
1.71316
1.64768
1.58413
1.52194
1.46048
1.39901
1.33697
1.27422
1.21149
1.1526
1.0938
1.03509
0.985457
0.947932
0.922861
0.90848
0.9019
0.900244
0.901457
0.904658
0.910091
0.918815
0.932266
0.95184
0.97858
1.01296
1.05473
1.10281
1.15513
1.20863
1.25939
1.30311
1.33566
1.35376
1.3554
1.34003
1.30917
1.26355
1.20452
1.13864
1.07169
1.00505
0.938411
0.871445
0.804296
0.737239
0.670371
0.6036
0.536803
0.469924
0.402995
0.33609
0.269273
0.202567
0.135944
0.0693526
0.00274372
6.21928
6.15257
6.08584
6.01911
5.95242
5.88584
5.81944
5.75326
5.68728
5.62131
5.55507
5.48827
5.42014
5.35223
5.28668
5.22125
5.15447
5.08829
5.02491
4.9653
4.90899
4.85482
4.80154
4.74823
4.69453
4.64054
4.58656
4.53277
4.47893
4.42442
4.36844
4.31026
4.24941
4.18578
4.11971
4.05185
3.98301
3.91397
3.84531
3.77732
3.71003
3.64326
3.57681
3.51046
3.44408
3.3776
3.31102
3.24434
3.17762
3.11089
3.04419
2.97755
2.91097
2.84444
2.77791
2.71132
2.64462
2.57777
2.51076
2.4436
2.37622
2.30856
2.24055
2.1723
2.10424
2.0373
1.97305
1.91366
1.86182
1.82068
1.79354
1.78202
1.78206
1.78438
1.78481
2.06717
2.0671
2.07016
2.07473
2.06669
2.0373
1.99088
1.93062
1.86305
1.79517
1.72697
1.65935
1.59361
1.52975
1.46639
1.40184
1.34027
1.27884
1.21304
1.14876
1.09098
1.0433
1.00681
0.980728
0.963386
0.952847
0.947362
0.945725
0.947491
0.952971
0.963005
0.978568
1.00037
1.02856
1.06263
1.10152
1.14381
1.18801
1.23262
1.27613
1.31685
1.35283
1.38177
1.40129
1.4092
1.40391
1.38474
1.35204
1.30723
1.25281
1.18759
1.11824
1.05187
0.985323
0.917879
0.850154
0.782745
0.715776
0.649098
0.582533
0.515974
0.449376
0.382741
0.316083
0.249418
0.182757
0.116101
0.0494416
6.26595
6.19924
6.13249
6.06575
5.99906
5.93251
5.86616
5.79997
5.73378
5.6673
5.60019
5.53219
5.46332
5.39399
5.32479
5.26059
5.19879
5.13558
5.07601
5.0218
4.97247
4.92682
4.88337
4.84049
4.79648
4.75013
4.70087
4.64868
4.59368
4.53588
4.47533
4.41217
4.34681
4.27987
4.21206
4.14401
4.07625
4.00907
3.94259
3.87673
3.81133
3.74615
3.68094
3.61551
3.54977
3.48361
3.41765
3.34804
3.27738
3.21016
3.1435
3.07636
3.01255
2.94948
2.88272
2.81548
2.74852
2.68224
2.61685
2.55227
2.48819
2.42415
2.35961
2.29401
2.22697
2.15859
2.08975
2.02209
1.95767
1.89873
1.84786
1.80875
1.78609
1.78111
1.78377
1.78481
2.11516
2.11625
2.11907
2.11361
2.08846
2.04496
1.98952
1.92745
1.8622
1.79586
1.72956
1.66365
1.59789
1.5318
1.46496
1.39735
1.32942
1.26199
1.19587
1.13155
1.06908
1.00817
0.948599
0.890966
0.83749
0.792475
0.761276
0.748717
0.757702
0.787161
0.831666
0.884417
0.940348
0.997364
1.05592
1.11724
1.18163
1.24824
1.31596
1.38408
1.45231
1.52019
1.5864
1.64853
1.70325
1.74671
1.77527
1.7875
1.78767
1.78529
1.78481
1.55449
1.55275
1.55015
1.56478
1.60947
1.67244
1.73991
1.80677
1.87284
1.93898
2.00555
2.07072
2.12936
2.17401
2.19779
2.19552
2.1654
2.11318
2.04967
1.98342
1.91331
1.84325
1.77674
1.70636
1.62911
1.54588
1.4595
1.37302
1.28879
1.20817
1.13158
1.05871
0.988869
0.92119
0.85484
0.789133
0.723579
0.657875
0.591866
0.525512
0.458877
0.392123
0.325483
0.259188
0.193374
0.128015
0.0629227
6.28101
6.21567
6.14994
6.08382
6.01738
5.95078
5.88404
5.81694
5.75001
5.68454
5.62057
5.55664
5.4917
5.42573
5.35919
5.2924
5.22553
5.15869
5.092
5.02549
4.95918
4.893
4.82683
4.75996
4.6971
4.63602
4.57202
4.51071
4.45701
4.4145
4.38412
4.36477
4.35435
4.35051
4.35114
4.35459
4.35974
4.36571
4.37161
4.37616
4.37753
4.37329
4.36072
4.33739
4.30218
4.25596
4.20147
4.14212
4.08062
4.01833
3.95543
3.89165
3.82681
3.76104
3.69467
3.62806
3.56144
3.49491
3.42845
3.36201
3.29553
3.229
3.16244
3.09587
3.02932
2.96276
2.89612
2.8293
2.76218
2.69535
2.62508
2.55423
2.48697
2.42445
2.36367
2.29967
2.23504
2.16994
2.10403
2.03679
1.96804
1.89869
1.83077
1.76678
1.70905
1.6599
1.62238
1.60084
1.59634
1.59896
1.59994
1.55449
1.55254
1.55049
1.57425
1.63543
1.71478
1.79608
1.87081
1.93984
2.00752
2.07731
2.14908
2.21862
2.28307
2.34446
2.40664
2.46988
2.52956
2.58764
2.63783
2.66521
2.66544
2.63994
2.59453
2.53705
2.47432
2.41184
2.35526
2.31081
2.28394
2.27788
2.29311
2.32751
2.3771
2.43693
2.50237
2.57001
2.63794
2.70547
2.77256
2.83937
2.90604
2.97266
3.03927
3.10588
3.17251
3.23916
3.30583
3.37251
3.43923
3.50595
3.57267
3.63933
3.70588
3.7723
3.8387
3.90529
3.97225
4.03955
4.10683
4.17358
4.2395
4.30454
4.36873
4.43178
4.49303
4.55161
4.60677
4.65826
4.7064
4.75213
4.79679
4.84185
4.88853
4.93762
4.98939
5.04382
5.10078
5.16008
5.22159
5.28513
5.35042
5.41707
5.48459
5.55249
5.62034
5.68788
5.75502
5.82179
5.88833
5.95477
6.02123
6.08775
6.15435
6.22101
0.00451466
0.071205
0.137862
0.204551
0.270762
0.340395
0.411084
0.478434
0.545867
0.609802
0.672559
0.73838
0.804346
0.870215
0.936148
1.00228
1.0687
1.13552
1.20295
1.27094
1.33884
1.40507
1.46733
1.5228
1.56828
1.60029
1.61617
1.61808
1.61563
1.61495
1.55449
1.55283
1.55023
1.56326
1.60348
1.6616
1.72702
1.7944
1.86174
1.92855
1.99492
2.06097
2.12656
2.19108
2.25342
2.31207
2.36529
2.4113
2.44838
2.47501
2.48987
2.4919
2.48037
2.45505
2.41649
2.36638
2.30793
2.24592
2.18633
2.13541
2.09865
2.07988
2.08088
2.10132
2.13898
2.19028
2.25094
2.31693
2.38512
2.45362
2.52159
2.58892
2.65578
2.72242
2.78899
2.85557
2.92219
2.98884
3.0555
3.12217
3.18883
3.25549
3.32216
3.38885
3.45555
3.52227
3.58896
3.65559
3.72212
3.78856
3.855
3.9216
3.98855
4.05592
4.12355
4.19102
4.25785
4.32373
4.38866
4.45289
4.51657
4.57938
4.64027
4.6976
4.74964
4.79526
4.83454
4.86892
4.90096
4.93366
4.96979
5.01134
5.05922
5.11329
5.17263
5.23586
5.30156
5.36851
5.43586
5.50313
5.57017
5.63697
5.70361
5.77018
5.83676
5.90341
5.97016
6.03702
6.10396
6.17093
6.23785
0.0214774
0.0881424
0.154658
0.221063
0.287429
0.35384
0.420366
0.487042
0.553846
0.620687
0.687431
0.753941
0.82014
0.886077
0.951961
1.01813
1.08496
1.15267
1.22115
1.2898
1.35746
1.42256
1.4832
1.53722
1.58199
1.61402
1.62997
1.63173
1.62922
1.62857
1.55449
1.55461
1.55285
1.54876
1.54905
1.56127
1.58801
1.62826
1.67931
1.73798
1.80132
1.86698
1.93353
2.0004
2.06746
2.13449
2.20074
2.26467
2.32418
2.37693
2.42085
2.45442
2.47668
2.48716
2.48574
2.47257
2.44814
2.41352
2.37062
2.32254
2.27346
2.22843
2.19271
2.17098
2.16666
2.18114
2.21355
2.26092
2.31904
2.38302
2.45334
2.52543
2.59389
2.66147
2.7286
2.79537
2.86175
2.92772
2.99338
3.0589
3.12446
3.19021
3.25618
3.32236
3.38873
3.45528
3.52198
3.58879
3.65566
3.7226
3.7896
3.85664
3.92366
3.99049
4.05692
4.12278
4.18804
4.25298
4.31819
4.38448
4.45254
4.52272
4.5953
4.66949
4.74155
4.80778
4.86769
4.92242
4.97349
5.0226
5.06974
5.1146
5.16031
5.20852
5.25735
5.30687
5.3597
5.41798
5.48221
5.55129
5.62315
5.6956
5.76701
5.83664
5.90449
5.97099
6.03675
6.10228
6.16794
6.23394
0.0170964
0.0837914
0.150992
0.217952
0.28313
0.346379
0.409201
0.472795
0.537233
0.602091
0.667009
0.731794
0.796371
0.860746
0.924982
0.989181
1.05352
1.11835
1.1841
1.25135
1.31885
1.38526
1.45099
1.51727
1.57694
1.61953
1.64133
1.6447
1.64184
1.64096
1.55449
1.55457
1.55234
1.54813
1.55087
1.56836
1.60155
1.64816
1.70493
1.76804
1.83325
1.89618
1.95301
2.00105
2.03926
2.06821
2.08981
2.10678
2.122
2.13794
2.15622
2.17738
2.20103
2.22599
2.25067
2.27322
2.29174
2.30426
2.30886
2.30388
2.28828
2.26206
2.22673
2.18559
2.14353
2.10635
2.07969
2.06795
2.07361
2.09701
2.13647
2.18879
2.25004
2.31637
2.3848
2.45345
2.52153
2.5889
2.65577
2.72239
2.78895
2.85552
2.92214
2.9888
3.05547
3.12213
3.18876
3.25537
3.32196
3.3886
3.45534
3.52222
3.58924
3.6563
3.72326
3.78997
3.85636
3.92249
3.98854
4.05478
4.12148
4.18878
4.25655
4.32435
4.39137
4.45669
4.51952
4.57942
4.63645
4.69114
4.74427
4.79669
4.84891
4.90102
4.95275
5.00391
5.05474
5.10595
5.15852
5.21341
5.27132
5.33255
5.39694
5.46388
5.53251
5.60186
5.67112
5.73975
5.80759
5.87469
5.9413
6.00766
6.07398
6.14038
6.20688
6.27348
0.0569678
0.123669
0.190381
0.257092
0.323792
0.390468
0.457111
0.523715
0.590291
0.656859
0.723451
0.790095
0.856816
0.923649
0.990657
1.05795
1.12566
1.19387
1.26244
1.33087
1.39813
1.4626
1.52212
1.57405
1.61535
1.64278
1.65462
1.65474
1.65241
1.65195
1.55449
1.55399
1.55124
1.55128
1.56544
1.5982
1.64595
1.70294
1.76441
1.82724
1.88976
1.9513
2.01165
2.07041
2.12634
2.17724
2.22044
2.25393
2.27735
2.29209
2.30052
2.30494
2.30691
2.30687
2.30423
2.29755
2.28482
2.26393
2.2331
2.19145
2.13946
2.0791
2.01352
1.94632
1.88081
1.81957
1.76459
1.71787
1.68242
1.66244
1.65848
1.661
1.6619
1.87518
1.87713
1.8792
1.85543
1.79404
1.7142
1.63273
1.56151
1.4965
1.42796
1.35922
1.28885
1.20999
1.12379
1.03343
0.942776
0.856456
0.778475
0.709152
0.645274
0.58245
0.519788
0.457773
0.397323
0.337886
0.28756
0.259679
0.257396
0.279254
0.320852
0.375988
0.438397
0.503511
0.569023
0.633792
0.695972
0.751913
0.79661
0.82524
0.834631
0.823934
0.794555
0.749623
0.693231
0.629576
0.562211
0.493611
0.425136
0.357284
0.290051
0.223232
0.156607
0.0900269
0.0234208
6.23997
6.17332
6.10669
6.04009
5.97347
5.90676
5.83986
5.77273
5.70543
5.63812
5.57105
5.50449
5.43875
5.37411
5.31078
5.24886
5.18827
5.12874
5.06987
5.01124
4.95252
4.8935
4.83406
4.77409
4.71343
4.65193
4.58948
4.52607
4.46178
4.39678
4.33126
4.2654
4.19932
4.1331
4.06679
4.00041
3.93395
3.86743
3.80087
3.7342
3.66796
3.59829
3.52763
3.46035
3.39361
3.32648
3.26282
3.20019
3.13414
3.06757
3.00083
2.93392
2.86692
2.79995
2.7332
2.66684
2.60089
2.53528
2.46982
2.40429
2.33842
2.27192
2.20456
2.13651
2.06857
2.00227
1.93972
1.88341
1.8363
1.80212
1.7843
1.78154
1.78404
1.78481
1.9059
1.90785
1.90991
1.88615
1.82476
1.74491
1.66342
1.59219
1.52724
1.4588
1.39016
1.31978
1.24079
1.15425
1.06346
0.973134
0.887532
0.811157
0.745322
0.683463
0.619871
0.558764
0.50302
0.461148
0.446247
0.459733
0.497156
0.551223
0.614337
0.680511
0.7462
0.810189
0.872928
0.935381
0.997435
1.05654
1.10757
1.14413
1.16125
1.15621
1.12799
1.07974
1.01916
0.953656
0.887103
0.820573
0.754056
0.687472
0.620859
0.55426
0.48767
0.421065
0.354434
0.287779
0.221105
0.154413
0.0877035
0.0209877
6.23748
6.17084
6.1043
6.03787
5.97144
5.90483
5.83782
5.77036
5.70272
5.63552
5.56897
5.50335
5.44017
5.37944
5.31849
5.25582
5.193
5.13324
5.07927
5.03236
4.99218
4.95708
4.92452
4.89155
4.85542
4.81405
4.76643
4.71256
4.65331
4.59002
4.52413
4.45688
4.38916
4.3215
4.2541
4.187
4.12013
4.0534
3.98675
3.92014
3.85353
3.78691
3.72028
3.65364
3.58698
3.52031
3.45364
3.38697
3.3203
3.25363
3.18698
3.12032
3.05366
2.98697
2.92026
2.85354
2.78683
2.72018
2.65363
2.5872
2.52084
2.45441
2.3877
2.32045
2.25251
2.18399
2.11542
2.04788
1.98298
1.92275
1.8696
1.8264
1.79658
1.78271
1.78184
1.78427
1.78481
1.94063
1.94258
1.94469
1.92076
1.85935
1.7826
1.70684
1.63967
1.5764
1.51272
1.45111
1.39022
1.32881
1.26639
1.20251
1.13933
1.07921
1.01917
0.95634
0.891696
0.828425
0.77087
0.722687
0.685511
0.658958
0.64147
0.631299
0.627262
0.629163
0.637808
0.654674
0.681334
0.718753
0.766598
0.822702
0.882896
0.941425
0.991939
1.02873
1.04772
1.04697
1.02671
0.989123
0.937833
0.877124
0.811071
0.742821
0.67429
0.606303
0.538978
0.47212
0.405492
0.338928
0.272348
0.205732
0.139085
0.0724193
0.00574462
6.22226
6.15559
6.08893
6.02228
5.95562
5.88894
5.82224
5.75552
5.68881
5.62216
5.5556
5.4891
5.42253
5.35579
5.28885
5.22187
5.15513
5.08896
5.02355
4.95899
4.8952
4.8321
4.76958
4.70754
4.6458
4.58418
4.52257
4.46096
4.39955
4.33855
4.27808
4.218
4.15791
4.09725
4.03549
3.97226
3.90745
3.84123
3.77397
3.70614
3.63819
3.57046
3.50309
3.4361
3.36939
3.30282
3.23628
3.1697
3.10306
3.03643
2.96986
2.9034
2.83702
2.7706
2.704
2.63707
2.56976
2.50213
2.43439
2.36671
2.29922
2.23195
2.16486
2.09812
2.03237
1.96895
1.91002
1.85853
1.81801
1.79195
1.78159
1.78216
1.78444
1.78481
1.97938
1.98132
1.98343
1.95986
1.89867
1.81873
1.73632
1.66058
1.59147
1.52513
1.45833
1.39036
1.32256
1.25664
1.1931
1.13064
1.06745
1.00263
0.941681
0.881965
0.817172
0.75103
0.689642
0.64218
0.616341
0.615293
0.637756
0.67872
0.736432
0.803099
0.870655
0.934915
0.997203
1.06226
1.12742
1.19083
1.24786
1.29227
1.31867
1.32415
1.3085
1.27385
1.2241
1.1641
1.09846
1.03062
0.962554
0.894983
0.827943
0.761236
0.694665
0.628099
0.561461
0.494711
0.427852
0.360922
0.293989
0.227124
0.160369
0.0937179
0.0271134
6.24366
6.17691
6.11003
6.04311
5.97629
5.90973
5.84355
5.77766
5.71174
5.64544
5.57859
5.51136
5.44419
5.37753
5.31166
5.2468
5.18319
5.12111
5.06073
5.00188
4.94401
4.8864
4.82847
4.77014
4.71186
4.65426
4.59763
4.54164
4.4855
4.42819
4.36885
4.30696
4.24243
4.17566
4.10732
4.03827
3.96924
3.90074
3.83297
3.76588
3.69926
3.63288
3.56655
3.50016
3.43366
3.36706
3.30038
3.23364
3.16686
3.10009
3.0334
2.96685
2.90044
2.83415
2.7678
2.70121
2.6342
2.5667
2.49884
2.43087
2.36308
2.29566
2.22866
2.162
2.09578
2.03048
1.96738
1.90863
1.85728
1.81701
1.79136
1.78144
1.7822
1.78447
1.78481
2.02161
2.02356
2.02567
2.00218
1.94069
1.86084
1.78264
1.71316
1.64768
1.58413
1.52194
1.46048
1.39901
1.33697
1.27422
1.21149
1.1526
1.0938
1.03509
0.985457
0.947932
0.922861
0.90848
0.9019
0.900244
0.901457
0.904658
0.910091
0.918815
0.932266
0.95184
0.97858
1.01296
1.05473
1.10281
1.15513
1.20863
1.25939
1.30311
1.33566
1.35376
1.3554
1.34003
1.30917
1.26355
1.20452
1.13864
1.07169
1.00505
0.938411
0.871445
0.804296
0.737239
0.670371
0.6036
0.536803
0.469924
0.402995
0.33609
0.269273
0.202567
0.135944
0.0693526
0.00274372
6.21928
6.15257
6.08584
6.01911
5.95242
5.88584
5.81944
5.75326
5.68728
5.62131
5.55507
5.48827
5.42014
5.35223
5.28668
5.22125
5.15447
5.08829
5.02491
4.9653
4.90899
4.85482
4.80154
4.74823
4.69453
4.64054
4.58656
4.53277
4.47893
4.42442
4.36844
4.31026
4.24941
4.18578
4.11971
4.05185
3.98301
3.91397
3.84531
3.77732
3.71003
3.64326
3.57681
3.51046
3.44408
3.3776
3.31102
3.24434
3.17762
3.11089
3.04419
2.97755
2.91097
2.84444
2.77791
2.71132
2.64462
2.57777
2.51076
2.4436
2.37622
2.30856
2.24055
2.1723
2.10424
2.0373
1.97305
1.91366
1.86182
1.82068
1.79354
1.78202
1.78206
1.78438
1.78481
2.06717
2.0671
2.07016
2.07473
2.06669
2.0373
1.99088
1.93062
1.86305
1.79517
1.72697
1.65935
1.59361
1.52975
1.46639
1.40184
1.34027
1.27884
1.21304
1.14876
1.09098
1.0433
1.00681
0.980728
0.963386
0.952847
0.947362
0.945725
0.947491
0.952971
0.963005
0.978568
1.00037
1.02856
1.06263
1.10152
1.14381
1.18801
1.23262
1.27613
1.31685
1.35283
1.38177
1.40129
1.4092
1.40391
1.38474
1.35204
1.30723
1.25281
1.18759
1.11824
1.05187
0.985323
0.917879
0.850154
0.782745
0.715776
0.649098
0.582533
0.515974
0.449376
0.382741
0.316083
0.249418
0.182757
0.116101
0.0494416
6.26595
6.19924
6.13249
6.06575
5.99906
5.93251
5.86616
5.79997
5.73378
5.6673
5.60019
5.53219
5.46332
5.39399
5.32479
5.26059
5.19879
5.13558
5.07601
5.0218
4.97247
4.92682
4.88337
4.84049
4.79648
4.75013
4.70087
4.64868
4.59368
4.53588
4.47533
4.41217
4.34681
4.27987
4.21206
4.14401
4.07625
4.00907
3.94259
3.87673
3.81133
3.74615
3.68094
3.61551
3.54977
3.48361
3.41765
3.34804
3.27738
3.21016
3.1435
3.07636
3.01255
2.94948
2.88272
2.81548
2.74852
2.68224
2.61685
2.55227
2.48819
2.42415
2.35961
2.29401
2.22697
2.15859
2.08975
2.02209
1.95767
1.89873
1.84786
1.80875
1.78609
1.78111
1.78377
1.78481
2.11516
2.11625
2.11907
2.11361
2.08846
2.04496
1.98952
1.92745
1.8622
1.79586
1.72956
1.66365
1.59789
1.5318
1.46496
1.39735
1.32942
1.26199
1.19587
1.13155
1.06908
1.00817
0.948599
0.890966
0.83749
0.792475
0.761276
0.748717
0.757702
0.787161
0.831666
0.884417
0.940348
0.997364
1.05592
1.11724
1.18163
1.24824
1.31596
1.38408
1.45231
1.52019
1.5864
1.64853
1.70325
1.74671
1.77527
1.7875
1.78767
1.78529
1.78481
1.55449
1.55275
1.55015
1.56478
1.60947
1.67244
1.73991
1.80677
1.87284
1.93898
2.00555
2.07072
2.12936
2.17401
2.19779
2.19552
2.1654
2.11318
2.04967
1.98342
1.91331
1.84325
1.77674
1.70636
1.62911
1.54588
1.4595
1.37302
1.28879
1.20817
1.13158
1.05871
0.988869
0.92119
0.85484
0.789133
0.723579
0.657875
0.591866
0.525512
0.458877
0.392123
0.325483
0.259188
0.193374
0.128015
0.0629227
6.28101
6.21567
6.14994
6.08382
6.01738
5.95078
5.88404
5.81694
5.75001
5.68454
5.62057
5.55664
5.4917
5.42573
5.35919
5.2924
5.22553
5.15869
5.092
5.02549
4.95918
4.893
4.82683
4.75996
4.6971
4.63602
4.57202
4.51071
4.45701
4.4145
4.38412
4.36477
4.35435
4.35051
4.35114
4.35459
4.35974
4.36571
4.37161
4.37616
4.37753
4.37329
4.36072
4.33739
4.30218
4.25596
4.20147
4.14212
4.08062
4.01833
3.95543
3.89165
3.82681
3.76104
3.69467
3.62806
3.56144
3.49491
3.42845
3.36201
3.29553
3.229
3.16244
3.09587
3.02932
2.96276
2.89612
2.8293
2.76218
2.69535
2.62508
2.55423
2.48697
2.42445
2.36367
2.29967
2.23504
2.16994
2.10403
2.03679
1.96804
1.89869
1.83077
1.76678
1.70905
1.6599
1.62238
1.60084
1.59634
1.59896
1.59994
1.55449
1.55254
1.55049
1.57425
1.63543
1.71478
1.79608
1.87081
1.93984
2.00752
2.07731
2.14908
2.21862
2.28307
2.34446
2.40664
2.46988
2.52956
2.58764
2.63783
2.66521
2.66544
2.63994
2.59453
2.53705
2.47432
2.41184
2.35526
2.31081
2.28394
2.27788
2.29311
2.32751
2.3771
2.43693
2.50237
2.57001
2.63794
2.70547
2.77256
2.83937
2.90604
2.97266
3.03927
3.10588
3.17251
3.23916
3.30583
3.37251
3.43923
3.50595
3.57267
3.63933
3.70588
3.7723
3.8387
3.90529
3.97225
4.03955
4.10683
4.17358
4.2395
4.30454
4.36873
4.43178
4.49303
4.55161
4.60677
4.65826
4.7064
4.75213
4.79679
4.84185
4.88853
4.93762
4.98939
5.04382
5.10078
5.16008
5.22159
5.28513
5.35042
5.41707
5.48459
5.55249
5.62034
5.68788
5.75502
5.82179
5.88833
5.95477
6.02123
6.08775
6.15435
6.22101
0.00451466
0.071205
0.137862
0.204551
0.270762
0.340395
0.411084
0.478434
0.545867
0.609802
0.672559
0.73838
0.804346
0.870215
0.936148
1.00228
1.0687
1.13552
1.20295
1.27094
1.33884
1.40507
1.46733
1.5228
1.56828
1.60029
1.61617
1.61808
1.61563
1.61495
1.55449
1.55283
1.55023
1.56326
1.60348
1.6616
1.72702
1.7944
1.86174
1.92855
1.99492
2.06097
2.12656
2.19108
2.25342
2.31207
2.36529
2.4113
2.44838
2.47501
2.48987
2.4919
2.48037
2.45505
2.41649
2.36638
2.30793
2.24592
2.18633
2.13541
2.09865
2.07988
2.08088
2.10132
2.13898
2.19028
2.25094
2.31693
2.38512
2.45362
2.52159
2.58892
2.65578
2.72242
2.78899
2.85557
2.92219
2.98884
3.0555
3.12217
3.18883
3.25549
3.32216
3.38885
3.45555
3.52227
3.58896
3.65559
3.72212
3.78856
3.855
3.9216
3.98855
4.05592
4.12355
4.19102
4.25785
4.32373
4.38866
4.45289
4.51657
4.57938
4.64027
4.6976
4.74964
4.79526
4.83454
4.86892
4.90096
4.93366
4.96979
5.01134
5.05922
5.11329
5.17263
5.23586
5.30156
5.36851
5.43586
5.50313
5.57017
5.63697
5.70361
5.77018
5.83676
5.90341
5.97016
6.03702
6.10396
6.17093
6.23785
0.0214774
0.0881424
0.154658
0.221063
0.287429
0.35384
0.420366
0.487042
0.553846
0.620687
0.687431
0.753941
0.82014
0.886077
0.951961
1.01813
1.08496
1.15267
1.22115
1.2898
1.35746
1.42256
1.4832
1.53722
1.58199
1.61402
1.62997
1.63173
1.62922
1.62857
1.55449
1.55461
1.55285
1.54876
1.54905
1.56127
1.58801
1.62826
1.67931
1.73798
1.80132
1.86698
1.93353
2.0004
2.06746
2.13449
2.20074
2.26467
2.32418
2.37693
2.42085
2.45442
2.47668
2.48716
2.48574
2.47257
2.44814
2.41352
2.37062
2.32254
2.27346
2.22843
2.19271
2.17098
2.16666
2.18114
2.21355
2.26092
2.31904
2.38302
2.45334
2.52543
2.59389
2.66147
2.7286
2.79537
2.86175
2.92772
2.99338
3.0589
3.12446
3.19021
3.25618
3.32236
3.38873
3.45528
3.52198
3.58879
3.65566
3.7226
3.7896
3.85664
3.92366
3.99049
4.05692
4.12278
4.18804
4.25298
4.31819
4.38448
4.45254
4.52272
4.5953
4.66949
4.74155
4.80778
4.86769
4.92242
4.97349
5.0226
5.06974
5.1146
5.16031
5.20852
5.25735
5.30687
5.3597
5.41798
5.48221
5.55129
5.62315
5.6956
5.76701
5.83664
5.90449
5.97099
6.03675
6.10228
6.16794
6.23394
0.0170964
0.0837914
0.150992
0.217952
0.28313
0.346379
0.409201
0.472795
0.537233
0.602091
0.667009
0.731794
0.796371
0.860746
0.924982
0.989181
1.05352
1.11835
1.1841
1.25135
1.31885
1.38526
1.45099
1.51727
1.57694
1.61953
1.64133
1.6447
1.64184
1.64096
1.55449
1.55457
1.55234
1.54813
1.55087
1.56836
1.60155
1.64816
1.70493
1.76804
1.83325
1.89618
1.95301
2.00105
2.03926
2.06821
2.08981
2.10678
2.122
2.13794
2.15622
2.17738
2.20103
2.22599
2.25067
2.27322
2.29174
2.30426
2.30886
2.30388
2.28828
2.26206
2.22673
2.18559
2.14353
2.10635
2.07969
2.06795
2.07361
2.09701
2.13647
2.18879
2.25004
2.31637
2.3848
2.45345
2.52153
2.5889
2.65577
2.72239
2.78895
2.85552
2.92214
2.9888
3.05547
3.12213
3.18876
3.25537
3.32196
3.3886
3.45534
3.52222
3.58924
3.6563
3.72326
3.78997
3.85636
3.92249
3.98854
4.05478
4.12148
4.18878
4.25655
4.32435
4.39137
4.45669
4.51952
4.57942
4.63645
4.69114
4.74427
4.79669
4.84891
4.90102
4.95275
5.00391
5.05474
5.10595
5.15852
5.21341
5.27132
5.33255
5.39694
5.46388
5.53251
5.60186
5.67112
5.73975
5.80759
5.87469
5.9413
6.00766
6.07398
6.14038
6.20688
6.27348
0.0569678
0.123669
0.190381
0.257092
0.323792
0.390468
0.457111
0.523715
0.590291
0.656859
0.723451
0.790095
0.856816
0.923649
0.990657
1.05795
1.12566
1.19387
1.26244
1.33087
1.39813
1.4626
1.52212
1.57405
1.61535
1.64278
1.65462
1.65474
1.65241
1.65195
1.55449
1.55399
1.55124
1.55128
1.56544
1.5982
1.64595
1.70294
1.76441
1.82724
1.88976
1.9513
2.01165
2.07041
2.12634
2.17724
2.22044
2.25393
2.27735
2.29209
2.30052
2.30494
2.30691
2.30687
2.30423
2.29755
2.28482
2.26393
2.2331
2.19145
2.13946
2.0791
2.01352
1.94632
1.88081
1.81957
1.76459
1.71787
1.68242
1.66244
1.65848
1.661
1.6619
1.87518
1.87713
1.8792
1.85543
1.79404
1.7142
1.63273
1.56151
1.4965
1.42796
1.35922
1.28885
1.20999
1.12379
1.03343
0.942776
0.856456
0.778475
0.709152
0.645274
0.58245
0.519788
0.457773
0.397323
0.337886
0.28756
0.259679
0.257396
0.279254
0.320852
0.375988
0.438397
0.503511
0.569023
0.633792
0.695972
0.751913
0.79661
0.82524
0.834631
0.823934
0.794555
0.749623
0.693231
0.629576
0.562211
0.493611
0.425136
0.357284
0.290051
0.223232
0.156607
0.0900269
0.0234208
6.23997
6.17332
6.10669
6.04009
5.97347
5.90676
5.83986
5.77273
5.70543
5.63812
5.57105
5.50449
5.43875
5.37411
5.31078
5.24886
5.18827
5.12874
5.06987
5.01124
4.95252
4.8935
4.83406
4.77409
4.71343
4.65193
4.58948
4.52607
4.46178
4.39678
4.33126
4.2654
4.19932
4.1331
4.06679
4.00041
3.93395
3.86743
3.80087
3.7342
3.66796
3.59829
3.52763
3.46035
3.39361
3.32648
3.26282
3.20019
3.13414
3.06757
3.00083
2.93392
2.86692
2.79995
2.7332
2.66684
2.60089
2.53528
2.46982
2.40429
2.33842
2.27192
2.20456
2.13651
2.06857
2.00227
1.93972
1.88341
1.8363
1.80212
1.7843
1.78154
1.78404
1.78481
1.9059
1.90785
1.90991
1.88615
1.82476
1.74491
1.66342
1.59219
1.52724
1.4588
1.39016
1.31978
1.24079
1.15425
1.06346
0.973134
0.887532
0.811157
0.745322
0.683463
0.619871
0.558764
0.50302
0.461148
0.446247
0.459733
0.497156
0.551223
0.614337
0.680511
0.7462
0.810189
0.872928
0.935381
0.997435
1.05654
1.10757
1.14413
1.16125
1.15621
1.12799
1.07974
1.01916
0.953656
0.887103
0.820573
0.754056
0.687472
0.620859
0.55426
0.48767
0.421065
0.354434
0.287779
0.221105
0.154413
0.0877035
0.0209877
6.23748
6.17084
6.1043
6.03787
5.97144
5.90483
5.83782
5.77036
5.70272
5.63552
5.56897
5.50335
5.44017
5.37944
5.31849
5.25582
5.193
5.13324
5.07927
5.03236
4.99218
4.95708
4.92452
4.89155
4.85542
4.81405
4.76643
4.71256
4.65331
4.59002
4.52413
4.45688
4.38916
4.3215
4.2541
4.187
4.12013
4.0534
3.98675
3.92014
3.85353
3.78691
3.72028
3.65364
3.58698
3.52031
3.45364
3.38697
3.3203
3.25363
3.18698
3.12032
3.05366
2.98697
2.92026
2.85354
2.78683
2.72018
2.65363
2.5872
2.52084
2.45441
2.3877
2.32045
2.25251
2.18399
2.11542
2.04788
1.98298
1.92275
1.8696
1.8264
1.79658
1.78271
1.78184
1.78427
1.78481
1.94063
1.94258
1.94469
1.92076
1.85935
1.7826
1.70684
1.63967
1.5764
1.51272
1.45111
1.39022
1.32881
1.26639
1.20251
1.13933
1.07921
1.01917
0.95634
0.891696
0.828425
0.77087
0.722687
0.685511
0.658958
0.64147
0.631299
0.627262
0.629163
0.637808
0.654674
0.681334
0.718753
0.766598
0.822702
0.882896
0.941425
0.991939
1.02873
1.04772
1.04697
1.02671
0.989123
0.937833
0.877124
0.811071
0.742821
0.67429
0.606303
0.538978
0.47212
0.405492
0.338928
0.272348
0.205732
0.139085
0.0724193
0.00574462
6.22226
6.15559
6.08893
6.02228
5.95562
5.88894
5.82224
5.75552
5.68881
5.62216
5.5556
5.4891
5.42253
5.35579
5.28885
5.22187
5.15513
5.08896
5.02355
4.95899
4.8952
4.8321
4.76958
4.70754
4.6458
4.58418
4.52257
4.46096
4.39955
4.33855
4.27808
4.218
4.15791
4.09725
4.03549
3.97226
3.90745
3.84123
3.77397
3.70614
3.63819
3.57046
3.50309
3.4361
3.36939
3.30282
3.23628
3.1697
3.10306
3.03643
2.96986
2.9034
2.83702
2.7706
2.704
2.63707
2.56976
2.50213
2.43439
2.36671
2.29922
2.23195
2.16486
2.09812
2.03237
1.96895
1.91002
1.85853
1.81801
1.79195
1.78159
1.78216
1.78444
1.78481
1.97938
1.98132
1.98343
1.95986
1.89867
1.81873
1.73632
1.66058
1.59147
1.52513
1.45833
1.39036
1.32256
1.25664
1.1931
1.13064
1.06745
1.00263
0.941681
0.881965
0.817172
0.75103
0.689642
0.64218
0.616341
0.615293
0.637756
0.67872
0.736432
0.803099
0.870655
0.934915
0.997203
1.06226
1.12742
1.19083
1.24786
1.29227
1.31867
1.32415
1.3085
1.27385
1.2241
1.1641
1.09846
1.03062
0.962554
0.894983
0.827943
0.761236
0.694665
0.628099
0.561461
0.494711
0.427852
0.360922
0.293989
0.227124
0.160369
0.0937179
0.0271134
6.24366
6.17691
6.11003
6.04311
5.97629
5.90973
5.84355
5.77766
5.71174
5.64544
5.57859
5.51136
5.44419
5.37753
5.31166
5.2468
5.18319
5.12111
5.06073
5.00188
4.94401
4.8864
4.82847
4.77014
4.71186
4.65426
4.59763
4.54164
4.4855
4.42819
4.36885
4.30696
4.24243
4.17566
4.10732
4.03827
3.96924
3.90074
3.83297
3.76588
3.69926
3.63288
3.56655
3.50016
3.43366
3.36706
3.30038
3.23364
3.16686
3.10009
3.0334
2.96685
2.90044
2.83415
2.7678
2.70121
2.6342
2.5667
2.49884
2.43087
2.36308
2.29566
2.22866
2.162
2.09578
2.03048
1.96738
1.90863
1.85728
1.81701
1.79136
1.78144
1.7822
1.78447
1.78481
2.02161
2.02356
2.02567
2.00218
1.94069
1.86084
1.78264
1.71316
1.64768
1.58413
1.52194
1.46048
1.39901
1.33697
1.27422
1.21149
1.1526
1.0938
1.03509
0.985457
0.947932
0.922861
0.90848
0.9019
0.900244
0.901457
0.904658
0.910091
0.918815
0.932266
0.95184
0.97858
1.01296
1.05473
1.10281
1.15513
1.20863
1.25939
1.30311
1.33566
1.35376
1.3554
1.34003
1.30917
1.26355
1.20452
1.13864
1.07169
1.00505
0.938411
0.871445
0.804296
0.737239
0.670371
0.6036
0.536803
0.469924
0.402995
0.33609
0.269273
0.202567
0.135944
0.0693526
0.00274372
6.21928
6.15257
6.08584
6.01911
5.95242
5.88584
5.81944
5.75326
5.68728
5.62131
5.55507
5.48827
5.42014
5.35223
5.28668
5.22125
5.15447
5.08829
5.02491
4.9653
4.90899
4.85482
4.80154
4.74823
4.69453
4.64054
4.58656
4.53277
4.47893
4.42442
4.36844
4.31026
4.24941
4.18578
4.11971
4.05185
3.98301
3.91397
3.84531
3.77732
3.71003
3.64326
3.57681
3.51046
3.44408
3.3776
3.31102
3.24434
3.17762
3.11089
3.04419
2.97755
2.91097
2.84444
2.77791
2.71132
2.64462
2.57777
2.51076
2.4436
2.37622
2.30856
2.24055
2.1723
2.10424
2.0373
1.97305
1.91366
1.86182
1.82068
1.79354
1.78202
1.78206
1.78438
1.78481
2.06717
2.0671
2.07016
2.07473
2.06669
2.0373
1.99088
1.93062
1.86305
1.79517
1.72697
1.65935
1.59361
1.52975
1.46639
1.40184
1.34027
1.27884
1.21304
1.14876
1.09098
1.0433
1.00681
0.980728
0.963386
0.952847
0.947362
0.945725
0.947491
0.952971
0.963005
0.978568
1.00037
1.02856
1.06263
1.10152
1.14381
1.18801
1.23262
1.27613
1.31685
1.35283
1.38177
1.40129
1.4092
1.40391
1.38474
1.35204
1.30723
1.25281
1.18759
1.11824
1.05187
0.985323
0.917879
0.850154
0.782745
0.715776
0.649098
0.582533
0.515974
0.449376
0.382741
0.316083
0.249418
0.182757
0.116101
0.0494416
6.26595
6.19924
6.13249
6.06575
5.99906
5.93251
5.86616
5.79997
5.73378
5.6673
5.60019
5.53219
5.46332
5.39399
5.32479
5.26059
5.19879
5.13558
5.07601
5.0218
4.97247
4.92682
4.88337
4.84049
4.79648
4.75013
4.70087
4.64868
4.59368
4.53588
4.47533
4.41217
4.34681
4.27987
4.21206
4.14401
4.07625
4.00907
3.94259
3.87673
3.81133
3.74615
3.68094
3.61551
3.54977
3.48361
3.41765
3.34804
3.27738
3.21016
3.1435
3.07636
3.01255
2.94948
2.88272
2.81548
2.74852
2.68224
2.61685
2.55227
2.48819
2.42415
2.35961
2.29401
2.22697
2.15859
2.08975
2.02209
1.95767
1.89873
1.84786
1.80875
1.78609
1.78111
1.78377
1.78481
2.11516
2.11625
2.11907
2.11361
2.08846
2.04496
1.98952
1.92745
1.8622
1.79586
1.72956
1.66365
1.59789
1.5318
1.46496
1.39735
1.32942
1.26199
1.19587
1.13155
1.06908
1.00817
0.948599
0.890966
0.83749
0.792475
0.761276
0.748717
0.757702
0.787161
0.831666
0.884417
0.940348
0.997364
1.05592
1.11724
1.18163
1.24824
1.31596
1.38408
1.45231
1.52019
1.5864
1.64853
1.70325
1.74671
1.77527
1.7875
1.78767
1.78529
1.78481
1.55449
1.55275
1.55015
1.56478
1.60947
1.67244
1.73991
1.80677
1.87284
1.93898
2.00555
2.07072
2.12936
2.17401
2.19779
2.19552
2.1654
2.11318
2.04967
1.98342
1.91331
1.84325
1.77674
1.70636
1.62911
1.54588
1.4595
1.37302
1.28879
1.20817
1.13158
1.05871
0.988869
0.92119
0.85484
0.789133
0.723579
0.657875
0.591866
0.525512
0.458877
0.392123
0.325483
0.259188
0.193374
0.128015
0.0629227
6.28101
6.21567
6.14994
6.08382
6.01738
5.95078
5.88404
5.81694
5.75001
5.68454
5.62057
5.55664
5.4917
5.42573
5.35919
5.2924
5.22553
5.15869
5.092
5.02549
4.95918
4.893
4.82683
4.75996
4.6971
4.63602
4.57202
4.51071
4.45701
4.4145
4.38412
4.36477
4.35435
4.35051
4.35114
4.35459
4.35974
4.36571
4.37161
4.37616
4.37753
4.37329
4.36072
4.33739
4.30218
4.25596
4.20147
4.14212
4.08062
4.01833
3.95543
3.89165
3.82681
3.76104
3.69467
3.62806
3.56144
3.49491
3.42845
3.36201
3.29553
3.229
3.16244
3.09587
3.02932
2.96276
2.89612
2.8293
2.76218
2.69535
2.62508
2.55423
2.48697
2.42445
2.36367
2.29967
2.23504
2.16994
2.10403
2.03679
1.96804
1.89869
1.83077
1.76678
1.70905
1.6599
1.62238
1.60084
1.59634
1.59896
1.59994
1.55449
1.55254
1.55049
1.57425
1.63543
1.71478
1.79608
1.87081
1.93984
2.00752
2.07731
2.14908
2.21862
2.28307
2.34446
2.40664
2.46988
2.52956
2.58764
2.63783
2.66521
2.66544
2.63994
2.59453
2.53705
2.47432
2.41184
2.35526
2.31081
2.28394
2.27788
2.29311
2.32751
2.3771
2.43693
2.50237
2.57001
2.63794
2.70547
2.77256
2.83937
2.90604
2.97266
3.03927
3.10588
3.17251
3.23916
3.30583
3.37251
3.43923
3.50595
3.57267
3.63933
3.70588
3.7723
3.8387
3.90529
3.97225
4.03955
4.10683
4.17358
4.2395
4.30454
4.36873
4.43178
4.49303
4.55161
4.60677
4.65826
4.7064
4.75213
4.79679
4.84185
4.88853
4.93762
4.98939
5.04382
5.10078
5.16008
5.22159
5.28513
5.35042
5.41707
5.48459
5.55249
5.62034
5.68788
5.75502
5.82179
5.88833
5.95477
6.02123
6.08775
6.15435
6.22101
0.00451466
0.071205
0.137862
0.204551
0.270762
0.340395
0.411084
0.478434
0.545867
0.609802
0.672559
0.73838
0.804346
0.870215
0.936148
1.00228
1.0687
1.13552
1.20295
1.27094
1.33884
1.40507
1.46733
1.5228
1.56828
1.60029
1.61617
1.61808
1.61563
1.61495
1.55449
1.55283
1.55023
1.56326
1.60348
1.6616
1.72702
1.7944
1.86174
1.92855
1.99492
2.06097
2.12656
2.19108
2.25342
2.31207
2.36529
2.4113
2.44838
2.47501
2.48987
2.4919
2.48037
2.45505
2.41649
2.36638
2.30793
2.24592
2.18633
2.13541
2.09865
2.07988
2.08088
2.10132
2.13898
2.19028
2.25094
2.31693
2.38512
2.45362
2.52159
2.58892
2.65578
2.72242
2.78899
2.85557
2.92219
2.98884
3.0555
3.12217
3.18883
3.25549
3.32216
3.38885
3.45555
3.52227
3.58896
3.65559
3.72212
3.78856
3.855
3.9216
3.98855
4.05592
4.12355
4.19102
4.25785
4.32373
4.38866
4.45289
4.51657
4.57938
4.64027
4.6976
4.74964
4.79526
4.83454
4.86892
4.90096
4.93366
4.96979
5.01134
5.05922
5.11329
5.17263
5.23586
5.30156
5.36851
5.43586
5.50313
5.57017
5.63697
5.70361
5.77018
5.83676
5.90341
5.97016
6.03702
6.10396
6.17093
6.23785
0.0214774
0.0881424
0.154658
0.221063
0.287429
0.35384
0.420366
0.487042
0.553846
0.620687
0.687431
0.753941
0.82014
0.886077
0.951961
1.01813
1.08496
1.15267
1.22115
1.2898
1.35746
1.42256
1.4832
1.53722
1.58199
1.61402
1.62997
1.63173
1.62922
1.62857
1.55449
1.55461
1.55285
1.54876
1.54905
1.56127
1.58801
1.62826
1.67931
1.73798
1.80132
1.86698
1.93353
2.0004
2.06746
2.13449
2.20074
2.26467
2.32418
2.37693
2.42085
2.45442
2.47668
2.48716
2.48574
2.47257
2.44814
2.41352
2.37062
2.32254
2.27346
2.22843
2.19271
2.17098
2.16666
2.18114
2.21355
2.26092
2.31904
2.38302
2.45334
2.52543
2.59389
2.66147
2.7286
2.79537
2.86175
2.92772
2.99338
3.0589
3.12446
3.19021
3.25618
3.32236
3.38873
3.45528
3.52198
3.58879
3.65566
3.7226
3.7896
3.85664
3.92366
3.99049
4.05692
4.12278
4.18804
4.25298
4.31819
4.38448
4.45254
4.52272
4.5953
4.66949
4.74155
4.80778
4.86769
4.92242
4.97349
5.0226
5.06974
5.1146
5.16031
5.20852
5.25735
5.30687
5.3597
5.41798
5.48221
5.55129
5.62315
5.6956
5.76701
5.83664
5.90449
5.97099
6.03675
6.10228
6.16794
6.23394
0.0170964
0.0837914
0.150992
0.217952
0.28313
0.346379
0.409201
0.472795
0.537233
0.602091
0.667009
0.731794
0.796371
0.860746
0.924982
0.989181
1.05352
1.11835
1.1841
1.25135
1.31885
1.38526
1.45099
1.51727
1.57694
1.61953
1.64133
1.6447
1.64184
1.64096
1.55449
1.55457
1.55234
1.54813
1.55087
1.56836
1.60155
1.64816
1.70493
1.76804
1.83325
1.89618
1.95301
2.00105
2.03926
2.06821
2.08981
2.10678
2.122
2.13794
2.15622
2.17738
2.20103
2.22599
2.25067
2.27322
2.29174
2.30426
2.30886
2.30388
2.28828
2.26206
2.22673
2.18559
2.14353
2.10635
2.07969
2.06795
2.07361
2.09701
2.13647
2.18879
2.25004
2.31637
2.3848
2.45345
2.52153
2.5889
2.65577
2.72239
2.78895
2.85552
2.92214
2.9888
3.05547
3.12213
3.18876
3.25537
3.32196
3.3886
3.45534
3.52222
3.58924
3.6563
3.72326
3.78997
3.85636
3.92249
3.98854
4.05478
4.12148
4.18878
4.25655
4.32435
4.39137
4.45669
4.51952
4.57942
4.63645
4.69114
4.74427
4.79669
4.84891
4.90102
4.95275
5.00391
5.05474
5.10595
5.15852
5.21341
5.27132
5.33255
5.39694
5.46388
5.53251
5.60186
5.67112
5.73975
5.80759
5.87469
5.9413
6.00766
6.07398
6.14038
6.20688
6.27348
0.0569678
0.123669
0.190381
0.257092
0.323792
0.390468
0.457111
0.523715
0.590291
0.656859
0.723451
0.790095
0.856816
0.923649
0.990657
1.05795
1.12566
1.19387
1.26244
1.33087
1.39813
1.4626
1.52212
1.57405
1.61535
1.64278
1.65462
1.65474
1.65241
1.65195
1.55449
1.55399
1.55124
1.55128
1.56544
1.5982
1.64595
1.70294
1.76441
1.82724
1.88976
1.9513
2.01165
2.07041
2.12634
2.17724
2.22044
2.25393
2.27735
2.29209
2.30052
2.30494
2.30691
2.30687
2.30423
2.29755
2.28482
2.26393
2.2331
2.19145
2.13946
2.0791
2.01352
1.94632
1.88081
1.81957
1.76459
1.71787
1.68242
1.66244
1.65848
1.661
1.6619
1.87518
1.87713
1.8792
1.85543
1.79404
1.7142
1.63273
1.56151
1.4965
1.42796
1.35922
1.28885
1.20999
1.12379
1.03343
0.942776
0.856456
0.778475
0.709152
0.645274
0.58245
0.519788
0.457773
0.397323
0.337886
0.28756
0.259679
0.257396
0.279254
0.320852
0.375988
0.438397
0.503511
0.569023
0.633792
0.695972
0.751913
0.79661
0.82524
0.834631
0.823934
0.794555
0.749623
0.693231
0.629576
0.562211
0.493611
0.425136
0.357284
0.290051
0.223232
0.156607
0.0900269
0.0234208
6.23997
6.17332
6.10669
6.04009
5.97347
5.90676
5.83986
5.77273
5.70543
5.63812
5.57105
5.50449
5.43875
5.37411
5.31078
5.24886
5.18827
5.12874
5.06987
5.01124
4.95252
4.8935
4.83406
4.77409
4.71343
4.65193
4.58948
4.52607
4.46178
4.39678
4.33126
4.2654
4.19932
4.1331
4.06679
4.00041
3.93395
3.86743
3.80087
3.7342
3.66796
3.59829
3.52763
3.46035
3.39361
3.32648
3.26282
3.20019
3.13414
3.06757
3.00083
2.93392
2.86692
2.79995
2.7332
2.66684
2.60089
2.53528
2.46982
2.40429
2.33842
2.27192
2.20456
2.13651
2.06857
2.00227
1.93972
1.88341
1.8363
1.80212
1.7843
1.78154
1.78404
1.78481
1.9059
1.90785
1.90991
1.88615
1.82476
1.74491
1.66342
1.59219
1.52724
1.4588
1.39016
1.31978
1.24079
1.15425
1.06346
0.973134
0.887532
0.811157
0.745322
0.683463
0.619871
0.558764
0.50302
0.461148
0.446247
0.459733
0.497156
0.551223
0.614337
0.680511
0.7462
0.810189
0.872928
0.935381
0.997435
1.05654
1.10757
1.14413
1.16125
1.15621
1.12799
1.07974
1.01916
0.953656
0.887103
0.820573
0.754056
0.687472
0.620859
0.55426
0.48767
0.421065
0.354434
0.287779
0.221105
0.154413
0.0877035
0.0209877
6.23748
6.17084
6.1043
6.03787
5.97144
5.90483
5.83782
5.77036
5.70272
5.63552
5.56897
5.50335
5.44017
5.37944
5.31849
5.25582
5.193
5.13324
5.07927
5.03236
4.99218
4.95708
4.92452
4.89155
4.85542
4.81405
4.76643
4.71256
4.65331
4.59002
4.52413
4.45688
4.38916
4.3215
4.2541
4.187
4.12013
4.0534
3.98675
3.92014
3.85353
3.78691
3.72028
3.65364
3.58698
3.52031
3.45364
3.38697
3.3203
3.25363
3.18698
3.12032
3.05366
2.98697
2.92026
2.85354
2.78683
2.72018
2.65363
2.5872
2.52084
2.45441
2.3877
2.32045
2.25251
2.18399
2.11542
2.04788
1.98298
1.92275
1.8696
1.8264
1.79658
1.78271
1.78184
1.78427
1.78481
1.94063
1.94258
1.94469
1.92076
1.85935
1.7826
1.70684
1.63967
1.5764
1.51272
1.45111
1.39022
1.32881
1.26639
1.20251
1.13933
1.07921
1.01917
0.95634
0.891696
0.828425
0.77087
0.722687
0.685511
0.658958
0.64147
0.631299
0.627262
0.629163
0.637808
0.654674
0.681334
0.718753
0.766598
0.822702
0.882896
0.941425
0.991939
1.02873
1.04772
1.04697
1.02671
0.989123
0.937833
0.877124
0.811071
0.742821
0.67429
0.606303
0.538978
0.47212
0.405492
0.338928
0.272348
0.205732
0.139085
0.0724193
0.00574462
6.22226
6.15559
6.08893
6.02228
5.95562
5.88894
5.82224
5.75552
5.68881
5.62216
5.5556
5.4891
5.42253
5.35579
5.28885
5.22187
5.15513
5.08896
5.02355
4.95899
4.8952
4.8321
4.76958
4.70754
4.6458
4.58418
4.52257
4.46096
4.39955
4.33855
4.27808
4.218
4.15791
4.09725
4.03549
3.97226
3.90745
3.84123
3.77397
3.70614
3.63819
3.57046
3.50309
3.4361
3.36939
3.30282
3.23628
3.1697
3.10306
3.03643
2.96986
2.9034
2.83702
2.7706
2.704
2.63707
2.56976
2.50213
2.43439
2.36671
2.29922
2.23195
2.16486
2.09812
2.03237
1.96895
1.91002
1.85853
1.81801
1.79195
1.78159
1.78216
1.78444
1.78481
1.97938
1.98132
1.98343
1.95986
1.89867
1.81873
1.73632
1.66058
1.59147
1.52513
1.45833
1.39036
1.32256
1.25664
1.1931
1.13064
1.06745
1.00263
0.941681
0.881965
0.817172
0.75103
0.689642
0.64218
0.616341
0.615293
0.637756
0.67872
0.736432
0.803099
0.870655
0.934915
0.997203
1.06226
1.12742
1.19083
1.24786
1.29227
1.31867
1.32415
1.3085
1.27385
1.2241
1.1641
1.09846
1.03062
0.962554
0.894983
0.827943
0.761236
0.694665
0.628099
0.561461
0.494711
0.427852
0.360922
0.293989
0.227124
0.160369
0.0937179
0.0271134
6.24366
6.17691
6.11003
6.04311
5.97629
5.90973
5.84355
5.77766
5.71174
5.64544
5.57859
5.51136
5.44419
5.37753
5.31166
5.2468
5.18319
5.12111
5.06073
5.00188
4.94401
4.8864
4.82847
4.77014
4.71186
4.65426
4.59763
4.54164
4.4855
4.42819
4.36885
4.30696
4.24243
4.17566
4.10732
4.03827
3.96924
3.90074
3.83297
3.76588
3.69926
3.63288
3.56655
3.50016
3.43366
3.36706
3.30038
3.23364
3.16686
3.10009
3.0334
2.96685
2.90044
2.83415
2.7678
2.70121
2.6342
2.5667
2.49884
2.43087
2.36308
2.29566
2.22866
2.162
2.09578
2.03048
1.96738
1.90863
1.85728
1.81701
1.79136
1.78144
1.7822
1.78447
1.78481
2.02161
2.02356
2.02567
2.00218
1.94069
1.86084
1.78264
1.71316
1.64768
1.58413
1.52194
1.46048
1.39901
1.33697
1.27422
1.21149
1.1526
1.0938
1.03509
0.985457
0.947932
0.922861
0.90848
0.9019
0.900244
0.901457
0.904658
0.910091
0.918815
0.932266
0.95184
0.97858
1.01296
1.05473
1.10281
1.15513
1.20863
1.25939
1.30311
1.33566
1.35376
1.3554
1.34003
1.30917
1.26355
1.20452
1.13864
1.07169
1.00505
0.938411
0.871445
0.804296
0.737239
0.670371
0.6036
0.536803
0.469924
0.402995
0.33609
0.269273
0.202567
0.135944
0.0693526
0.00274372
6.21928
6.15257
6.08584
6.01911
5.95242
5.88584
5.81944
5.75326
5.68728
5.62131
5.55507
5.48827
5.42014
5.35223
5.28668
5.22125
5.15447
5.08829
5.02491
4.9653
4.90899
4.85482
4.80154
4.74823
4.69453
4.64054
4.58656
4.53277
4.47893
4.42442
4.36844
4.31026
4.24941
4.18578
4.11971
4.05185
3.98301
3.91397
3.84531
3.77732
3.71003
3.64326
3.57681
3.51046
3.44408
3.3776
3.31102
3.24434
3.17762
3.11089
3.04419
2.97755
2.91097
2.84444
2.77791
2.71132
2.64462
2.57777
2.51076
2.4436
2.37622
2.30856
2.24055
2.1723
2.10424
2.0373
1.97305
1.91366
1.86182
1.82068
1.79354
1.78202
1.78206
1.78438
1.78481
2.06717
2.0671
2.07016
2.07473
2.06669
2.0373
1.99088
1.93062
1.86305
1.79517
1.72697
1.65935
1.59361
1.52975
1.46639
1.40184
1.34027
1.27884
1.21304
1.14876
1.09098
1.0433
1.00681
0.980728
0.963386
0.952847
0.947362
0.945725
0.947491
0.952971
0.963005
0.978568
1.00037
1.02856
1.06263
1.10152
1.14381
1.18801
1.23262
1.27613
1.31685
1.35283
1.38177
1.40129
1.4092
1.40391
1.38474
1.35204
1.30723
1.25281
1.18759
1.11824
1.05187
0.985323
0.917879
0.850154
0.782745
0.715776
0.649098
0.582533
0.515974
0.449376
0.382741
0.316083
0.249418
0.182757
0.116101
0.0494416
6.26595
6.19924
6.13249
6.06575
5.99906
5.93251
5.86616
5.79997
5.73378
5.6673
5.60019
5.53219
5.46332
5.39399
5.32479
5.26059
5.19879
5.13558
5.07601
5.0218
4.97247
4.92682
4.88337
4.84049
4.79648
4.75013
4.70087
4.64868
4.59368
4.53588
4.47533
4.41217
4.34681
4.27987
4.21206
4.14401
4.07625
4.00907
3.94259
3.87673
3.81133
3.74615
3.68094
3.61551
3.54977
3.48361
3.41765
3.34804
3.27738
3.21016
3.1435
3.07636
3.01255
2.94948
2.88272
2.81548
2.74852
2.68224
2.61685
2.55227
2.48819
2.42415
2.35961
2.29401
2.22697
2.15859
2.08975
2.02209
1.95767
1.89873
1.84786
1.80875
1.78609
1.78111
1.78377
1.78481
2.11516
2.11625
2.11907
2.11361
2.08846
2.04496
1.98952
1.92745
1.8622
1.79586
1.72956
1.66365
1.59789
1.5318
1.46496
1.39735
1.32942
1.26199
1.19587
1.13155
1.06908
1.00817
0.948599
0.890966
0.83749
0.792475
0.761276
0.748717
0.757702
0.787161
0.831666
0.884417
0.940348
0.997364
1.05592
1.11724
1.18163
1.24824
1.31596
1.38408
1.45231
1.52019
1.5864
1.64853
1.70325
1.74671
1.77527
1.7875
1.78767
1.78529
1.78481
1.55449
1.55275
1.55015
1.56478
1.60947
1.67244
1.73991
1.80677
1.87284
1.93898
2.00555
2.07072
2.12936
2.17401
2.19779
2.19552
2.1654
2.11318
2.04967
1.98342
1.91331
1.84325
1.77674
1.70636
1.62911
1.54588
1.4595
1.37302
1.28879
1.20817
1.13158
1.05871
0.988869
0.92119
0.85484
0.789133
0.723579
0.657875
0.591866
0.525512
0.458877
0.392123
0.325483
0.259188
0.193374
0.128015
0.0629227
6.28101
6.21567
6.14994
6.08382
6.01738
5.95078
5.88404
5.81694
5.75001
5.68454
5.62057
5.55664
5.4917
5.42573
5.35919
5.2924
5.22553
5.15869
5.092
5.02549
4.95918
4.893
4.82683
4.75996
4.6971
4.63602
4.57202
4.51071
4.45701
4.4145
4.38412
4.36477
4.35435
4.35051
4.35114
4.35459
4.35974
4.36571
4.37161
4.37616
4.37753
4.37329
4.36072
4.33739
4.30218
4.25596
4.20147
4.14212
4.08062
4.01833
3.95543
3.89165
3.82681
3.76104
3.69467
3.62806
3.56144
3.49491
3.42845
3.36201
3.29553
3.229
3.16244
3.09587
3.02932
2.96276
2.89612
2.8293
2.76218
2.69535
2.62508
2.55423
2.48697
2.42445
2.36367
2.29967
2.23504
2.16994
2.10403
2.03679
1.96804
1.89869
1.83077
1.76678
1.70905
1.6599
1.62238
1.60084
1.59634
1.59896
1.59994
1.55449
1.55254
1.55049
1.57425
1.63543
1.71478
1.79608
1.87081
1.93984
2.00752
2.07731
2.14908
2.21862
2.28307
2.34446
2.40664
2.46988
2.52956
2.58764
2.63783
2.66521
2.66544
2.63994
2.59453
2.53705
2.47432
2.41184
2.35526
2.31081
2.28394
2.27788
2.29311
2.32751
2.3771
2.43693
2.50237
2.57001
2.63794
2.70547
2.77256
2.83937
2.90604
2.97266
3.03927
3.10588
3.17251
3.23916
3.30583
3.37251
3.43923
3.50595
3.57267
3.63933
3.70588
3.7723
3.8387
3.90529
3.97225
4.03955
4.10683
4.17358
4.2395
4.30454
4.36873
4.43178
4.49303
4.55161
4.60677
4.65826
4.7064
4.75213
4.79679
4.84185
4.88853
4.93762
4.98939
5.04382
5.10078
5.16008
5.22159
5.28513
5.35042
5.41707
5.48459
5.55249
5.62034
5.68788
5.75502
5.82179
5.88833
5.95477
6.02123
6.08775
6.15435
6.22101
0.00451466
0.071205
0.137862
0.204551
0.270762
0.340395
0.411084
0.478434
0.545867
0.609802
0.672559
0.73838
0.804346
0.870215
0.936148
1.00228
1.0687
1.13552
1.20295
1.27094
1.33884
1.40507
1.46733
1.5228
1.56828
1.60029
1.61617
1.61808
1.61563
1.61495
1.55449
1.55283
1.55023
1.56326
1.60348
1.6616
1.72702
1.7944
1.86174
1.92855
1.99492
2.06097
2.12656
2.19108
2.25342
2.31207
2.36529
2.4113
2.44838
2.47501
2.48987
2.4919
2.48037
2.45505
2.41649
2.36638
2.30793
2.24592
2.18633
2.13541
2.09865
2.07988
2.08088
2.10132
2.13898
2.19028
2.25094
2.31693
2.38512
2.45362
2.52159
2.58892
2.65578
2.72242
2.78899
2.85557
2.92219
2.98884
3.0555
3.12217
3.18883
3.25549
3.32216
3.38885
3.45555
3.52227
3.58896
3.65559
3.72212
3.78856
3.855
3.9216
3.98855
4.05592
4.12355
4.19102
4.25785
4.32373
4.38866
4.45289
4.51657
4.57938
4.64027
4.6976
4.74964
4.79526
4.83454
4.86892
4.90096
4.93366
4.96979
5.01134
5.05922
5.11329
5.17263
5.23586
5.30156
5.36851
5.43586
5.50313
5.57017
5.63697
5.70361
5.77018
5.83676
5.90341
5.97016
6.03702
6.10396
6.17093
6.23785
0.0214774
0.0881424
0.154658
0.221063
0.287429
0.35384
0.420366
0.487042
0.553846
0.620687
0.687431
0.753941
0.82014
0.886077
0.951961
1.01813
1.08496
1.15267
1.22115
1.2898
1.35746
1.42256
1.4832
1.53722
1.58199
1.61402
1.62997
1.63173
1.62922
1.62857
1.55449
1.55461
1.55285
1.54876
1.54905
1.56127
1.58801
1.62826
1.67931
1.73798
1.80132
1.86698
1.93353
2.0004
2.06746
2.13449
2.20074
2.26467
2.32418
2.37693
2.42085
2.45442
2.47668
2.48716
2.48574
2.47257
2.44814
2.41352
2.37062
2.32254
2.27346
2.22843
2.19271
2.17098
2.16666
2.18114
2.21355
2.26092
2.31904
2.38302
2.45334
2.52543
2.59389
2.66147
2.7286
2.79537
2.86175
2.92772
2.99338
3.0589
3.12446
3.19021
3.25618
3.32236
3.38873
3.45528
3.52198
3.58879
3.65566
3.7226
3.7896
3.85664
3.92366
3.99049
4.05692
4.12278
4.18804
4.25298
4.31819
4.38448
4.45254
4.52272
4.5953
4.66949
4.74155
4.80778
4.86769
4.92242
4.97349
5.0226
5.06974
5.1146
5.16031
5.20852
5.25735
5.30687
5.3597
5.41798
5.48221
5.55129
5.62315
5.6956
5.76701
5.83664
5.90449
5.97099
6.03675
6.10228
6.16794
6.23394
0.0170964
0.0837914
0.150992
0.217952
0.28313
0.346379
0.409201
0.472795
0.537233
0.602091
0.667009
0.731794
0.796371
0.860746
0.924982
0.989181
1.05352
1.11835
1.1841
1.25135
1.31885
1.38526
1.45099
1.51727
1.57694
1.61953
1.64133
1.6447
1.64184
1.64096
1.55449
1.55457
1.55234
1.54813
1.55087
1.56836
1.60155
1.64816
1.70493
1.76804
1.83325
1.89618
1.95301
2.00105
2.03926
2.06821
2.08981
2.10678
2.122
2.13794
2.15622
2.17738
2.20103
2.22599
2.25067
2.27322
2.29174
2.30426
2.30886
2.30388
2.28828
2.26206
2.22673
2.18559
2.14353
2.10635
2.07969
2.06795
2.07361
2.09701
2.13647
2.18879
2.25004
2.31637
2.3848
2.45345
2.52153
2.5889
2.65577
2.72239
2.78895
2.85552
2.92214
2.9888
3.05547
3.12213
3.18876
3.25537
3.32196
3.3886
3.45534
3.52222
3.58924
3.6563
3.72326
3.78997
3.85636
3.92249
3.98854
4.05478
4.12148
4.18878
4.25655
4.32435
4.39137
4.45669
4.51952
4.57942
4.63645
4.69114
4.74427
4.79669
4.84891
4.90102
4.95275
5.00391
5.05474
5.10595
5.15852
5.21341
5.27132
5.33255
5.39694
5.46388
5.53251
5.60186
5.67112
5.73975
5.80759
5.87469
5.9413
6.00766
6.07398
6.14038
6.20688
6.27348
0.0569678
0.123669
0.190381
0.257092
0.323792
0.390468
0.457111
0.523715
0.590291
0.656859
0.723451
0.790095
0.856816
0.923649
0.990657
1.05795
1.12566
1.19387
1.26244
1.33087
1.39813
1.4626
1.52212
1.57405
1.61535
1.64278
1.65462
1.65474
1.65241
1.65195
1.55449
1.55399
1.55124
1.55128
1.56544
1.5982
1.64595
1.70294
1.76441
1.82724
1.88976
1.9513
2.01165
2.07041
2.12634
2.17724
2.22044
2.25393
2.27735
2.29209
2.30052
2.30494
2.30691
2.30687
2.30423
2.29755
2.28482
2.26393
2.2331
2.19145
2.13946
2.0791
2.01352
1.94632
1.88081
1.81957
1.76459
1.71787
1.68242
1.66244
1.65848
1.661
1.6619
1.87518
1.87713
1.8792
1.85543
1.79404
1.7142
1.63273
1.56151
1.4965
1.42796
1.35922
1.28885
1.20999
1.12379
1.03343
0.942776
0.856456
0.778475
0.709152
0.645274
0.58245
0.519788
0.457773
0.397323
0.337886
0.28756
0.259679
0.257396
0.279254
0.320852
0.375988
0.438397
0.503511
0.569023
0.633792
0.695972
0.751913
0.79661
0.82524
0.834631
0.823934
0.794555
0.749623
0.693231
0.629576
0.562211
0.493611
0.425136
0.357284
0.290051
0.223232
0.156607
0.0900269
0.0234208
6.23997
6.17332
6.10669
6.04009
5.97347
5.90676
5.83986
5.77273
5.70543
5.63812
5.57105
5.50449
5.43875
5.37411
5.31078
5.24886
5.18827
5.12874
5.06987
5.01124
4.95252
4.8935
4.83406
4.77409
4.71343
4.65193
4.58948
4.52607
4.46178
4.39678
4.33126
4.2654
4.19932
4.1331
4.06679
4.00041
3.93395
3.86743
3.80087
3.7342
3.66796
3.59829
3.52763
3.46035
3.39361
3.32648
3.26282
3.20019
3.13414
3.06757
3.00083
2.93392
2.86692
2.79995
2.7332
2.66684
2.60089
2.53528
2.46982
2.40429
2.33842
2.27192
2.20456
2.13651
2.06857
2.00227
1.93972
1.88341
1.8363
1.80212
1.7843
1.78154
1.78404
1.78481
1.9059
1.90785
1.90991
1.88615
1.82476
1.74491
1.66342
1.59219
1.52724
1.4588
1.39016
1.31978
1.24079
1.15425
1.06346
0.973134
0.887532
0.811157
0.745322
0.683463
0.619871
0.558764
0.50302
0.461148
0.446247
0.459733
0.497156
0.551223
0.614337
0.680511
0.7462
0.810189
0.872928
0.935381
0.997435
1.05654
1.10757
1.14413
1.16125
1.15621
1.12799
1.07974
1.01916
0.953656
0.887103
0.820573
0.754056
0.687472
0.620859
0.55426
0.48767
0.421065
0.354434
0.287779
0.221105
0.154413
0.0877035
0.0209877
6.23748
6.17084
6.1043
6.03787
5.97144
5.90483
5.83782
5.77036
5.70272
5.63552
5.56897
5.50335
5.44017
5.37944
5.31849
5.25582
5.193
5.13324
5.07927
5.03236
4.99218
4.95708
4.92452
4.89155
4.85542
4.81405
4.76643
4.71256
4.65331
4.59002
4.52413
4.45688
4.38916
4.3215
4.2541
4.187
4.12013
4.0534
3.98675
3.92014
3.85353
3.78691
3.72028
3.65364
3.58698
3.52031
3.45364
3.38697
3.3203
3.25363
3.18698
3.12032
3.05366
2.98697
2.92026
2.85354
2.78683
2.72018
2.65363
2.5872
2.52084
2.45441
2.3877
2.32045
2.25251
2.18399
2.11542
2.04788
1.98298
1.92275
1.8696
1.8264
1.79658
1.78271
1.78184
1.78427
1.78481
1.94063
1.94258
1.94469
1.92076
1.85935
1.7826
1.70684
1.63967
1.5764
1.51272
1.45111
1.39022
1.32881
1.26639
1.20251
1.13933
1.07921
1.01917
0.95634
0.891696
0.828425
0.77087
0.722687
0.685511
0.658958
0.64147
0.631299
0.627262
0.629163
0.637808
0.654674
0.681334
0.718753
0.766598
0.822702
0.882896
0.941425
0.991939
1.02873
1.04772
1.04697
1.02671
0.989123
0.937833
0.877124
0.811071
0.742821
0.67429
0.606303
0.538978
0.47212
0.405492
0.338928
0.272348
0.205732
0.139085
0.0724193
0.00574462
6.22226
6.15559
6.08893
6.02228
5.95562
5.88894
5.82224
5.75552
5.68881
5.62216
5.5556
5.4891
5.42253
5.35579
5.28885
5.22187
5.15513
5.08896
5.02355
4.95899
4.8952
4.8321
4.76958
4.70754
4.6458
4.58418
4.52257
4.46096
4.39955
4.33855
4.27808
4.218
4.15791
4.09725
4.03549
3.97226
3.90745
3.84123
3.77397
3.70614
3.63819
3.57046
3.50309
3.4361
3.36939
3.30282
3.23628
3.1697
3.10306
3.03643
2.96986
2.9034
2.83702
2.7706
2.704
2.63707
2.56976
2.50213
2.43439
2.36671
2.29922
2.23195
2.16486
2.09812
2.03237
1.96895
1.91002
1.85853
1.81801
1.79195
1.78159
1.78216
1.78444
1.78481
1.97938
1.98132
1.98343
1.95986
1.89867
1.81873
1.73632
1.66058
1.59147
1.52513
1.45833
1.39036
1.32256
1.25664
1.1931
1.13064
1.06745
1.00263
0.941681
0.881965
0.817172
0.75103
0.689642
0.64218
0.616341
0.615293
0.637756
0.67872
0.736432
0.803099
0.870655
0.934915
0.997203
1.06226
1.12742
1.19083
1.24786
1.29227
1.31867
1.32415
1.3085
1.27385
1.2241
1.1641
1.09846
1.03062
0.962554
0.894983
0.827943
0.761236
0.694665
0.628099
0.561461
0.494711
0.427852
0.360922
0.293989
0.227124
0.160369
0.0937179
0.0271134
6.24366
6.17691
6.11003
6.04311
5.97629
5.90973
5.84355
5.77766
5.71174
5.64544
5.57859
5.51136
5.44419
5.37753
5.31166
5.2468
5.18319
5.12111
5.06073
5.00188
4.94401
4.8864
4.82847
4.77014
4.71186
4.65426
4.59763
4.54164
4.4855
4.42819
4.36885
4.30696
4.24243
4.17566
4.10732
4.03827
3.96924
3.90074
3.83297
3.76588
3.69926
3.63288
3.56655
3.50016
3.43366
3.36706
3.30038
3.23364
3.16686
3.10009
3.0334
2.96685
2.90044
2.83415
2.7678
2.70121
2.6342
2.5667
2.49884
2.43087
2.36308
2.29566
2.22866
2.162
2.09578
2.03048
1.96738
1.90863
1.85728
1.81701
1.79136
1.78144
1.7822
1.78447
1.78481
2.02161
2.02356
2.02567
2.00218
1.94069
1.86084
1.78264
1.71316
1.64768
1.58413
1.52194
1.46048
1.39901
1.33697
1.27422
1.21149
1.1526
1.0938
1.03509
0.985457
0.947932
0.922861
0.90848
0.9019
0.900244
0.901457
0.904658
0.910091
0.918815
0.932266
0.95184
0.97858
1.01296
1.05473
1.10281
1.15513
1.20863
1.25939
1.30311
1.33566
1.35376
1.3554
1.34003
1.30917
1.26355
1.20452
1.13864
1.07169
1.00505
0.938411
0.871445
0.804296
0.737239
0.670371
0.6036
0.536803
0.469924
0.402995
0.33609
0.269273
0.202567
0.135944
0.0693526
0.00274372
6.21928
6.15257
6.08584
6.01911
5.95242
5.88584
5.81944
5.75326
5.68728
5.62131
5.55507
5.48827
5.42014
5.35223
5.28668
5.22125
5.15447
5.08829
5.02491
4.9653
4.90899
4.85482
4.80154
4.74823
4.69453
4.64054
4.58656
4.53277
4.47893
4.42442
4.36844
4.31026
4.24941
4.18578
4.11971
4.05185
3.98301
3.91397
3.84531
3.77732
3.71003
3.64326
3.57681
3.51046
3.44408
3.3776
3.31102
3.24434
3.17762
3.11089
3.04419
2.97755
2.91097
2.84444
2.77791
2.71132
2.64462
2.57777
2.51076
2.4436
2.37622
2.30856
2.24055
2.1723
2.10424
2.0373
1.97305
1.91366
1.86182
1.82068
1.79354
1.78202
1.78206
1.78438
1.78481
2.06717
2.0671
2.07016
2.07473
2.06669
2.0373
1.99088
1.93062
1.86305
1.79517
1.72697
1.65935
1.59361
1.52975
1.46639
1.40184
1.34027
1.27884
1.21304
1.14876
1.09098
1.0433
1.00681
0.980728
0.963386
0.952847
0.947362
0.945725
0.947491
0.952971
0.963005
0.978568
1.00037
1.02856
1.06263
1.10152
1.14381
1.18801
1.23262
1.27613
1.31685
1.35283
1.38177
1.40129
1.4092
1.40391
1.38474
1.35204
1.30723
1.25281
1.18759
1.11824
1.05187
0.985323
0.917879
0.850154
0.782745
0.715776
0.649098
0.582533
0.515974
0.449376
0.382741
0.316083
0.249418
0.182757
0.116101
0.0494416
6.26595
6.19924
6.13249
6.06575
5.99906
5.93251
5.86616
5.79997
5.73378
5.6673
5.60019
5.53219
5.46332
5.39399
5.32479
5.26059
5.19879
5.13558
5.07601
5.0218
4.97247
4.92682
4.88337
4.84049
4.79648
4.75013
4.70087
4.64868
4.59368
4.53588
4.47533
4.41217
4.34681
4.27987
4.21206
4.14401
4.07625
4.00907
3.94259
3.87673
3.81133
3.74615
3.68094
3.61551
3.54977
3.48361
3.41765
3.34804
3.27738
3.21016
3.1435
3.07636
3.01255
2.94948
2.88272
2.81548
2.74852
2.68224
2.61685
2.55227
2.48819
2.42415
2.35961
2.29401
2.22697
2.15859
2.08975
2.02209
1.95767
1.89873
1.84786
1.80875
1.78609
1.78111
1.78377
1.78481
2.11516
2.11625
2.11907
2.11361
2.08846
2.04496
1.98952
1.92745
1.8622
1.79586
1.72956
1.66365
1.59789
1.5318
1.46496
1.39735
1.32942
1.26199
1.19587
1.13155
1.06908
1.00817
0.948599
0.890966
0.83749
0.792475
0.761276
0.748717
0.757702
0.787161
0.831666
0.884417
0.940348
0.997364
1.05592
1.11724
1.18163
1.24824
1.31596
1.38408
1.45231
1.52019
1.5864
1.64853
1.70325
1.74671
1.77527
1.7875
1.78767
1.78529
1.78481
1.55377
1.55182
1.54976
1.57352
1.6349
1.71476
1.79634
1.87013
1.93642
2.00001
2.06589
2.13739
2.21586
2.30115
2.39186
2.4855
2.5787
2.66675
2.74527
2.81415
2.87836
2.93789
2.99758
3.05995
3.11387
3.14924
3.15976
3.1448
3.10833
3.05665
2.99615
2.93158
2.86544
2.79567
2.72676
2.66171
2.60088
2.54488
2.49779
2.4696
2.46279
2.47722
2.51083
2.55979
2.61932
2.68476
2.75259
2.82075
2.88843
2.95555
3.02233
3.08895
3.15553
3.22213
3.28876
3.35541
3.42207
3.48872
3.55538
3.62205
3.68875
3.75548
3.82224
3.88895
3.95556
4.02202
4.08838
4.15474
4.22131
4.28831
4.35581
4.42362
4.49119
4.55779
4.62286
4.68637
4.74872
4.81042
4.8715
4.93115
4.98772
5.03923
5.08424
5.12255
5.15554
5.18584
5.21663
5.25079
5.29042
5.33657
5.38927
5.4478
5.51086
5.57701
5.64486
5.71331
5.78167
5.84959
5.917
5.984
6.05072
6.1173
6.18384
6.25038
0.0337706
0.100409
0.167114
0.233871
0.300633
0.36732
0.43385
0.500191
0.566414
0.632709
0.699338
0.766525
0.834325
0.902544
0.970766
1.03851
1.10544
1.17146
1.23674
1.30145
1.36541
1.42767
1.48624
1.538
1.579
1.60529
1.61546
1.61465
1.61233
1.61199
1.55377
1.55182
1.54976
1.57353
1.63493
1.71487
1.79383
1.86406
1.93428
2.00362
2.07018
2.14171
2.22142
2.30798
2.39717
2.48312
2.56109
2.63137
2.69238
2.75128
2.81496
2.87419
2.91577
2.9276
2.90649
2.85996
2.80044
2.73738
2.67458
2.61255
2.55096
2.48954
2.42274
2.35425
2.29468
2.23705
2.18036
2.13759
2.11647
2.1197
2.14744
2.19583
2.2567
2.32241
2.38904
2.45555
2.52202
2.58858
2.65519
2.7218
2.7884
2.85502
2.92166
2.98832
3.05498
3.12165
3.18832
3.25501
3.32171
3.38841
3.4551
3.52172
3.58826
3.65476
3.72128
3.78795
3.85487
3.92207
3.98946
4.05682
4.12368
4.18994
4.25526
4.31802
4.37827
4.43899
4.50183
4.56465
4.62309
4.67302
4.712
4.73962
4.75707
4.76689
4.77269
4.77883
4.78981
4.80932
4.83932
4.87969
4.92865
4.98382
5.04309
5.10505
5.16894
5.2344
5.30119
5.36901
5.43744
5.50602
5.57436
5.64221
5.70952
5.77635
5.84289
5.9093
5.97572
6.0422
6.10877
6.17541
6.24209
0.0256019
0.0922937
0.158975
0.225645
0.292311
0.358979
0.425659
0.492352
0.559046
0.625712
0.692306
0.758793
0.825184
0.891573
0.958162
1.02524
1.09307
1.16179
1.2312
1.30058
1.36868
1.43372
1.49355
1.54571
1.58742
1.6156
1.62828
1.6288
1.62645
1.62595
1.55377
1.55183
1.54972
1.57321
1.63461
1.71489
1.79295
1.8617
1.92737
1.99131
2.05366
2.11521
2.17661
2.23795
2.29965
2.36195
2.42385
2.48431
2.54132
2.59036
2.62723
2.65103
2.66387
2.6693
2.67097
2.6716
2.67246
2.67313
2.67176
2.6656
2.65168
2.62753
2.59181
2.54483
2.48897
2.42864
2.36984
2.31908
2.28212
2.26304
2.26378
2.28405
2.32165
2.37296
2.43368
2.49974
2.56799
2.63652
2.70451
2.77183
2.83869
2.90531
2.97188
3.03846
3.10508
3.17172
3.23838
3.30505
3.37172
3.4384
3.50508
3.57176
3.63845
3.70512
3.77176
3.83835
3.90489
3.97145
4.0381
4.10493
4.17196
4.2391
4.3062
4.37307
4.43956
4.50537
4.56998
4.63254
4.69195
4.74711
4.7972
4.84201
4.88208
4.91881
4.95424
4.99059
5.02975
5.07285
5.12025
5.17178
5.22709
5.28579
5.34751
5.41184
5.47826
5.54615
5.61482
5.68363
5.75212
5.82004
5.88735
5.95417
6.02069
6.08709
6.15349
6.21996
0.00332129
0.0699461
0.136647
0.203422
0.270247
0.337054
0.403736
0.470183
0.536365
0.602397
0.668568
0.73526
0.802781
0.871171
0.940088
1.00886
1.07674
1.1432
1.20813
1.27184
1.33482
1.39725
1.45847
1.51648
1.56785
1.60812
1.63317
1.64218
1.64102
1.63881
1.63852
1.55377
1.55182
1.54984
1.57417
1.63405
1.70584
1.77471
1.84085
1.90634
1.96951
2.03162
2.09352
2.15533
2.21725
2.27731
2.33467
2.39368
2.45537
2.5147
2.56636
2.60755
2.63798
2.65902
2.67265
2.68046
2.68309
2.67996
2.66967
2.65052
2.62125
2.58154
2.53214
2.47465
2.41125
2.34452
2.27763
2.21461
2.16024
2.11923
2.09536
2.0911
2.1074
2.14299
2.19398
2.25488
2.32053
2.38763
2.45477
2.52168
2.58845
2.65514
2.72177
2.78837
2.85496
2.92158
2.98822
3.05489
3.12157
3.18825
3.25491
3.32158
3.38824
3.45492
3.52161
3.58831
3.65499
3.72161
3.78815
3.85466
3.92123
3.988
4.05507
4.12235
4.1897
4.25689
4.32332
4.38802
4.45052
4.51159
4.57268
4.63465
4.69692
4.75789
4.81603
4.87076
4.92272
4.97341
5.02462
5.07784
5.1339
5.19298
5.25476
5.31867
5.38405
5.4503
5.51688
5.58341
5.64966
5.71557
5.78123
5.84679
5.9124
5.9782
6.04426
6.11058
6.17711
6.24378
0.0273334
0.0940707
0.160754
0.227369
0.293948
0.360568
0.427329
0.494285
0.561478
0.628211
0.69811
0.768355
0.83496
0.897081
0.957995
1.0226
1.08804
1.15409
1.2212
1.28965
1.3587
1.42632
1.48984
1.54666
1.59435
1.62993
1.64962
1.6533
1.65074
1.64986
1.55377
1.55386
1.55171
1.5476
1.55006
1.56653
1.59781
1.64172
1.69547
1.75633
1.82173
1.88945
1.95782
2.02581
2.09294
2.15914
2.22452
2.28907
2.3525
2.41401
2.47226
2.52537
2.57117
2.60755
2.63286
2.64631
2.64817
2.63984
2.62367
2.60247
2.57891
2.5548
2.53065
2.50557
2.47759
2.4443
2.4037
2.35503
2.29946
2.24035
2.18295
2.13335
2.09721
2.07865
2.07972
2.10022
2.138
2.18944
2.25022
2.31629
2.38449
2.45296
2.5209
2.5882
2.65506
2.7217
2.78827
2.85486
2.92148
2.98813
3.05479
3.12147
3.18814
3.2548
3.32146
3.3881
3.45476
3.52145
3.58817
3.65493
3.72165
3.78829
3.85479
3.92119
3.98763
4.05428
4.12122
4.18835
4.25539
4.32198
4.38787
4.45293
4.51711
4.58038
4.64255
4.70338
4.76253
4.81969
4.87462
4.92729
4.97794
5.02721
5.07607
5.12563
5.177
5.23104
5.28826
5.34881
5.4124
5.47846
5.54619
5.61476
5.68347
5.75183
5.81963
5.88686
5.95365
6.02019
6.08663
6.15309
6.2196
0.00300474
0.0696472
0.13633
0.203042
0.269767
0.336486
0.403167
0.469779
0.536311
0.602787
0.669274
0.735866
0.802644
0.869647
0.936854
1.00421
1.07169
1.13929
1.20706
1.27493
1.34256
1.40911
1.47309
1.53233
1.58406
1.62499
1.65179
1.66292
1.66271
1.6604
1.65998
1.55377
1.55224
1.54962
1.56084
1.59788
1.6534
1.71695
1.78281
1.84867
1.91386
1.97844
2.04277
2.10728
2.17228
2.23801
2.30463
2.37211
2.44016
2.50788
2.57356
2.63455
2.68746
2.72861
2.75479
2.76384
2.75514
2.72965
2.68963
2.63816
2.57851
2.51362
2.44582
2.37685
2.30794
2.23997
2.17343
2.10839
2.0445
1.98122
1.91827
1.85622
1.79696
1.7439
1.70163
1.67483
1.66504
1.66624
1.66858
1.66888
2.06944
2.06749
2.06539
2.08889
2.15002
2.23039
2.31333
2.38499
2.44812
2.51124
2.57364
2.63504
2.69664
2.75947
2.82284
2.88544
2.9466
3.00285
3.0461
3.0682
3.06521
3.03813
2.99208
2.93417
2.87074
2.80601
2.74339
2.68733
2.64341
2.61678
2.61064
2.62551
2.65945
2.70858
2.7681
2.83345
2.90116
2.96922
3.03685
3.10398
3.17078
3.23741
3.304
3.37058
3.43718
3.50382
3.57052
3.63727
3.70404
3.77077
3.83737
3.90382
3.97016
4.03654
4.10315
4.17013
4.23748
4.305
4.37235
4.43906
4.50457
4.56846
4.63071
4.69184
4.75265
4.81339
4.87293
4.92841
4.97603
5.01263
5.03696
5.05005
5.05461
5.05436
5.05348
5.0562
5.06636
5.0867
5.11827
5.16025
5.21044
5.26629
5.32573
5.38747
5.45096
5.51599
5.58243
5.65002
5.71833
5.78687
5.85521
5.92308
5.99039
6.05724
6.12378
6.1902
6.25662
0.0399229
0.10649
0.173115
0.23977
0.306447
0.373155
0.43991
0.506705
0.573488
0.640165
0.706634
0.772862
0.838948
0.905146
0.971798
1.03919
1.10737
1.17606
1.2447
1.31265
1.37944
1.445
1.50958
1.57352
1.63682
1.69863
1.75688
1.80815
1.84815
1.87291
1.88169
1.88039
1.87815
1.87786
1.99927
1.99732
1.99527
2.01903
2.08022
2.15964
2.24097
2.31552
2.38412
2.45138
2.52109
2.59385
2.66697
2.73686
2.80304
2.86234
2.92014
2.98345
3.04809
3.10815
3.15453
3.17902
3.17767
3.15158
3.10606
3.04825
2.98453
2.91941
2.85658
2.80058
2.75681
2.73029
2.72415
2.73899
2.77289
2.822
2.88153
2.94688
3.01459
3.08266
3.1503
3.21743
3.28423
3.35086
3.41742
3.48397
3.55055
3.6172
3.68395
3.75077
3.81759
3.8843
3.95089
4.01744
4.08408
4.15086
4.21765
4.28428
4.35066
4.41681
4.48268
4.54794
4.61202
4.67433
4.73449
4.79246
4.84839
4.90249
4.95485
5.00545
5.05442
5.10226
5.14991
5.19853
5.24924
5.30286
5.35981
5.4201
5.48336
5.54894
5.61602
5.68383
5.75173
5.81934
5.88651
5.95329
6.01981
6.08622
6.15263
6.21912
0.00250399
0.0691449
0.135831
0.202534
0.269235
0.335916
0.402571
0.469202
0.535828
0.602481
0.669196
0.735991
0.802845
0.869687
0.936405
1.00288
1.06906
1.13499
1.20088
1.26706
1.33391
1.40164
1.47015
1.53883
1.60654
1.67168
1.73234
1.78636
1.8311
1.86312
1.87912
1.88099
1.87852
1.87786
1.92772
1.92577
1.92365
1.94719
2.00863
2.08837
2.16702
2.23423
2.29729
2.36142
2.42409
2.48664
2.54981
2.61258
2.67382
2.7345
2.79661
2.85995
2.9209
2.97429
3.01581
3.04325
3.05615
3.0549
3.04008
3.01224
2.97222
2.92159
2.86324
2.80162
2.74245
2.69187
2.65522
2.63623
2.63701
2.6579
2.69709
2.75051
2.81286
2.87931
2.94681
3.01408
3.08091
3.14742
3.21376
3.28003
3.3463
3.41265
3.47913
3.54573
3.61239
3.67906
3.74572
3.81238
3.87906
3.9458
4.01261
4.07944
4.14619
4.21275
4.27904
4.34509
4.41115
4.47758
4.54438
4.61112
4.67746
4.74353
4.80956
4.87513
4.93909
5.00018
5.05778
5.11228
5.16487
5.21706
5.26995
5.32381
5.37798
5.43155
5.4841
5.53602
5.58834
5.64229
5.6989
5.75881
5.8221
5.88837
5.95676
6.02624
6.09586
6.16491
6.23309
0.0172357
0.0839296
0.150281
0.21654
0.282867
0.349328
0.415919
0.482601
0.549322
0.616036
0.682713
0.74934
0.815929
0.882502
0.949091
1.01572
1.08243
1.14923
1.21622
1.2835
1.35122
1.41945
1.48807
1.55655
1.62386
1.68836
1.74789
1.79983
1.84115
1.86863
1.88051
1.88065
1.87832
1.87786
1.86488
1.86294
1.86082
1.88436
1.9458
2.02578
2.10363
2.17264
2.23852
2.3026
2.36529
2.42761
2.4902
2.55326
2.61597
2.67665
2.73625
2.79743
2.85842
2.9124
2.95205
2.97283
2.97339
2.95515
2.92101
2.86819
2.80767
2.74783
2.68393
2.61836
2.55204
2.48803
2.43144
2.38767
2.36083
2.35315
2.36494
2.39479
2.43982
2.49618
2.55979
2.62713
2.69572
2.76416
2.83196
2.89912
2.96588
3.03253
3.09928
3.1662
3.23325
3.3003
3.3672
3.43388
3.50033
3.56665
3.63296
3.69933
3.76582
3.83242
3.8991
3.9658
4.03251
4.09917
4.1658
4.23238
4.29896
4.36555
4.43218
4.49888
4.56572
4.63279
4.70012
4.76743
4.83402
4.89871
4.95999
5.0164
5.0669
5.1112
5.14998
5.18493
5.21851
5.25345
5.29207
5.33576
5.38482
5.43875
5.49667
5.55764
5.62091
5.68589
5.75215
5.8193
5.88699
5.95485
6.02261
6.09007
6.15718
6.22397
0.00737473
0.0738667
0.140357
0.206898
0.273499
0.340145
0.406812
0.473479
0.540142
0.606813
0.673513
0.740259
0.80704
0.873809
0.940483
1.00698
1.07325
1.13938
1.20557
1.27216
1.33948
1.40771
1.47671
1.54578
1.61372
1.6788
1.73901
1.79206
1.83525
1.86534
1.8797
1.88087
1.87844
1.87786
1.81095
1.81103
1.80776
1.80248
1.81386
1.85613
1.92096
1.99071
2.0576
2.11907
2.17892
2.24072
2.30089
2.36047
2.42054
2.48184
2.54493
2.61001
2.67639
2.74207
2.80371
2.85732
2.89925
2.92701
2.93945
2.9365
2.91884
2.88766
2.8447
2.79212
2.73235
2.66782
2.6009
2.53433
2.47169
2.41753
2.3766
2.35272
2.34832
2.36444
2.40001
2.45115
2.5122
2.57786
2.64485
2.71189
2.77879
2.84559
2.91232
2.97897
3.04556
3.11214
3.17875
3.2454
3.31207
3.37876
3.44544
3.51211
3.57876
3.6454
3.71205
3.77872
3.84544
3.9122
3.97896
4.04566
4.11222
4.17864
4.24495
4.31132
4.3781
4.44532
4.51221
4.57795
4.64269
4.70733
4.77227
4.83679
4.8996
4.95981
5.01729
5.07256
5.12645
5.17971
5.23282
5.28598
5.3393
5.393
5.44762
5.50383
5.56217
5.62282
5.68556
5.74988
5.81524
5.88123
5.94761
6.01425
6.08106
6.14792
6.21472
6.2814
0.0647865
0.13131
0.197842
0.264416
0.331032
0.397664
0.464293
0.530923
0.597587
0.664337
0.731203
0.798164
0.865116
0.931891
0.998306
1.06425
1.1298
1.19522
1.26097
1.32758
1.39535
1.46417
1.53333
1.60154
1.6671
1.72812
1.7826
1.8281
1.86126
1.87855
1.88108
1.8786
1.87786
1.7661
1.76447
1.76191
1.77447
1.81354
1.87045
1.93513
2.00226
2.06957
2.13605
2.20118
2.26448
2.32538
2.38318
2.43712
2.48654
2.53097
2.57015
2.60402
2.63262
2.65602
2.67422
2.68717
2.69477
2.69697
2.69385
2.68559
2.67247
2.65469
2.63227
2.60496
2.57233
2.53411
2.49065
2.44335
2.39493
2.3494
2.31142
2.28552
2.27522
2.28245
2.30719
2.34764
2.40058
2.4621
2.52845
2.59675
2.66524
2.73318
2.80047
2.86739
2.93355
3.00357
3.07114
3.13434
3.2005
3.26708
3.33371
3.40034
3.46699
3.53366
3.60037
3.66716
3.73408
3.80115
3.86836
3.93563
4.00279
4.06965
4.13606
4.20197
4.2675
4.33295
4.39874
4.46532
4.53293
4.60138
4.66993
4.7374
4.80249
4.86424
4.92228
4.97692
5.02906
5.07992
5.13068
5.18207
5.23409
5.28622
5.33808
5.38982
5.44215
5.49603
5.55229
5.61143
5.67354
5.7383
5.80503
5.87289
5.94101
6.00873
6.07568
6.14184
6.20738
6.27264
0.0547476
0.120298
0.186209
0.25246
0.318953
0.385564
0.452203
0.518847
0.585546
0.652388
0.719428
0.786623
0.853796
0.920668
0.986958
1.05251
1.11741
1.18203
1.24693
1.31275
1.37988
1.44825
1.51714
1.58531
1.65122
1.71327
1.76978
1.81856
1.85602
1.87724
1.88144
1.8788
1.87786
1.72997
1.72806
1.72592
1.74606
1.79906
1.86616
1.93432
2.00093
2.06598
2.12995
2.19327
2.2562
2.3187
2.38065
2.44219
2.50385
2.56619
2.62916
2.69145
2.75032
2.80187
2.84171
2.86582
2.8715
2.8581
2.82733
2.78276
2.72876
2.66928
2.607
2.54331
2.47857
2.41261
2.34526
2.27659
2.20726
2.13855
2.07241
2.01127
1.95795
1.91558
1.88741
1.8752
1.87502
1.87739
1.87786
1.32712
1.32704
1.3294
1.33384
1.33046
1.31055
1.27393
1.22437
1.16556
1.10072
1.0334
0.968352
0.911857
0.871506
0.854416
0.863458
0.89792
0.955638
1.02225
1.08743
1.15295
1.21791
1.28293
1.34963
1.41907
1.49083
1.56351
1.6356
1.70613
1.77489
1.84216
1.90847
1.97435
2.04019
2.10624
2.17258
2.2392
2.30593
2.37255
2.43883
2.50464
2.56999
2.63508
2.70017
2.76552
2.83125
2.89738
2.96383
3.03047
3.09719
3.16393
3.23067
3.29739
3.36405
3.4306
3.49709
3.56365
3.63028
3.69739
3.76057
3.82224
3.8871
3.95218
4.01725
4.0824
4.14784
4.21402
4.2813
4.34926
4.41592
4.47778
4.53089
4.57223
4.60087
4.61806
4.62687
4.63147
4.63647
4.64626
4.66442
4.69315
4.73297
4.78268
4.8399
4.90193
4.96648
5.03214
5.09829
5.16481
5.2317
5.29887
5.36619
5.43345
5.50054
5.56742
5.63413
5.70074
5.76731
5.83388
5.90049
5.96714
6.0338
6.10047
6.16713
6.23377
0.0172285
0.0838869
0.150594
0.217367
0.284195
0.351016
0.417729
0.484222
0.55043
0.616399
0.682336
0.74859
0.815553
0.883483
0.952282
1.02132
1.08939
1.15477
1.21544
1.26913
1.31312
1.34407
1.35912
1.36057
1.35813
120.738
1.32712
1.32712
1.32712
1.32712
1.32712
1.32712
1.51072
1.69432
1.87792
1.87792
2.06152
2.06152
1.87792
1.69432
1.51072
1.32712
1.14352
1.07686
1.01019
0.943523
0.876856
0.81019
0.743523
0.676856
0.61019
0.543523
0.476856
0.41019
0.343523
0.276856
0.21019
0.143523
0.0768562
0.0101895
-0.0564771
-0.123144
-0.18981
-0.256477
-0.323144
-0.38981
-0.456477
-0.523144
-0.58981
-0.656477
-0.723144
-0.78981
-0.856477
-0.923144
-0.98981
-1.05648
-1.12314
-1.18981
-1.25648
-1.32314
-1.38981
-1.45648
-1.52314
-1.58981
-1.65648
-1.72314
-1.78981
-1.85648
-1.92314
-1.95221
-1.95221
-1.95221
-1.95221
-1.95221
-1.95221
-1.95221
-1.95221
-1.95221
-1.95221
-1.95221
-1.95221
-1.95221
-1.95221
-1.95221
-2.01887
-2.08554
-2.15221
-2.21887
-2.28554
-2.35221
-2.41887
-2.48554
-2.55221
-2.61887
-2.68554
-2.75221
-2.81887
-2.88554
-2.95221
-3.01887
-3.08554
3.13098
3.06431
2.99765
2.93098
2.86431
2.79765
2.73098
2.66431
2.59765
2.53098
2.46431
2.39765
2.33098
2.26431
2.19765
2.13098
2.06431
1.99765
1.93098
1.86431
1.79765
1.73098
1.66431
1.5968
1.5968
1.5968
1.5968
1.5968
1.5968
1.32712
1.32712
1.32712
1.32712
1.32712
1.32712
1.51072
1.69432
1.87792
2.06152
2.24512
2.24512
2.42872
2.61232
2.61232
2.61232
2.61232
2.42872
2.24512
2.31179
2.37845
2.44512
2.51179
2.57845
2.64512
2.71179
2.77845
2.84512
2.91179
2.97845
3.04512
3.11179
-3.10473
-3.03807
-2.9714
-2.90473
-2.83807
-2.7714
-2.70473
-2.63807
-2.5714
-2.50473
-2.43807
-2.3714
-2.30473
-2.23807
-2.1714
-2.10473
-2.03807
-1.9714
-1.90473
-1.83807
-1.7714
-1.70473
-1.63807
-1.5714
-1.50473
-1.43807
-1.3714
-1.30473
-1.23807
-1.1714
-1.10473
-1.03807
-1.02437
-1.02437
-1.02437
-1.02437
-1.02437
-0.957708
-0.891042
-0.824375
-0.757708
-0.691042
-0.624375
-0.557708
-0.491042
-0.424375
-0.357708
-0.291042
-0.224375
-0.157708
-0.0910416
-0.0243749
0.0422918
0.108958
0.175625
0.242292
0.308958
0.375625
0.442292
0.508958
0.575625
0.642292
0.708958
0.775625
0.842292
0.908958
0.975625
1.04229
1.10896
1.17563
1.24229
1.30896
1.37563
1.44229
1.50896
1.61199
1.61199
1.61199
1.61199
1.61199
1.61199
1.32712
1.32712
1.32712
1.32712
1.32712
1.32712
1.51072
1.69432
1.87792
2.06152
2.24512
2.42872
2.42872
2.42872
2.42872
2.24512
2.06152
2.06152
2.12819
2.19485
2.26152
2.32819
2.39485
2.46152
2.52819
2.59485
2.66152
2.72819
2.79485
2.86152
2.92819
2.99485
3.06152
3.12819
-3.08833
-3.02167
-2.955
-2.88833
-2.82167
-2.755
-2.68833
-2.62167
-2.555
-2.48833
-2.42167
-2.355
-2.28833
-2.22167
-2.155
-2.08833
-2.02167
-1.955
-1.88833
-1.82167
-1.755
-1.68833
-1.62167
-1.555
-1.48833
-1.42167
-1.355
-1.34991
-1.34991
-1.34991
-1.28324
-1.21657
-1.14991
-1.08324
-1.01657
-0.949907
-0.883241
-0.816574
-0.749907
-0.683241
-0.616574
-0.549907
-0.483241
-0.416574
-0.349907
-0.283241
-0.216574
-0.149907
-0.0832408
-0.0165741
0.0500925
0.116759
0.183426
0.250093
0.316759
0.383426
0.450093
0.516759
0.583426
0.650093
0.716759
0.783426
0.850093
0.916759
0.983426
1.05009
1.11676
1.18343
1.25009
1.31676
1.38343
1.45009
1.51676
1.62595
1.62595
1.62595
1.62595
1.62595
1.62595
1.32712
1.32712
1.32712
1.32712
1.32712
1.32712
1.32712
1.51072
1.69432
1.87792
2.06152
2.24512
2.24512
2.24512
2.24512
2.24512
2.24512
2.24512
2.24512
2.06152
2.12819
2.19485
2.26152
2.32819
2.39485
2.46152
2.52819
2.59485
2.66152
2.72819
2.79485
2.86152
2.92819
2.99485
3.06152
3.12819
-3.08833
-3.02167
-2.955
-2.88833
-2.82167
-2.755
-2.68833
-2.62167
-2.555
-2.48833
-2.42167
-2.355
-2.28833
-2.22167
-2.155
-2.08833
-2.02167
-1.955
-1.88833
-1.82167
-1.755
-1.68833
-1.62167
-1.555
-1.48833
-1.4878
-1.4878
-1.42113
-1.35447
-1.2878
-1.22113
-1.15447
-1.0878
-1.02113
-0.954466
-0.887799
-0.821133
-0.754466
-0.687799
-0.621133
-0.554466
-0.487799
-0.421133
-0.354466
-0.287799
-0.221133
-0.154466
-0.0877993
-0.0211327
0.045534
0.112201
0.178867
0.245534
0.312201
0.378867
0.445534
0.512201
0.578867
0.645534
0.712201
0.778867
0.845534
0.912201
0.978867
1.04553
1.1122
1.17887
1.24553
1.3122
1.37887
1.44553
1.5122
1.63852
1.63852
1.63852
1.63852
1.63852
1.63852
1.32712
1.32712
1.32712
1.32712
1.32712
1.32712
1.51072
1.69432
1.87792
2.06152
2.06152
2.24512
2.42872
2.24512
2.06152
2.06152
1.87792
1.87792
1.87792
1.69432
1.76099
1.82765
1.89432
1.96099
2.02765
2.09432
2.16099
2.22765
2.29432
2.36099
2.42765
2.49432
2.56099
2.62765
2.69432
2.76099
2.82765
2.89432
2.96099
3.02765
3.09432
-3.1222
-3.05553
-2.98886
-2.9222
-2.85553
-2.78886
-2.7222
-2.65553
-2.58886
-2.5222
-2.45553
-2.38886
-2.3222
-2.25553
-2.18886
-2.1222
-2.05553
-1.98886
-1.9222
-1.85553
-1.78886
-1.7222
-1.65553
-1.58886
-1.5222
-1.47201
-1.47201
-1.47201
-1.47201
-1.40535
-1.33868
-1.27201
-1.20535
-1.13868
-1.07201
-1.00535
-0.93868
-0.872013
-0.805346
-0.73868
-0.672013
-0.605346
-0.53868
-0.472013
-0.405346
-0.33868
-0.272013
-0.205346
-0.13868
-0.0720129
-0.00534628
0.0613204
0.127987
0.194654
0.26132
0.327987
0.394654
0.46132
0.527987
0.594654
0.66132
0.727987
0.794654
0.86132
0.927987
0.994654
1.06132
1.12799
1.19465
1.26132
1.32799
1.39465
1.46132
1.52799
1.64986
1.64986
1.64986
1.64986
1.64986
1.64986
1.32712
1.32712
1.32712
1.32712
1.32712
1.32712
1.39379
1.46046
1.52712
1.59379
1.66046
1.72712
1.79379
1.86046
1.92712
1.99379
2.06046
2.12712
2.18593
2.18593
2.18593
2.18593
2.18593
2.18593
2.18593
2.18593
2.18593
2.18593
2.18593
2.11926
2.05259
1.98593
1.91926
1.85259
1.78593
1.65998
1.65998
1.65998
1.65998
1.65998
1.65998
1.62508
1.62508
1.62508
1.62508
1.62508
1.62508
1.62508
1.80868
1.99227
1.92561
1.85894
1.79227
1.72561
1.65894
1.59227
1.52561
1.45894
1.39227
1.32561
1.25894
1.19227
1.12561
1.05894
0.992275
0.925608
0.858942
0.792275
0.725608
0.658942
0.592275
0.525608
0.458942
0.392275
0.325608
0.258942
0.192275
0.125608
0.0589416
-0.00772502
-0.0743917
-0.141058
-0.207725
-0.274392
-0.341058
-0.407725
-0.474392
-0.541058
-0.607725
-0.674392
-0.741058
-0.807725
-0.874392
-0.941058
-1.00773
-1.05483
-1.05483
-1.05483
-1.1215
-1.18816
-1.25483
-1.3215
-1.38816
-1.45483
-1.5215
-1.58816
-1.65483
-1.7215
-1.78816
-1.85483
-1.9215
-1.98816
-2.05483
-2.1215
-2.18816
-2.25483
-2.3215
-2.38816
-2.45483
-2.5215
-2.58816
-2.65483
-2.7215
-2.78816
-2.85483
-2.9215
-2.98816
-3.05483
-3.1215
3.09502
3.02836
2.96169
2.89502
2.82836
2.76169
2.69502
2.62836
2.56169
2.49502
2.42836
2.36169
2.29502
2.22836
2.14753
2.14753
2.14753
2.14753
2.14753
2.14753
1.63956
1.63956
1.63956
1.63956
1.63956
1.63956
1.63956
1.63956
1.63956
1.82316
2.00676
2.19036
2.25703
2.32369
2.39036
2.45703
2.52369
2.59036
2.65703
2.72369
2.79036
2.85703
2.92369
2.99036
3.05703
3.12369
-3.09282
-3.02616
-2.95949
-2.89282
-2.82616
-2.75949
-2.69282
-2.62616
-2.55949
-2.49282
-2.42616
-2.35949
-2.29282
-2.22616
-2.15949
-2.09282
-2.02616
-1.95949
-1.89282
-1.82616
-1.75949
-1.69282
-1.62616
-1.55949
-1.49282
-1.42616
-1.35949
-1.29282
-1.22616
-1.15949
-1.09282
-1.02616
-0.989889
-0.989889
-0.989889
-0.989889
-0.989889
-0.989889
-0.923222
-0.856555
-0.789889
-0.723222
-0.656555
-0.589889
-0.523222
-0.456555
-0.389889
-0.323222
-0.256555
-0.189889
-0.123222
-0.0565555
0.0101112
0.0767778
0.143445
0.210111
0.276778
0.343445
0.410111
0.476778
0.543445
0.610111
0.676778
0.743445
0.810111
0.876778
0.943445
1.01011
1.07678
1.14344
1.21011
1.27678
1.34344
1.41011
1.47678
1.54344
1.61011
1.67678
1.74344
1.81011
1.87678
1.94344
2.01011
2.07678
2.14753
2.14753
2.14753
2.14753
2.14753
2.14753
1.65562
1.65562
1.65562
1.65562
1.65562
1.65562
1.65562
1.65562
1.65562
1.65562
1.65562
1.65562
1.83922
2.02282
1.95615
1.88948
1.82282
1.75615
1.68948
1.62282
1.55615
1.48948
1.42282
1.35615
1.28948
1.22282
1.15615
1.08948
1.02282
0.956152
0.889485
0.822818
0.756152
0.689485
0.622818
0.556152
0.489485
0.422818
0.356152
0.289485
0.222818
0.156152
0.0894849
0.0228182
-0.0438484
-0.110515
-0.177182
-0.243848
-0.310515
-0.377182
-0.443848
-0.510515
-0.577182
-0.643848
-0.710515
-0.777182
-0.843848
-0.910515
-0.977182
-1.04385
-1.07368
-1.07368
-1.07368
-1.07368
-1.14035
-1.20701
-1.27368
-1.34035
-1.40701
-1.47368
-1.54035
-1.60701
-1.67368
-1.74035
-1.80701
-1.87368
-1.94035
-2.00701
-2.07368
-2.14035
-2.20701
-2.27368
-2.34035
-2.40701
-2.47368
-2.54035
-2.60701
-2.67368
-2.74035
-2.80701
-2.87368
-2.94035
-3.00701
-3.07368
-3.14035
3.07617
3.0095
2.94284
2.87617
2.8095
2.74284
2.67617
2.6095
2.54284
2.47617
2.4095
2.34284
2.27617
2.2095
2.14753
2.14753
2.14753
2.14753
2.14753
2.14753
1.67325
1.67325
1.67325
1.67325
1.67325
1.67325
1.67325
1.48965
1.48965
1.48965
1.48965
1.67325
1.85685
1.85685
2.04045
2.22405
2.29071
2.35738
2.42405
2.49071
2.55738
2.62405
2.69071
2.75738
2.82405
2.89071
2.95738
3.02405
3.09071
-3.12581
-3.05914
-2.99247
-2.92581
-2.85914
-2.79247
-2.72581
-2.65914
-2.59247
-2.52581
-2.45914
-2.39247
-2.32581
-2.25914
-2.19247
-2.12581
-2.05914
-1.99247
-1.92581
-1.85914
-1.79247
-1.72581
-1.65914
-1.59247
-1.52581
-1.45914
-1.39247
-1.32581
-1.25914
-1.19247
-1.12581
-1.05914
-0.992473
-0.931521
-0.931521
-0.931521
-0.931521
-0.864855
-0.798188
-0.731521
-0.664855
-0.598188
-0.531521
-0.464855
-0.398188
-0.331521
-0.264855
-0.198188
-0.131521
-0.0648547
0.001812
0.0684787
0.135145
0.201812
0.268479
0.335145
0.401812
0.468479
0.535145
0.601812
0.668479
0.735145
0.801812
0.868479
0.935145
1.00181
1.06848
1.13515
1.20181
1.26848
1.33515
1.40181
1.46848
1.53515
1.60181
1.66848
1.73515
1.80181
1.86848
1.93515
2.00181
2.06848
2.14753
2.14753
2.14753
2.14753
2.14753
2.14753
1.69192
1.69192
1.69192
1.69192
1.69192
1.69192
1.50832
1.44166
1.37499
1.30832
1.30778
1.30778
1.30778
1.30778
1.30778
1.37445
1.44112
1.50778
1.57445
1.64112
1.70778
1.77445
1.84112
1.90778
1.97445
2.04112
2.14753
2.14753
2.14753
2.14753
2.14753
2.14753
1.32712
1.32712
1.32712
1.32712
1.32712
1.32712
1.51072
1.69432
1.87792
1.87792
2.06152
1.99485
1.92819
1.86152
1.79485
1.72819
1.66152
1.59485
1.52819
1.46152
1.39485
1.32819
1.26152
1.19485
1.12819
1.06152
0.994853
0.928187
0.86152
0.794853
0.728187
0.66152
0.594853
0.528187
0.46152
0.394853
0.328187
0.26152
0.194853
0.128187
0.0615202
-0.0051465
-0.0718132
-0.13848
-0.205147
-0.271813
-0.33848
-0.405147
-0.471813
-0.53848
-0.605147
-0.671813
-0.727699
-0.727699
-0.727699
-0.727699
-0.794366
-0.861032
-0.927699
-0.994366
-1.06103
-1.1277
-1.19437
-1.26103
-1.3277
-1.39437
-1.46103
-1.5277
-1.59437
-1.66103
-1.7277
-1.79437
-1.86103
-1.9277
-1.99437
-2.06103
-2.1277
-2.19437
-2.26103
-2.3277
-2.39437
-2.46103
-2.5277
-2.59437
-2.66103
-2.7277
-2.79437
-2.86103
-2.9277
-2.99437
-3.06103
-3.1277
3.08882
3.02215
2.95549
2.88882
2.82215
2.75549
2.68882
2.62215
2.55549
2.48882
2.42737
102.958
102.958
102.958
102.958
102.958
1.32712
1.32712
1.32712
1.32712
1.32712
1.32712
1.51072
1.69432
1.87792
1.87792
2.06152
2.06152
1.87792
1.69432
1.51072
1.32712
1.14352
1.07686
1.01019
0.943523
0.876856
0.81019
0.743523
0.676856
0.61019
0.543523
0.476856
0.41019
0.343523
0.276856
0.21019
0.143523
0.0768562
0.0101895
-0.0564771
-0.123144
-0.18981
-0.256477
-0.323144
-0.38981
-0.456477
-0.523144
-0.58981
-0.656477
-0.723144
-0.78981
-0.856477
-0.923144
-0.98981
-1.05648
-1.12314
-1.18981
-1.25648
-1.32314
-1.38981
-1.45648
-1.52314
-1.58981
-1.65648
-1.72314
-1.78981
-1.85648
-1.92314
-1.95221
-1.95221
-1.95221
-1.95221
-1.95221
-1.95221
-1.95221
-1.95221
-1.95221
-1.95221
-1.95221
-1.95221
-1.95221
-1.95221
-1.95221
-2.01887
-2.08554
-2.15221
-2.21887
-2.28554
-2.35221
-2.41887
-2.48554
-2.55221
-2.61887
-2.68554
-2.75221
-2.81887
-2.88554
-2.95221
-3.01887
-3.08554
3.13098
3.06431
2.99765
2.93098
2.86431
2.79765
2.73098
2.66431
2.59765
2.53098
2.46431
2.39765
2.33098
2.26431
2.19765
2.13098
2.06431
1.99765
1.93098
1.86431
1.79765
1.73098
1.66431
1.5968
1.5968
1.5968
1.5968
1.5968
1.5968
1.32712
1.32712
1.32712
1.32712
1.32712
1.32712
1.51072
1.69432
1.87792
2.06152
2.24512
2.24512
2.42872
2.61232
2.61232
2.61232
2.61232
2.42872
2.24512
2.31179
2.37845
2.44512
2.51179
2.57845
2.64512
2.71179
2.77845
2.84512
2.91179
2.97845
3.04512
3.11179
-3.10473
-3.03807
-2.9714
-2.90473
-2.83807
-2.7714
-2.70473
-2.63807
-2.5714
-2.50473
-2.43807
-2.3714
-2.30473
-2.23807
-2.1714
-2.10473
-2.03807
-1.9714
-1.90473
-1.83807
-1.7714
-1.70473
-1.63807
-1.5714
-1.50473
-1.43807
-1.3714
-1.30473
-1.23807
-1.1714
-1.10473
-1.03807
-1.02437
-1.02437
-1.02437
-1.02437
-1.02437
-0.957708
-0.891042
-0.824375
-0.757708
-0.691042
-0.624375
-0.557708
-0.491042
-0.424375
-0.357708
-0.291042
-0.224375
-0.157708
-0.0910416
-0.0243749
0.0422918
0.108958
0.175625
0.242292
0.308958
0.375625
0.442292
0.508958
0.575625
0.642292
0.708958
0.775625
0.842292
0.908958
0.975625
1.04229
1.10896
1.17563
1.24229
1.30896
1.37563
1.44229
1.50896
1.61199
1.61199
1.61199
1.61199
1.61199
1.61199
1.32712
1.32712
1.32712
1.32712
1.32712
1.32712
1.51072
1.69432
1.87792
2.06152
2.24512
2.42872
2.42872
2.42872
2.42872
2.24512
2.06152
2.06152
2.12819
2.19485
2.26152
2.32819
2.39485
2.46152
2.52819
2.59485
2.66152
2.72819
2.79485
2.86152
2.92819
2.99485
3.06152
3.12819
-3.08833
-3.02167
-2.955
-2.88833
-2.82167
-2.755
-2.68833
-2.62167
-2.555
-2.48833
-2.42167
-2.355
-2.28833
-2.22167
-2.155
-2.08833
-2.02167
-1.955
-1.88833
-1.82167
-1.755
-1.68833
-1.62167
-1.555
-1.48833
-1.42167
-1.355
-1.34991
-1.34991
-1.34991
-1.28324
-1.21657
-1.14991
-1.08324
-1.01657
-0.949907
-0.883241
-0.816574
-0.749907
-0.683241
-0.616574
-0.549907
-0.483241
-0.416574
-0.349907
-0.283241
-0.216574
-0.149907
-0.0832408
-0.0165741
0.0500925
0.116759
0.183426
0.250093
0.316759
0.383426
0.450093
0.516759
0.583426
0.650093
0.716759
0.783426
0.850093
0.916759
0.983426
1.05009
1.11676
1.18343
1.25009
1.31676
1.38343
1.45009
1.51676
1.62595
1.62595
1.62595
1.62595
1.62595
1.62595
1.32712
1.32712
1.32712
1.32712
1.32712
1.32712
1.32712
1.51072
1.69432
1.87792
2.06152
2.24512
2.24512
2.24512
2.24512
2.24512
2.24512
2.24512
2.24512
2.06152
2.12819
2.19485
2.26152
2.32819
2.39485
2.46152
2.52819
2.59485
2.66152
2.72819
2.79485
2.86152
2.92819
2.99485
3.06152
3.12819
-3.08833
-3.02167
-2.955
-2.88833
-2.82167
-2.755
-2.68833
-2.62167
-2.555
-2.48833
-2.42167
-2.355
-2.28833
-2.22167
-2.155
-2.08833
-2.02167
-1.955
-1.88833
-1.82167
-1.755
-1.68833
-1.62167
-1.555
-1.48833
-1.4878
-1.4878
-1.42113
-1.35447
-1.2878
-1.22113
-1.15447
-1.0878
-1.02113
-0.954466
-0.887799
-0.821133
-0.754466
-0.687799
-0.621133
-0.554466
-0.487799
-0.421133
-0.354466
-0.287799
-0.221133
-0.154466
-0.0877993
-0.0211327
0.045534
0.112201
0.178867
0.245534
0.312201
0.378867
0.445534
0.512201
0.578867
0.645534
0.712201
0.778867
0.845534
0.912201
0.978867
1.04553
1.1122
1.17887
1.24553
1.3122
1.37887
1.44553
1.5122
1.63852
1.63852
1.63852
1.63852
1.63852
1.63852
1.32712
1.32712
1.32712
1.32712
1.32712
1.32712
1.51072
1.69432
1.87792
2.06152
2.06152
2.24512
2.42872
2.24512
2.06152
2.06152
1.87792
1.87792
1.87792
1.69432
1.76099
1.82765
1.89432
1.96099
2.02765
2.09432
2.16099
2.22765
2.29432
2.36099
2.42765
2.49432
2.56099
2.62765
2.69432
2.76099
2.82765
2.89432
2.96099
3.02765
3.09432
-3.1222
-3.05553
-2.98886
-2.9222
-2.85553
-2.78886
-2.7222
-2.65553
-2.58886
-2.5222
-2.45553
-2.38886
-2.3222
-2.25553
-2.18886
-2.1222
-2.05553
-1.98886
-1.9222
-1.85553
-1.78886
-1.7222
-1.65553
-1.58886
-1.5222
-1.47201
-1.47201
-1.47201
-1.47201
-1.40535
-1.33868
-1.27201
-1.20535
-1.13868
-1.07201
-1.00535
-0.93868
-0.872013
-0.805346
-0.73868
-0.672013
-0.605346
-0.53868
-0.472013
-0.405346
-0.33868
-0.272013
-0.205346
-0.13868
-0.0720129
-0.00534628
0.0613204
0.127987
0.194654
0.26132
0.327987
0.394654
0.46132
0.527987
0.594654
0.66132
0.727987
0.794654
0.86132
0.927987
0.994654
1.06132
1.12799
1.19465
1.26132
1.32799
1.39465
1.46132
1.52799
1.64986
1.64986
1.64986
1.64986
1.64986
1.64986
1.32712
1.32712
1.32712
1.32712
1.32712
1.32712
1.39379
1.46046
1.52712
1.59379
1.66046
1.72712
1.79379
1.86046
1.92712
1.99379
2.06046
2.12712
2.18593
2.18593
2.18593
2.18593
2.18593
2.18593
2.18593
2.18593
2.18593
2.18593
2.18593
2.11926
2.05259
1.98593
1.91926
1.85259
1.78593
1.65998
1.65998
1.65998
1.65998
1.65998
1.65998
1.62508
1.62508
1.62508
1.62508
1.62508
1.62508
1.62508
1.80868
1.99227
1.92561
1.85894
1.79227
1.72561
1.65894
1.59227
1.52561
1.45894
1.39227
1.32561
1.25894
1.19227
1.12561
1.05894
0.992275
0.925608
0.858942
0.792275
0.725608
0.658942
0.592275
0.525608
0.458942
0.392275
0.325608
0.258942
0.192275
0.125608
0.0589416
-0.00772502
-0.0743917
-0.141058
-0.207725
-0.274392
-0.341058
-0.407725
-0.474392
-0.541058
-0.607725
-0.674392
-0.741058
-0.807725
-0.874392
-0.941058
-1.00773
-1.05483
-1.05483
-1.05483
-1.1215
-1.18816
-1.25483
-1.3215
-1.38816
-1.45483
-1.5215
-1.58816
-1.65483
-1.7215
-1.78816
-1.85483
-1.9215
-1.98816
-2.05483
-2.1215
-2.18816
-2.25483
-2.3215
-2.38816
-2.45483
-2.5215
-2.58816
-2.65483
-2.7215
-2.78816
-2.85483
-2.9215
-2.98816
-3.05483
-3.1215
3.09502
3.02836
2.96169
2.89502
2.82836
2.76169
2.69502
2.62836
2.56169
2.49502
2.42836
2.36169
2.29502
2.22836
2.14753
2.14753
2.14753
2.14753
2.14753
2.14753
1.63956
1.63956
1.63956
1.63956
1.63956
1.63956
1.63956
1.63956
1.63956
1.82316
2.00676
2.19036
2.25703
2.32369
2.39036
2.45703
2.52369
2.59036
2.65703
2.72369
2.79036
2.85703
2.92369
2.99036
3.05703
3.12369
-3.09282
-3.02616
-2.95949
-2.89282
-2.82616
-2.75949
-2.69282
-2.62616
-2.55949
-2.49282
-2.42616
-2.35949
-2.29282
-2.22616
-2.15949
-2.09282
-2.02616
-1.95949
-1.89282
-1.82616
-1.75949
-1.69282
-1.62616
-1.55949
-1.49282
-1.42616
-1.35949
-1.29282
-1.22616
-1.15949
-1.09282
-1.02616
-0.989889
-0.989889
-0.989889
-0.989889
-0.989889
-0.989889
-0.923222
-0.856555
-0.789889
-0.723222
-0.656555
-0.589889
-0.523222
-0.456555
-0.389889
-0.323222
-0.256555
-0.189889
-0.123222
-0.0565555
0.0101112
0.0767778
0.143445
0.210111
0.276778
0.343445
0.410111
0.476778
0.543445
0.610111
0.676778
0.743445
0.810111
0.876778
0.943445
1.01011
1.07678
1.14344
1.21011
1.27678
1.34344
1.41011
1.47678
1.54344
1.61011
1.67678
1.74344
1.81011
1.87678
1.94344
2.01011
2.07678
2.14753
2.14753
2.14753
2.14753
2.14753
2.14753
1.65562
1.65562
1.65562
1.65562
1.65562
1.65562
1.65562
1.65562
1.65562
1.65562
1.65562
1.65562
1.83922
2.02282
1.95615
1.88948
1.82282
1.75615
1.68948
1.62282
1.55615
1.48948
1.42282
1.35615
1.28948
1.22282
1.15615
1.08948
1.02282
0.956152
0.889485
0.822818
0.756152
0.689485
0.622818
0.556152
0.489485
0.422818
0.356152
0.289485
0.222818
0.156152
0.0894849
0.0228182
-0.0438484
-0.110515
-0.177182
-0.243848
-0.310515
-0.377182
-0.443848
-0.510515
-0.577182
-0.643848
-0.710515
-0.777182
-0.843848
-0.910515
-0.977182
-1.04385
-1.07368
-1.07368
-1.07368
-1.07368
-1.14035
-1.20701
-1.27368
-1.34035
-1.40701
-1.47368
-1.54035
-1.60701
-1.67368
-1.74035
-1.80701
-1.87368
-1.94035
-2.00701
-2.07368
-2.14035
-2.20701
-2.27368
-2.34035
-2.40701
-2.47368
-2.54035
-2.60701
-2.67368
-2.74035
-2.80701
-2.87368
-2.94035
-3.00701
-3.07368
-3.14035
3.07617
3.0095
2.94284
2.87617
2.8095
2.74284
2.67617
2.6095
2.54284
2.47617
2.4095
2.34284
2.27617
2.2095
2.14753
2.14753
2.14753
2.14753
2.14753
2.14753
1.67325
1.67325
1.67325
1.67325
1.67325
1.67325
1.67325
1.48965
1.48965
1.48965
1.48965
1.67325
1.85685
1.85685
2.04045
2.22405
2.29071
2.35738
2.42405
2.49071
2.55738
2.62405
2.69071
2.75738
2.82405
2.89071
2.95738
3.02405
3.09071
-3.12581
-3.05914
-2.99247
-2.92581
-2.85914
-2.79247
-2.72581
-2.65914
-2.59247
-2.52581
-2.45914
-2.39247
-2.32581
-2.25914
-2.19247
-2.12581
-2.05914
-1.99247
-1.92581
-1.85914
-1.79247
-1.72581
-1.65914
-1.59247
-1.52581
-1.45914
-1.39247
-1.32581
-1.25914
-1.19247
-1.12581
-1.05914
-0.992473
-0.931521
-0.931521
-0.931521
-0.931521
-0.864855
-0.798188
-0.731521
-0.664855
-0.598188
-0.531521
-0.464855
-0.398188
-0.331521
-0.264855
-0.198188
-0.131521
-0.0648547
0.001812
0.0684787
0.135145
0.201812
0.268479
0.335145
0.401812
0.468479
0.535145
0.601812
0.668479
0.735145
0.801812
0.868479
0.935145
1.00181
1.06848
1.13515
1.20181
1.26848
1.33515
1.40181
1.46848
1.53515
1.60181
1.66848
1.73515
1.80181
1.86848
1.93515
2.00181
2.06848
2.14753
2.14753
2.14753
2.14753
2.14753
2.14753
1.69192
1.69192
1.69192
1.69192
1.69192
1.69192
1.50832
1.44166
1.37499
1.30832
1.30778
1.30778
1.30778
1.30778
1.30778
1.37445
1.44112
1.50778
1.57445
1.64112
1.70778
1.77445
1.84112
1.90778
1.97445
2.04112
2.14753
2.14753
2.14753
2.14753
2.14753
2.14753
1.32712
1.32712
1.32712
1.32712
1.32712
1.32712
1.51072
1.69432
1.87792
1.87792
2.06152
1.99485
1.92819
1.86152
1.79485
1.72819
1.66152
1.59485
1.52819
1.46152
1.39485
1.32819
1.26152
1.19485
1.12819
1.06152
0.994853
0.928187
0.86152
0.794853
0.728187
0.66152
0.594853
0.528187
0.46152
0.394853
0.328187
0.26152
0.194853
0.128187
0.0615202
-0.0051465
-0.0718132
-0.13848
-0.205147
-0.271813
-0.33848
-0.405147
-0.471813
-0.53848
-0.605147
-0.671813
-0.727699
-0.727699
-0.727699
-0.727699
-0.794366
-0.861032
-0.927699
-0.994366
-1.06103
-1.1277
-1.19437
-1.26103
-1.3277
-1.39437
-1.46103
-1.5277
-1.59437
-1.66103
-1.7277
-1.79437
-1.86103
-1.9277
-1.99437
-2.06103
-2.1277
-2.19437
-2.26103
-2.3277
-2.39437
-2.46103
-2.5277
-2.59437
-2.66103
-2.7277
-2.79437
-2.86103
-2.9277
-2.99437
-3.06103
-3.1277
3.08882
3.02215
2.95549
2.88882
2.82215
2.75549
2.68882
2.62215
2.55549
2.48882
2.42737
102.958
102.958
102.958
102.958
102.958
1.32712
1.32712
1.32712
1.32712
1.32712
1.32712
1.51072
1.69432
1.87792
1.87792
2.06152
2.06152
1.87792
1.69432
1.51072
1.32712
1.14352
1.07686
1.01019
0.943523
0.876856
0.81019
0.743523
0.676856
0.61019
0.543523
0.476856
0.41019
0.343523
0.276856
0.21019
0.143523
0.0768562
0.0101895
-0.0564771
-0.123144
-0.18981
-0.256477
-0.323144
-0.38981
-0.456477
-0.523144
-0.58981
-0.656477
-0.723144
-0.78981
-0.856477
-0.923144
-0.98981
-1.05648
-1.12314
-1.18981
-1.25648
-1.32314
-1.38981
-1.45648
-1.52314
-1.58981
-1.65648
-1.72314
-1.78981
-1.85648
-1.92314
-1.95221
-1.95221
-1.95221
-1.95221
-1.95221
-1.95221
-1.95221
-1.95221
-1.95221
-1.95221
-1.95221
-1.95221
-1.95221
-1.95221
-1.95221
-2.01887
-2.08554
-2.15221
-2.21887
-2.28554
-2.35221
-2.41887
-2.48554
-2.55221
-2.61887
-2.68554
-2.75221
-2.81887
-2.88554
-2.95221
-3.01887
-3.08554
3.13098
3.06431
2.99765
2.93098
2.86431
2.79765
2.73098
2.66431
2.59765
2.53098
2.46431
2.39765
2.33098
2.26431
2.19765
2.13098
2.06431
1.99765
1.93098
1.86431
1.79765
1.73098
1.66431
1.5968
1.5968
1.5968
1.5968
1.5968
1.5968
1.32712
1.32712
1.32712
1.32712
1.32712
1.32712
1.51072
1.69432
1.87792
2.06152
2.24512
2.24512
2.42872
2.61232
2.61232
2.61232
2.61232
2.42872
2.24512
2.31179
2.37845
2.44512
2.51179
2.57845
2.64512
2.71179
2.77845
2.84512
2.91179
2.97845
3.04512
3.11179
-3.10473
-3.03807
-2.9714
-2.90473
-2.83807
-2.7714
-2.70473
-2.63807
-2.5714
-2.50473
-2.43807
-2.3714
-2.30473
-2.23807
-2.1714
-2.10473
-2.03807
-1.9714
-1.90473
-1.83807
-1.7714
-1.70473
-1.63807
-1.5714
-1.50473
-1.43807
-1.3714
-1.30473
-1.23807
-1.1714
-1.10473
-1.03807
-1.02437
-1.02437
-1.02437
-1.02437
-1.02437
-0.957708
-0.891042
-0.824375
-0.757708
-0.691042
-0.624375
-0.557708
-0.491042
-0.424375
-0.357708
-0.291042
-0.224375
-0.157708
-0.0910416
-0.0243749
0.0422918
0.108958
0.175625
0.242292
0.308958
0.375625
0.442292
0.508958
0.575625
0.642292
0.708958
0.775625
0.842292
0.908958
0.975625
1.04229
1.10896
1.17563
1.24229
1.30896
1.37563
1.44229
1.50896
1.61199
1.61199
1.61199
1.61199
1.61199
1.61199
1.32712
1.32712
1.32712
1.32712
1.32712
1.32712
1.51072
1.69432
1.87792
2.06152
2.24512
2.42872
2.42872
2.42872
2.42872
2.24512
2.06152
2.06152
2.12819
2.19485
2.26152
2.32819
2.39485
2.46152
2.52819
2.59485
2.66152
2.72819
2.79485
2.86152
2.92819
2.99485
3.06152
3.12819
-3.08833
-3.02167
-2.955
-2.88833
-2.82167
-2.755
-2.68833
-2.62167
-2.555
-2.48833
-2.42167
-2.355
-2.28833
-2.22167
-2.155
-2.08833
-2.02167
-1.955
-1.88833
-1.82167
-1.755
-1.68833
-1.62167
-1.555
-1.48833
-1.42167
-1.355
-1.34991
-1.34991
-1.34991
-1.28324
-1.21657
-1.14991
-1.08324
-1.01657
-0.949907
-0.883241
-0.816574
-0.749907
-0.683241
-0.616574
-0.549907
-0.483241
-0.416574
-0.349907
-0.283241
-0.216574
-0.149907
-0.0832408
-0.0165741
0.0500925
0.116759
0.183426
0.250093
0.316759
0.383426
0.450093
0.516759
0.583426
0.650093
0.716759
0.783426
0.850093
0.916759
0.983426
1.05009
1.11676
1.18343
1.25009
1.31676
1.38343
1.45009
1.51676
1.62595
1.62595
1.62595
1.62595
1.62595
1.62595
1.32712
1.32712
1.32712
1.32712
1.32712
1.32712
1.32712
1.51072
1.69432
1.87792
2.06152
2.24512
2.24512
2.24512
2.24512
2.24512
2.24512
2.24512
2.24512
2.06152
2.12819
2.19485
2.26152
2.32819
2.39485
2.46152
2.52819
2.59485
2.66152
2.72819
2.79485
2.86152
2.92819
2.99485
3.06152
3.12819
-3.08833
-3.02167
-2.955
-2.88833
-2.82167
-2.755
-2.68833
-2.62167
-2.555
-2.48833
-2.42167
-2.355
-2.28833
-2.22167
-2.155
-2.08833
-2.02167
-1.955
-1.88833
-1.82167
-1.755
-1.68833
-1.62167
-1.555
-1.48833
-1.4878
-1.4878
-1.42113
-1.35447
-1.2878
-1.22113
-1.15447
-1.0878
-1.02113
-0.954466
-0.887799
-0.821133
-0.754466
-0.687799
-0.621133
-0.554466
-0.487799
-0.421133
-0.354466
-0.287799
-0.221133
-0.154466
-0.0877993
-0.0211327
0.045534
0.112201
0.178867
0.245534
0.312201
0.378867
0.445534
0.512201
0.578867
0.645534
0.712201
0.778867
0.845534
0.912201
0.978867
1.04553
1.1122
1.17887
1.24553
1.3122
1.37887
1.44553
1.5122
1.63852
1.63852
1.63852
1.63852
1.63852
1.63852
1.32712
1.32712
1.32712
1.32712
1.32712
1.32712
1.51072
1.69432
1.87792
2.06152
2.06152
2.24512
2.42872
2.24512
2.06152
2.06152
1.87792
1.87792
1.87792
1.69432
1.76099
1.82765
1.89432
1.96099
2.02765
2.09432
2.16099
2.22765
2.29432
2.36099
2.42765
2.49432
2.56099
2.62765
2.69432
2.76099
2.82765
2.89432
2.96099
3.02765
3.09432
-3.1222
-3.05553
-2.98886
-2.9222
-2.85553
-2.78886
-2.7222
-2.65553
-2.58886
-2.5222
-2.45553
-2.38886
-2.3222
-2.25553
-2.18886
-2.1222
-2.05553
-1.98886
-1.9222
-1.85553
-1.78886
-1.7222
-1.65553
-1.58886
-1.5222
-1.47201
-1.47201
-1.47201
-1.47201
-1.40535
-1.33868
-1.27201
-1.20535
-1.13868
-1.07201
-1.00535
-0.93868
-0.872013
-0.805346
-0.73868
-0.672013
-0.605346
-0.53868
-0.472013
-0.405346
-0.33868
-0.272013
-0.205346
-0.13868
-0.0720129
-0.00534628
0.0613204
0.127987
0.194654
0.26132
0.327987
0.394654
0.46132
0.527987
0.594654
0.66132
0.727987
0.794654
0.86132
0.927987
0.994654
1.06132
1.12799
1.19465
1.26132
1.32799
1.39465
1.46132
1.52799
1.64986
1.64986
1.64986
1.64986
1.64986
1.64986
1.32712
1.32712
1.32712
1.32712
1.32712
1.32712
1.39379
1.46046
1.52712
1.59379
1.66046
1.72712
1.79379
1.86046
1.92712
1.99379
2.06046
2.12712
2.18593
2.18593
2.18593
2.18593
2.18593
2.18593
2.18593
2.18593
2.18593
2.18593
2.18593
2.11926
2.05259
1.98593
1.91926
1.85259
1.78593
1.65998
1.65998
1.65998
1.65998
1.65998
1.65998
1.62508
1.62508
1.62508
1.62508
1.62508
1.62508
1.62508
1.80868
1.99227
1.92561
1.85894
1.79227
1.72561
1.65894
1.59227
1.52561
1.45894
1.39227
1.32561
1.25894
1.19227
1.12561
1.05894
0.992275
0.925608
0.858942
0.792275
0.725608
0.658942
0.592275
0.525608
0.458942
0.392275
0.325608
0.258942
0.192275
0.125608
0.0589416
-0.00772502
-0.0743917
-0.141058
-0.207725
-0.274392
-0.341058
-0.407725
-0.474392
-0.541058
-0.607725
-0.674392
-0.741058
-0.807725
-0.874392
-0.941058
-1.00773
-1.05483
-1.05483
-1.05483
-1.1215
-1.18816
-1.25483
-1.3215
-1.38816
-1.45483
-1.5215
-1.58816
-1.65483
-1.7215
-1.78816
-1.85483
-1.9215
-1.98816
-2.05483
-2.1215
-2.18816
-2.25483
-2.3215
-2.38816
-2.45483
-2.5215
-2.58816
-2.65483
-2.7215
-2.78816
-2.85483
-2.9215
-2.98816
-3.05483
-3.1215
3.09502
3.02836
2.96169
2.89502
2.82836
2.76169
2.69502
2.62836
2.56169
2.49502
2.42836
2.36169
2.29502
2.22836
2.14753
2.14753
2.14753
2.14753
2.14753
2.14753
1.63956
1.63956
1.63956
1.63956
1.63956
1.63956
1.63956
1.63956
1.63956
1.82316
2.00676
2.19036
2.25703
2.32369
2.39036
2.45703
2.52369
2.59036
2.65703
2.72369
2.79036
2.85703
2.92369
2.99036
3.05703
3.12369
-3.09282
-3.02616
-2.95949
-2.89282
-2.82616
-2.75949
-2.69282
-2.62616
-2.55949
-2.49282
-2.42616
-2.35949
-2.29282
-2.22616
-2.15949
-2.09282
-2.02616
-1.95949
-1.89282
-1.82616
-1.75949
-1.69282
-1.62616
-1.55949
-1.49282
-1.42616
-1.35949
-1.29282
-1.22616
-1.15949
-1.09282
-1.02616
-0.989889
-0.989889
-0.989889
-0.989889
-0.989889
-0.989889
-0.923222
-0.856555
-0.789889
-0.723222
-0.656555
-0.589889
-0.523222
-0.456555
-0.389889
-0.323222
-0.256555
-0.189889
-0.123222
-0.0565555
0.0101112
0.0767778
0.143445
0.210111
0.276778
0.343445
0.410111
0.476778
0.543445
0.610111
0.676778
0.743445
0.810111
0.876778
0.943445
1.01011
1.07678
1.14344
1.21011
1.27678
1.34344
1.41011
1.47678
1.54344
1.61011
1.67678
1.74344
1.81011
1.87678
1.94344
2.01011
2.07678
2.14753
2.14753
2.14753
2.14753
2.14753
2.14753
1.65562
1.65562
1.65562
1.65562
1.65562
1.65562
1.65562
1.65562
1.65562
1.65562
1.65562
1.65562
1.83922
2.02282
1.95615
1.88948
1.82282
1.75615
1.68948
1.62282
1.55615
1.48948
1.42282
1.35615
1.28948
1.22282
1.15615
1.08948
1.02282
0.956152
0.889485
0.822818
0.756152
0.689485
0.622818
0.556152
0.489485
0.422818
0.356152
0.289485
0.222818
0.156152
0.0894849
0.0228182
-0.0438484
-0.110515
-0.177182
-0.243848
-0.310515
-0.377182
-0.443848
-0.510515
-0.577182
-0.643848
-0.710515
-0.777182
-0.843848
-0.910515
-0.977182
-1.04385
-1.07368
-1.07368
-1.07368
-1.07368
-1.14035
-1.20701
-1.27368
-1.34035
-1.40701
-1.47368
-1.54035
-1.60701
-1.67368
-1.74035
-1.80701
-1.87368
-1.94035
-2.00701
-2.07368
-2.14035
-2.20701
-2.27368
-2.34035
-2.40701
-2.47368
-2.54035
-2.60701
-2.67368
-2.74035
-2.80701
-2.87368
-2.94035
-3.00701
-3.07368
-3.14035
3.07617
3.0095
2.94284
2.87617
2.8095
2.74284
2.67617
2.6095
2.54284
2.47617
2.4095
2.34284
2.27617
2.2095
2.14753
2.14753
2.14753
2.14753
2.14753
2.14753
1.67325
1.67325
1.67325
1.67325
1.67325
1.67325
1.67325
1.48965
1.48965
1.48965
1.48965
1.67325
1.85685
1.85685
2.04045
2.22405
2.29071
2.35738
2.42405
2.49071
2.55738
2.62405
2.69071
2.75738
2.82405
2.89071
2.95738
3.02405
3.09071
-3.12581
-3.05914
-2.99247
-2.92581
-2.85914
-2.79247
-2.72581
-2.65914
-2.59247
-2.52581
-2.45914
-2.39247
-2.32581
-2.25914
-2.19247
-2.12581
-2.05914
-1.99247
-1.92581
-1.85914
-1.79247
-1.72581
-1.65914
-1.59247
-1.52581
-1.45914
-1.39247
-1.32581
-1.25914
-1.19247
-1.12581
-1.05914
-0.992473
-0.931521
-0.931521
-0.931521
-0.931521
-0.864855
-0.798188
-0.731521
-0.664855
-0.598188
-0.531521
-0.464855
-0.398188
-0.331521
-0.264855
-0.198188
-0.131521
-0.0648547
0.001812
0.0684787
0.135145
0.201812
0.268479
0.335145
0.401812
0.468479
0.535145
0.601812
0.668479
0.735145
0.801812
0.868479
0.935145
1.00181
1.06848
1.13515
1.20181
1.26848
1.33515
1.40181
1.46848
1.53515
1.60181
1.66848
1.73515
1.80181
1.86848
1.93515
2.00181
2.06848
2.14753
2.14753
2.14753
2.14753
2.14753
2.14753
1.69192
1.69192
1.69192
1.69192
1.69192
1.69192
1.50832
1.44166
1.37499
1.30832
1.30778
1.30778
1.30778
1.30778
1.30778
1.37445
1.44112
1.50778
1.57445
1.64112
1.70778
1.77445
1.84112
1.90778
1.97445
2.04112
2.14753
2.14753
2.14753
2.14753
2.14753
2.14753
1.32712
1.32712
1.32712
1.32712
1.32712
1.32712
1.51072
1.69432
1.87792
1.87792
2.06152
1.99485
1.92819
1.86152
1.79485
1.72819
1.66152
1.59485
1.52819
1.46152
1.39485
1.32819
1.26152
1.19485
1.12819
1.06152
0.994853
0.928187
0.86152
0.794853
0.728187
0.66152
0.594853
0.528187
0.46152
0.394853
0.328187
0.26152
0.194853
0.128187
0.0615202
-0.0051465
-0.0718132
-0.13848
-0.205147
-0.271813
-0.33848
-0.405147
-0.471813
-0.53848
-0.605147
-0.671813
-0.727699
-0.727699
-0.727699
-0.727699
-0.794366
-0.861032
-0.927699
-0.994366
-1.06103
-1.1277
-1.19437
-1.26103
-1.3277
-1.39437
-1.46103
-1.5277
-1.59437
-1.66103
-1.7277
-1.79437
-1.86103
-1.9277
-1.99437
-2.06103
-2.1277
-2.19437
-2.26103
-2.3277
-2.39437
-2.46103
-2.5277
-2.59437
-2.66103
-2.7277
-2.79437
-2.86103
-2.9277
-2.99437
-3.06103
-3.1277
3.08882
3.02215
2.95549
2.88882
2.82215
2.75549
2.68882
2.62215
2.55549
2.48882
2.42737
102.958
102.958
102.958
102.958
102.958
1.32712
1.32712
1.32712
1.32712
1.32712
1.32712
1.51072
1.69432
1.87792
1.87792
2.06152
2.06152
1.87792
1.69432
1.51072
1.32712
1.14352
1.07686
1.01019
0.943523
0.876856
0.81019
0.743523
0.676856
0.61019
0.543523
0.476856
0.41019
0.343523
0.276856
0.21019
0.143523
0.0768562
0.0101895
-0.0564771
-0.123144
-0.18981
-0.256477
-0.323144
-0.38981
-0.456477
-0.523144
-0.58981
-0.656477
-0.723144
-0.78981
-0.856477
-0.923144
-0.98981
-1.05648
-1.12314
-1.18981
-1.25648
-1.32314
-1.38981
-1.45648
-1.52314
-1.58981
-1.65648
-1.72314
-1.78981
-1.85648
-1.92314
-1.95221
-1.95221
-1.95221
-1.95221
-1.95221
-1.95221
-1.95221
-1.95221
-1.95221
-1.95221
-1.95221
-1.95221
-1.95221
-1.95221
-1.95221
-2.01887
-2.08554
-2.15221
-2.21887
-2.28554
-2.35221
-2.41887
-2.48554
-2.55221
-2.61887
-2.68554
-2.75221
-2.81887
-2.88554
-2.95221
-3.01887
-3.08554
3.13098
3.06431
2.99765
2.93098
2.86431
2.79765
2.73098
2.66431
2.59765
2.53098
2.46431
2.39765
2.33098
2.26431
2.19765
2.13098
2.06431
1.99765
1.93098
1.86431
1.79765
1.73098
1.66431
1.5968
1.5968
1.5968
1.5968
1.5968
1.5968
1.32712
1.32712
1.32712
1.32712
1.32712
1.32712
1.51072
1.69432
1.87792
2.06152
2.24512
2.24512
2.42872
2.61232
2.61232
2.61232
2.61232
2.42872
2.24512
2.31179
2.37845
2.44512
2.51179
2.57845
2.64512
2.71179
2.77845
2.84512
2.91179
2.97845
3.04512
3.11179
-3.10473
-3.03807
-2.9714
-2.90473
-2.83807
-2.7714
-2.70473
-2.63807
-2.5714
-2.50473
-2.43807
-2.3714
-2.30473
-2.23807
-2.1714
-2.10473
-2.03807
-1.9714
-1.90473
-1.83807
-1.7714
-1.70473
-1.63807
-1.5714
-1.50473
-1.43807
-1.3714
-1.30473
-1.23807
-1.1714
-1.10473
-1.03807
-1.02437
-1.02437
-1.02437
-1.02437
-1.02437
-0.957708
-0.891042
-0.824375
-0.757708
-0.691042
-0.624375
-0.557708
-0.491042
-0.424375
-0.357708
-0.291042
-0.224375
-0.157708
-0.0910416
-0.0243749
0.0422918
0.108958
0.175625
0.242292
0.308958
0.375625
0.442292
0.508958
0.575625
0.642292
0.708958
0.775625
0.842292
0.908958
0.975625
1.04229
1.10896
1.17563
1.24229
1.30896
1.37563
1.44229
1.50896
1.61199
1.61199
1.61199
1.61199
1.61199
1.61199
1.32712
1.32712
1.32712
1.32712
1.32712
1.32712
1.51072
1.69432
1.87792
2.06152
2.24512
2.42872
2.42872
2.42872
2.42872
2.24512
2.06152
2.06152
2.12819
2.19485
2.26152
2.32819
2.39485
2.46152
2.52819
2.59485
2.66152
2.72819
2.79485
2.86152
2.92819
2.99485
3.06152
3.12819
-3.08833
-3.02167
-2.955
-2.88833
-2.82167
-2.755
-2.68833
-2.62167
-2.555
-2.48833
-2.42167
-2.355
-2.28833
-2.22167
-2.155
-2.08833
-2.02167
-1.955
-1.88833
-1.82167
-1.755
-1.68833
-1.62167
-1.555
-1.48833
-1.42167
-1.355
-1.34991
-1.34991
-1.34991
-1.28324
-1.21657
-1.14991
-1.08324
-1.01657
-0.949907
-0.883241
-0.816574
-0.749907
-0.683241
-0.616574
-0.549907
-0.483241
-0.416574
-0.349907
-0.283241
-0.216574
-0.149907
-0.0832408
-0.0165741
0.0500925
0.116759
0.183426
0.250093
0.316759
0.383426
0.450093
0.516759
0.583426
0.650093
0.716759
0.783426
0.850093
0.916759
0.983426
1.05009
1.11676
1.18343
1.25009
1.31676
1.38343
1.45009
1.51676
1.62595
1.62595
1.62595
1.62595
1.62595
1.62595
1.32712
1.32712
1.32712
1.32712
1.32712
1.32712
1.32712
1.51072
1.69432
1.87792
2.06152
2.24512
2.24512
2.24512
2.24512
2.24512
2.24512
2.24512
2.24512
2.06152
2.12819
2.19485
2.26152
2.32819
2.39485
2.46152
2.52819
2.59485
2.66152
2.72819
2.79485
2.86152
2.92819
2.99485
3.06152
3.12819
-3.08833
-3.02167
-2.955
-2.88833
-2.82167
-2.755
-2.68833
-2.62167
-2.555
-2.48833
-2.42167
-2.355
-2.28833
-2.22167
-2.155
-2.08833
-2.02167
-1.955
-1.88833
-1.82167
-1.755
-1.68833
-1.62167
-1.555
-1.48833
-1.4878
-1.4878
-1.42113
-1.35447
-1.2878
-1.22113
-1.15447
-1.0878
-1.02113
-0.954466
-0.887799
-0.821133
-0.754466
-0.687799
-0.621133
-0.554466
-0.487799
-0.421133
-0.354466
-0.287799
-0.221133
-0.154466
-0.0877993
-0.0211327
0.045534
0.112201
0.178867
0.245534
0.312201
0.378867
0.445534
0.512201
0.578867
0.645534
0.712201
0.778867
0.845534
0.912201
0.978867
1.04553
1.1122
1.17887
1.24553
1.3122
1.37887
1.44553
1.5122
1.63852
1.63852
1.63852
1.63852
1.63852
1.63852
1.32712
1.32712
1.32712
1.32712
1.32712
1.32712
1.51072
1.69432
1.87792
2.06152
2.06152
2.24512
2.42872
2.24512
2.06152
2.06152
1.87792
1.87792
1.87792
1.69432
1.76099
1.82765
1.89432
1.96099
2.02765
2.09432
2.16099
2.22765
2.29432
2.36099
2.42765
2.49432
2.56099
2.62765
2.69432
2.76099
2.82765
2.89432
2.96099
3.02765
3.09432
-3.1222
-3.05553
-2.98886
-2.9222
-2.85553
-2.78886
-2.7222
-2.65553
-2.58886
-2.5222
-2.45553
-2.38886
-2.3222
-2.25553
-2.18886
-2.1222
-2.05553
-1.98886
-1.9222
-1.85553
-1.78886
-1.7222
-1.65553
-1.58886
-1.5222
-1.47201
-1.47201
-1.47201
-1.47201
-1.40535
-1.33868
-1.27201
-1.20535
-1.13868
-1.07201
-1.00535
-0.93868
-0.872013
-0.805346
-0.73868
-0.672013
-0.605346
-0.53868
-0.472013
-0.405346
-0.33868
-0.272013
-0.205346
-0.13868
-0.0720129
-0.00534628
0.0613204
0.127987
0.194654
0.26132
0.327987
0.394654
0.46132
0.527987
0.594654
0.66132
0.727987
0.794654
0.86132
0.927987
0.994654
1.06132
1.12799
1.19465
1.26132
1.32799
1.39465
1.46132
1.52799
1.64986
1.64986
1.64986
1.64986
1.64986
1.64986
1.32712
1.32712
1.32712
1.32712
1.32712
1.32712
1.39379
1.46046
1.52712
1.59379
1.66046
1.72712
1.79379
1.86046
1.92712
1.99379
2.06046
2.12712
2.18593
2.18593
2.18593
2.18593
2.18593
2.18593
2.18593
2.18593
2.18593
2.18593
2.18593
2.11926
2.05259
1.98593
1.91926
1.85259
1.78593
1.65998
1.65998
1.65998
1.65998
1.65998
1.65998
1.62508
1.62508
1.62508
1.62508
1.62508
1.62508
1.62508
1.80868
1.99227
1.92561
1.85894
1.79227
1.72561
1.65894
1.59227
1.52561
1.45894
1.39227
1.32561
1.25894
1.19227
1.12561
1.05894
0.992275
0.925608
0.858942
0.792275
0.725608
0.658942
0.592275
0.525608
0.458942
0.392275
0.325608
0.258942
0.192275
0.125608
0.0589416
-0.00772502
-0.0743917
-0.141058
-0.207725
-0.274392
-0.341058
-0.407725
-0.474392
-0.541058
-0.607725
-0.674392
-0.741058
-0.807725
-0.874392
-0.941058
-1.00773
-1.05483
-1.05483
-1.05483
-1.1215
-1.18816
-1.25483
-1.3215
-1.38816
-1.45483
-1.5215
-1.58816
-1.65483
-1.7215
-1.78816
-1.85483
-1.9215
-1.98816
-2.05483
-2.1215
-2.18816
-2.25483
-2.3215
-2.38816
-2.45483
-2.5215
-2.58816
-2.65483
-2.7215
-2.78816
-2.85483
-2.9215
-2.98816
-3.05483
-3.1215
3.09502
3.02836
2.96169
2.89502
2.82836
2.76169
2.69502
2.62836
2.56169
2.49502
2.42836
2.36169
2.29502
2.22836
2.14753
2.14753
2.14753
2.14753
2.14753
2.14753
1.63956
1.63956
1.63956
1.63956
1.63956
1.63956
1.63956
1.63956
1.63956
1.82316
2.00676
2.19036
2.25703
2.32369
2.39036
2.45703
2.52369
2.59036
2.65703
2.72369
2.79036
2.85703
2.92369
2.99036
3.05703
3.12369
-3.09282
-3.02616
-2.95949
-2.89282
-2.82616
-2.75949
-2.69282
-2.62616
-2.55949
-2.49282
-2.42616
-2.35949
-2.29282
-2.22616
-2.15949
-2.09282
-2.02616
-1.95949
-1.89282
-1.82616
-1.75949
-1.69282
-1.62616
-1.55949
-1.49282
-1.42616
-1.35949
-1.29282
-1.22616
-1.15949
-1.09282
-1.02616
-0.989889
-0.989889
-0.989889
-0.989889
-0.989889
-0.989889
-0.923222
-0.856555
-0.789889
-0.723222
-0.656555
-0.589889
-0.523222
-0.456555
-0.389889
-0.323222
-0.256555
-0.189889
-0.123222
-0.0565555
0.0101112
0.0767778
0.143445
0.210111
0.276778
0.343445
0.410111
0.476778
0.543445
0.610111
0.676778
0.743445
0.810111
0.876778
0.943445
1.01011
1.07678
1.14344
1.21011
1.27678
1.34344
1.41011
1.47678
1.54344
1.61011
1.67678
1.74344
1.81011
1.87678
1.94344
2.01011
2.07678
2.14753
2.14753
2.14753
2.14753
2.14753
2.14753
1.65562
1.65562
1.65562
1.65562
1.65562
1.65562
1.65562
1.65562
1.65562
1.65562
1.65562
1.65562
1.83922
2.02282
1.95615
1.88948
1.82282
1.75615
1.68948
1.62282
1.55615
1.48948
1.42282
1.35615
1.28948
1.22282
1.15615
1.08948
1.02282
0.956152
0.889485
0.822818
0.756152
0.689485
0.622818
0.556152
0.489485
0.422818
0.356152
0.289485
0.222818
0.156152
0.0894849
0.0228182
-0.0438484
-0.110515
-0.177182
-0.243848
-0.310515
-0.377182
-0.443848
-0.510515
-0.577182
-0.643848
-0.710515
-0.777182
-0.843848
-0.910515
-0.977182
-1.04385
-1.07368
-1.07368
-1.07368
-1.07368
-1.14035
-1.20701
-1.27368
-1.34035
-1.40701
-1.47368
-1.54035
-1.60701
-1.67368
-1.74035
-1.80701
-1.87368
-1.94035
-2.00701
-2.07368
-2.14035
-2.20701
-2.27368
-2.34035
-2.40701
-2.47368
-2.54035
-2.60701
-2.67368
-2.74035
-2.80701
-2.87368
-2.94035
-3.00701
-3.07368
-3.14035
3.07617
3.0095
2.94284
2.87617
2.8095
2.74284
2.67617
2.6095
2.54284
2.47617
2.4095
2.34284
2.27617
2.2095
2.14753
2.14753
2.14753
2.14753
2.14753
2.14753
1.67325
1.67325
1.67325
1.67325
1.67325
1.67325
1.67325
1.48965
1.48965
1.48965
1.48965
1.67325
1.85685
1.85685
2.04045
2.22405
2.29071
2.35738
2.42405
2.49071
2.55738
2.62405
2.69071
2.75738
2.82405
2.89071
2.95738
3.02405
3.09071
-3.12581
-3.05914
-2.99247
-2.92581
-2.85914
-2.79247
-2.72581
-2.65914
-2.59247
-2.52581
-2.45914
-2.39247
-2.32581
-2.25914
-2.19247
-2.12581
-2.05914
-1.99247
-1.92581
-1.85914
-1.79247
-1.72581
-1.65914
-1.59247
-1.52581
-1.45914
-1.39247
-1.32581
-1.25914
-1.19247
-1.12581
-1.05914
-0.992473
-0.931521
-0.931521
-0.931521
-0.931521
-0.864855
-0.798188
-0.731521
-0.664855
-0.598188
-0.531521
-0.464855
-0.398188
-0.331521
-0.264855
-0.198188
-0.131521
-0.0648547
0.001812
0.0684787
0.135145
0.201812
0.268479
0.335145
0.401812
0.468479
0.535145
0.601812
0.668479
0.735145
0.801812
0.868479
0.935145
1.00181
1.06848
1.13515
1.20181
1.26848
1.33515
1.40181
1.46848
1.53515
1.60181
1.66848
1.73515
1.80181
1.86848
1.93515
2.00181
2.06848
2.14753
2.14753
2.14753
2.14753
2.14753
2.14753
1.69192
1.69192
1.69192
1.69192
1.69192
1.69192
1.50832
1.44166
1.37499
1.30832
1.30778
1.30778
1.30778
1.30778
1.30778
1.37445
1.44112
1.50778
1.57445
1.64112
1.70778
1.77445
1.84112
1.90778
1.97445
2.04112
2.14753
2.14753
2.14753
2.14753
2.14753
2.14753
1.32712
1.32712
1.32712
1.32712
1.32712
1.32712
1.51072
1.69432
1.87792
1.87792
2.06152
1.99485
1.92819
1.86152
1.79485
1.72819
1.66152
1.59485
1.52819
1.46152
1.39485
1.32819
1.26152
1.19485
1.12819
1.06152
0.994853
0.928187
0.86152
0.794853
0.728187
0.66152
0.594853
0.528187
0.46152
0.394853
0.328187
0.26152
0.194853
0.128187
0.0615202
-0.0051465
-0.0718132
-0.13848
-0.205147
-0.271813
-0.33848
-0.405147
-0.471813
-0.53848
-0.605147
-0.671813
-0.727699
-0.727699
-0.727699
-0.727699
-0.794366
-0.861032
-0.927699
-0.994366
-1.06103
-1.1277
-1.19437
-1.26103
-1.3277
-1.39437
-1.46103
-1.5277
-1.59437
-1.66103
-1.7277
-1.79437
-1.86103
-1.9277
-1.99437
-2.06103
-2.1277
-2.19437
-2.26103
-2.3277
-2.39437
-2.46103
-2.5277
-2.59437
-2.66103
-2.7277
-2.79437
-2.86103
-2.9277
-2.99437
-3.06103
-3.1277
3.08882
3.02215
2.95549
2.88882
2.82215
2.75549
2.68882
2.62215
2.55549
2.48882
2.42737
102.958
102.958
102.958
102.958
102.958
1.32712
1.32712
1.32712
1.32712
1.32712
1.32712
1.51072
1.69432
1.87792
1.87792
2.06152
2.06152
1.87792
1.69432
1.51072
1.32712
1.14352
1.07686
1.01019
0.943523
0.876856
0.81019
0.743523
0.676856
0.61019
0.543523
0.476856
0.41019
0.343523
0.276856
0.21019
0.143523
0.0768562
0.0101895
-0.0564771
-0.123144
-0.18981
-0.256477
-0.323144
-0.38981
-0.456477
-0.523144
-0.58981
-0.656477
-0.723144
-0.78981
-0.856477
-0.923144
-0.98981
-1.05648
-1.12314
-1.18981
-1.25648
-1.32314
-1.38981
-1.45648
-1.52314
-1.58981
-1.65648
-1.72314
-1.78981
-1.85648
-1.92314
-1.95221
-1.95221
-1.95221
-1.95221
-1.95221
-1.95221
-1.95221
-1.95221
-1.95221
-1.95221
-1.95221
-1.95221
-1.95221
-1.95221
-1.95221
-2.01887
-2.08554
-2.15221
-2.21887
-2.28554
-2.35221
-2.41887
-2.48554
-2.55221
-2.61887
-2.68554
-2.75221
-2.81887
-2.88554
-2.95221
-3.01887
-3.08554
3.13098
3.06431
2.99765
2.93098
2.86431
2.79765
2.73098
2.66431
2.59765
2.53098
2.46431
2.39765
2.33098
2.26431
2.19765
2.13098
2.06431
1.99765
1.93098
1.86431
1.79765
1.73098
1.66431
1.5968
1.5968
1.5968
1.5968
1.5968
1.5968
1.32712
1.32712
1.32712
1.32712
1.32712
1.32712
1.51072
1.69432
1.87792
2.06152
2.24512
2.24512
2.42872
2.61232
2.61232
2.61232
2.61232
2.42872
2.24512
2.31179
2.37845
2.44512
2.51179
2.57845
2.64512
2.71179
2.77845
2.84512
2.91179
2.97845
3.04512
3.11179
-3.10473
-3.03807
-2.9714
-2.90473
-2.83807
-2.7714
-2.70473
-2.63807
-2.5714
-2.50473
-2.43807
-2.3714
-2.30473
-2.23807
-2.1714
-2.10473
-2.03807
-1.9714
-1.90473
-1.83807
-1.7714
-1.70473
-1.63807
-1.5714
-1.50473
-1.43807
-1.3714
-1.30473
-1.23807
-1.1714
-1.10473
-1.03807
-1.02437
-1.02437
-1.02437
-1.02437
-1.02437
-0.957708
-0.891042
-0.824375
-0.757708
-0.691042
-0.624375
-0.557708
-0.491042
-0.424375
-0.357708
-0.291042
-0.224375
-0.157708
-0.0910416
-0.0243749
0.0422918
0.108958
0.175625
0.242292
0.308958
0.375625
0.442292
0.508958
0.575625
0.642292
0.708958
0.775625
0.842292
0.908958
0.975625
1.04229
1.10896
1.17563
1.24229
1.30896
1.37563
1.44229
1.50896
1.61199
1.61199
1.61199
1.61199
1.61199
1.61199
1.32712
1.32712
1.32712
1.32712
1.32712
1.32712
1.51072
1.69432
1.87792
2.06152
2.24512
2.42872
2.42872
2.42872
2.42872
2.24512
2.06152
2.06152
2.12819
2.19485
2.26152
2.32819
2.39485
2.46152
2.52819
2.59485
2.66152
2.72819
2.79485
2.86152
2.92819
2.99485
3.06152
3.12819
-3.08833
-3.02167
-2.955
-2.88833
-2.82167
-2.755
-2.68833
-2.62167
-2.555
-2.48833
-2.42167
-2.355
-2.28833
-2.22167
-2.155
-2.08833
-2.02167
-1.955
-1.88833
-1.82167
-1.755
-1.68833
-1.62167
-1.555
-1.48833
-1.42167
-1.355
-1.34991
-1.34991
-1.34991
-1.28324
-1.21657
-1.14991
-1.08324
-1.01657
-0.949907
-0.883241
-0.816574
-0.749907
-0.683241
-0.616574
-0.549907
-0.483241
-0.416574
-0.349907
-0.283241
-0.216574
-0.149907
-0.0832408
-0.0165741
0.0500925
0.116759
0.183426
0.250093
0.316759
0.383426
0.450093
0.516759
0.583426
0.650093
0.716759
0.783426
0.850093
0.916759
0.983426
1.05009
1.11676
1.18343
1.25009
1.31676
1.38343
1.45009
1.51676
1.62595
1.62595
1.62595
1.62595
1.62595
1.62595
1.32712
1.32712
1.32712
1.32712
1.32712
1.32712
1.32712
1.51072
1.69432
1.87792
2.06152
2.24512
2.24512
2.24512
2.24512
2.24512
2.24512
2.24512
2.24512
2.06152
2.12819
2.19485
2.26152
2.32819
2.39485
2.46152
2.52819
2.59485
2.66152
2.72819
2.79485
2.86152
2.92819
2.99485
3.06152
3.12819
-3.08833
-3.02167
-2.955
-2.88833
-2.82167
-2.755
-2.68833
-2.62167
-2.555
-2.48833
-2.42167
-2.355
-2.28833
-2.22167
-2.155
-2.08833
-2.02167
-1.955
-1.88833
-1.82167
-1.755
-1.68833
-1.62167
-1.555
-1.48833
-1.4878
-1.4878
-1.42113
-1.35447
-1.2878
-1.22113
-1.15447
-1.0878
-1.02113
-0.954466
-0.887799
-0.821133
-0.754466
-0.687799
-0.621133
-0.554466
-0.487799
-0.421133
-0.354466
-0.287799
-0.221133
-0.154466
-0.0877993
-0.0211327
0.045534
0.112201
0.178867
0.245534
0.312201
0.378867
0.445534
0.512201
0.578867
0.645534
0.712201
0.778867
0.845534
0.912201
0.978867
1.04553
1.1122
1.17887
1.24553
1.3122
1.37887
1.44553
1.5122
1.63852
1.63852
1.63852
1.63852
1.63852
1.63852
1.32712
1.32712
1.32712
1.32712
1.32712
1.32712
1.51072
1.69432
1.87792
2.06152
2.06152
2.24512
2.42872
2.24512
2.06152
2.06152
1.87792
1.87792
1.87792
1.69432
1.76099
1.82765
1.89432
1.96099
2.02765
2.09432
2.16099
2.22765
2.29432
2.36099
2.42765
2.49432
2.56099
2.62765
2.69432
2.76099
2.82765
2.89432
2.96099
3.02765
3.09432
-3.1222
-3.05553
-2.98886
-2.9222
-2.85553
-2.78886
-2.7222
-2.65553
-2.58886
-2.5222
-2.45553
-2.38886
-2.3222
-2.25553
-2.18886
-2.1222
-2.05553
-1.98886
-1.9222
-1.85553
-1.78886
-1.7222
-1.65553
-1.58886
-1.5222
-1.47201
-1.47201
-1.47201
-1.47201
-1.40535
-1.33868
-1.27201
-1.20535
-1.13868
-1.07201
-1.00535
-0.93868
-0.872013
-0.805346
-0.73868
-0.672013
-0.605346
-0.53868
-0.472013
-0.405346
-0.33868
-0.272013
-0.205346
-0.13868
-0.0720129
-0.00534628
0.0613204
0.127987
0.194654
0.26132
0.327987
0.394654
0.46132
0.527987
0.594654
0.66132
0.727987
0.794654
0.86132
0.927987
0.994654
1.06132
1.12799
1.19465
1.26132
1.32799
1.39465
1.46132
1.52799
1.64986
1.64986
1.64986
1.64986
1.64986
1.64986
1.32712
1.32712
1.32712
1.32712
1.32712
1.32712
1.39379
1.46046
1.52712
1.59379
1.66046
1.72712
1.79379
1.86046
1.92712
1.99379
2.06046
2.12712
2.18593
2.18593
2.18593
2.18593
2.18593
2.18593
2.18593
2.18593
2.18593
2.18593
2.18593
2.11926
2.05259
1.98593
1.91926
1.85259
1.78593
1.65998
1.65998
1.65998
1.65998
1.65998
1.65998
1.62508
1.62508
1.62508
1.62508
1.62508
1.62508
1.62508
1.80868
1.99227
1.92561
1.85894
1.79227
1.72561
1.65894
1.59227
1.52561
1.45894
1.39227
1.32561
1.25894
1.19227
1.12561
1.05894
0.992275
0.925608
0.858942
0.792275
0.725608
0.658942
0.592275
0.525608
0.458942
0.392275
0.325608
0.258942
0.192275
0.125608
0.0589416
-0.00772502
-0.0743917
-0.141058
-0.207725
-0.274392
-0.341058
-0.407725
-0.474392
-0.541058
-0.607725
-0.674392
-0.741058
-0.807725
-0.874392
-0.941058
-1.00773
-1.05483
-1.05483
-1.05483
-1.1215
-1.18816
-1.25483
-1.3215
-1.38816
-1.45483
-1.5215
-1.58816
-1.65483
-1.7215
-1.78816
-1.85483
-1.9215
-1.98816
-2.05483
-2.1215
-2.18816
-2.25483
-2.3215
-2.38816
-2.45483
-2.5215
-2.58816
-2.65483
-2.7215
-2.78816
-2.85483
-2.9215
-2.98816
-3.05483
-3.1215
3.09502
3.02836
2.96169
2.89502
2.82836
2.76169
2.69502
2.62836
2.56169
2.49502
2.42836
2.36169
2.29502
2.22836
2.14753
2.14753
2.14753
2.14753
2.14753
2.14753
1.63956
1.63956
1.63956
1.63956
1.63956
1.63956
1.63956
1.63956
1.63956
1.82316
2.00676
2.19036
2.25703
2.32369
2.39036
2.45703
2.52369
2.59036
2.65703
2.72369
2.79036
2.85703
2.92369
2.99036
3.05703
3.12369
-3.09282
-3.02616
-2.95949
-2.89282
-2.82616
-2.75949
-2.69282
-2.62616
-2.55949
-2.49282
-2.42616
-2.35949
-2.29282
-2.22616
-2.15949
-2.09282
-2.02616
-1.95949
-1.89282
-1.82616
-1.75949
-1.69282
-1.62616
-1.55949
-1.49282
-1.42616
-1.35949
-1.29282
-1.22616
-1.15949
-1.09282
-1.02616
-0.989889
-0.989889
-0.989889
-0.989889
-0.989889
-0.989889
-0.923222
-0.856555
-0.789889
-0.723222
-0.656555
-0.589889
-0.523222
-0.456555
-0.389889
-0.323222
-0.256555
-0.189889
-0.123222
-0.0565555
0.0101112
0.0767778
0.143445
0.210111
0.276778
0.343445
0.410111
0.476778
0.543445
0.610111
0.676778
0.743445
0.810111
0.876778
0.943445
1.01011
1.07678
1.14344
1.21011
1.27678
1.34344
1.41011
1.47678
1.54344
1.61011
1.67678
1.74344
1.81011
1.87678
1.94344
2.01011
2.07678
2.14753
2.14753
2.14753
2.14753
2.14753
2.14753
1.65562
1.65562
1.65562
1.65562
1.65562
1.65562
1.65562
1.65562
1.65562
1.65562
1.65562
1.65562
1.83922
2.02282
1.95615
1.88948
1.82282
1.75615
1.68948
1.62282
1.55615
1.48948
1.42282
1.35615
1.28948
1.22282
1.15615
1.08948
1.02282
0.956152
0.889485
0.822818
0.756152
0.689485
0.622818
0.556152
0.489485
0.422818
0.356152
0.289485
0.222818
0.156152
0.0894849
0.0228182
-0.0438484
-0.110515
-0.177182
-0.243848
-0.310515
-0.377182
-0.443848
-0.510515
-0.577182
-0.643848
-0.710515
-0.777182
-0.843848
-0.910515
-0.977182
-1.04385
-1.07368
-1.07368
-1.07368
-1.07368
-1.14035
-1.20701
-1.27368
-1.34035
-1.40701
-1.47368
-1.54035
-1.60701
-1.67368
-1.74035
-1.80701
-1.87368
-1.94035
-2.00701
-2.07368
-2.14035
-2.20701
-2.27368
-2.34035
-2.40701
-2.47368
-2.54035
-2.60701
-2.67368
-2.74035
-2.80701
-2.87368
-2.94035
-3.00701
-3.07368
-3.14035
3.07617
3.0095
2.94284
2.87617
2.8095
2.74284
2.67617
2.6095
2.54284
2.47617
2.4095
2.34284
2.27617
2.2095
2.14753
2.14753
2.14753
2.14753
2.14753
2.14753
1.67325
1.67325
1.67325
1.67325
1.67325
1.67325
1.67325
1.48965
1.48965
1.48965
1.48965
1.67325
1.85685
1.85685
2.04045
2.22405
2.29071
2.35738
2.42405
2.49071
2.55738
2.62405
2.69071
2.75738
2.82405
2.89071
2.95738
3.02405
3.09071
-3.12581
-3.05914
-2.99247
-2.92581
-2.85914
-2.79247
-2.72581
-2.65914
-2.59247
-2.52581
-2.45914
-2.39247
-2.32581
-2.25914
-2.19247
-2.12581
-2.05914
-1.99247
-1.92581
-1.85914
-1.79247
-1.72581
-1.65914
-1.59247
-1.52581
-1.45914
-1.39247
-1.32581
-1.25914
-1.19247
-1.12581
-1.05914
-0.992473
-0.931521
-0.931521
-0.931521
-0.931521
-0.864855
-0.798188
-0.731521
-0.664855
-0.598188
-0.531521
-0.464855
-0.398188
-0.331521
-0.264855
-0.198188
-0.131521
-0.0648547
0.001812
0.0684787
0.135145
0.201812
0.268479
0.335145
0.401812
0.468479
0.535145
0.601812
0.668479
0.735145
0.801812
0.868479
0.935145
1.00181
1.06848
1.13515
1.20181
1.26848
1.33515
1.40181
1.46848
1.53515
1.60181
1.66848
1.73515
1.80181
1.86848
1.93515
2.00181
2.06848
2.14753
2.14753
2.14753
2.14753
2.14753
2.14753
1.69192
1.69192
1.69192
1.69192
1.69192
1.69192
1.50832
1.44166
1.37499
1.30832
1.30778
1.30778
1.30778
1.30778
1.30778
1.37445
1.44112
1.50778
1.57445
1.64112
1.70778
1.77445
1.84112
1.90778
1.97445
2.04112
2.14753
2.14753
2.14753
2.14753
2.14753
2.14753
1.32712
1.32712
1.32712
1.32712
1.32712
1.32712
1.51072
1.69432
1.87792
1.87792
2.06152
2.06152
1.87792
1.69432
1.51072
1.32712
1.14352
1.07686
1.01019
0.943523
0.876856
0.81019
0.743523
0.676856
0.61019
0.543523
0.476856
0.41019
0.343523
0.276856
0.21019
0.143523
0.0768562
0.0101895
-0.0564771
-0.123144
-0.18981
-0.256477
-0.323144
-0.38981
-0.456477
-0.523144
-0.58981
-0.656477
-0.723144
-0.78981
-0.856477
-0.923144
-0.98981
-1.05648
-1.12314
-1.18981
-1.25648
-1.32314
-1.38981
-1.45648
-1.52314
-1.58981
-1.65648
-1.72314
-1.78981
-1.85648
-1.92314
-1.95221
-1.95221
-1.95221
-1.95221
-1.95221
-1.95221
-1.95221
-1.95221
-1.95221
-1.95221
-1.95221
-1.95221
-1.95221
-1.95221
-1.95221
-2.01887
-2.08554
-2.15221
-2.21887
-2.28554
-2.35221
-2.41887
-2.48554
-2.55221
-2.61887
-2.68554
-2.75221
-2.81887
-2.88554
-2.95221
-3.01887
-3.08554
3.13098
3.06431
2.99765
2.93098
2.86431
2.79765
2.73098
2.66431
2.59765
2.53098
2.46431
2.39765
2.33098
2.26431
2.19765
2.13098
2.06431
1.99765
1.93098
1.86431
1.79765
1.73098
1.66431
1.5968
1.5968
1.5968
1.5968
1.5968
1.5968
1.32712
1.32712
1.32712
1.32712
1.32712
1.32712
1.51072
1.69432
1.87792
2.06152
2.24512
2.24512
2.42872
2.61232
2.61232
2.61232
2.61232
2.42872
2.24512
2.31179
2.37845
2.44512
2.51179
2.57845
2.64512
2.71179
2.77845
2.84512
2.91179
2.97845
3.04512
3.11179
-3.10473
-3.03807
-2.9714
-2.90473
-2.83807
-2.7714
-2.70473
-2.63807
-2.5714
-2.50473
-2.43807
-2.3714
-2.30473
-2.23807
-2.1714
-2.10473
-2.03807
-1.9714
-1.90473
-1.83807
-1.7714
-1.70473
-1.63807
-1.5714
-1.50473
-1.43807
-1.3714
-1.30473
-1.23807
-1.1714
-1.10473
-1.03807
-1.02437
-1.02437
-1.02437
-1.02437
-1.02437
-0.957708
-0.891042
-0.824375
-0.757708
-0.691042
-0.624375
-0.557708
-0.491042
-0.424375
-0.357708
-0.291042
-0.224375
-0.157708
-0.0910416
-0.0243749
0.0422918
0.108958
0.175625
0.242292
0.308958
0.375625
0.442292
0.508958
0.575625
0.642292
0.708958
0.775625
0.842292
0.908958
0.975625
1.04229
1.10896
1.17563
1.24229
1.30896
1.37563
1.44229
1.50896
1.61199
1.61199
1.61199
1.61199
1.61199
1.61199
1.32712
1.32712
1.32712
1.32712
1.32712
1.32712
1.51072
1.69432
1.87792
2.06152
2.24512
2.42872
2.42872
2.42872
2.42872
2.24512
2.06152
2.06152
2.12819
2.19485
2.26152
2.32819
2.39485
2.46152
2.52819
2.59485
2.66152
2.72819
2.79485
2.86152
2.92819
2.99485
3.06152
3.12819
-3.08833
-3.02167
-2.955
-2.88833
-2.82167
-2.755
-2.68833
-2.62167
-2.555
-2.48833
-2.42167
-2.355
-2.28833
-2.22167
-2.155
-2.08833
-2.02167
-1.955
-1.88833
-1.82167
-1.755
-1.68833
-1.62167
-1.555
-1.48833
-1.42167
-1.355
-1.34991
-1.34991
-1.34991
-1.28324
-1.21657
-1.14991
-1.08324
-1.01657
-0.949907
-0.883241
-0.816574
-0.749907
-0.683241
-0.616574
-0.549907
-0.483241
-0.416574
-0.349907
-0.283241
-0.216574
-0.149907
-0.0832408
-0.0165741
0.0500925
0.116759
0.183426
0.250093
0.316759
0.383426
0.450093
0.516759
0.583426
0.650093
0.716759
0.783426
0.850093
0.916759
0.983426
1.05009
1.11676
1.18343
1.25009
1.31676
1.38343
1.45009
1.51676
1.62595
1.62595
1.62595
1.62595
1.62595
1.62595
1.32712
1.32712
1.32712
1.32712
1.32712
1.32712
1.32712
1.51072
1.69432
1.87792
2.06152
2.24512
2.24512
2.24512
2.24512
2.24512
2.24512
2.24512
2.24512
2.06152
2.12819
2.19485
2.26152
2.32819
2.39485
2.46152
2.52819
2.59485
2.66152
2.72819
2.79485
2.86152
2.92819
2.99485
3.06152
3.12819
-3.08833
-3.02167
-2.955
-2.88833
-2.82167
-2.755
-2.68833
-2.62167
-2.555
-2.48833
-2.42167
-2.355
-2.28833
-2.22167
-2.155
-2.08833
-2.02167
-1.955
-1.88833
-1.82167
-1.755
-1.68833
-1.62167
-1.555
-1.48833
-1.4878
-1.4878
-1.42113
-1.35447
-1.2878
-1.22113
-1.15447
-1.0878
-1.02113
-0.954466
-0.887799
-0.821133
-0.754466
-0.687799
-0.621133
-0.554466
-0.487799
-0.421133
-0.354466
-0.287799
-0.221133
-0.154466
-0.0877993
-0.0211327
0.045534
0.112201
0.178867
0.245534
0.312201
0.378867
0.445534
0.512201
0.578867
0.645534
0.712201
0.778867
0.845534
0.912201
0.978867
1.04553
1.1122
1.17887
1.24553
1.3122
1.37887
1.44553
1.5122
1.63852
1.63852
1.63852
1.63852
1.63852
1.63852
1.32712
1.32712
1.32712
1.32712
1.32712
1.32712
1.51072
1.69432
1.87792
2.06152
2.06152
2.24512
2.42872
2.24512
2.06152
2.06152
1.87792
1.87792
1.87792
1.69432
1.76099
1.82765
1.89432
1.96099
2.02765
2.09432
2.16099
2.22765
2.29432
2.36099
2.42765
2.49432
2.56099
2.62765
2.69432
2.76099
2.82765
2.89432
2.96099
3.02765
3.09432
-3.1222
-3.05553
-2.98886
-2.9222
-2.85553
-2.78886
-2.7222
-2.65553
-2.58886
-2.5222
-2.45553
-2.38886
-2.3222
-2.25553
-2.18886
-2.1222
-2.05553
-1.98886
-1.9222
-1.85553
-1.78886
-1.7222
-1.65553
-1.58886
-1.5222
-1.47201
-1.47201
-1.47201
-1.47201
-1.40535
-1.33868
-1.27201
-1.20535
-1.13868
-1.07201
-1.00535
-0.93868
-0.872013
-0.805346
-0.73868
-0.672013
-0.605346
-0.53868
-0.472013
-0.405346
-0.33868
-0.272013
-0.205346
-0.13868
-0.0720129
-0.00534628
0.0613204
0.127987
0.194654
0.26132
0.327987
0.394654
0.46132
0.527987
0.594654
0.66132
0.727987
0.794654
0.86132
0.927987
0.994654
1.06132
1.12799
1.19465
1.26132
1.32799
1.39465
1.46132
1.52799
1.64986
1.64986
1.64986
1.64986
1.64986
1.64986
1.32712
1.32712
1.32712
1.32712
1.32712
1.32712
1.39379
1.46046
1.52712
1.59379
1.66046
1.72712
1.79379
1.86046
1.92712
1.99379
2.06046
2.12712
2.18593
2.18593
2.18593
2.18593
2.18593
2.18593
2.18593
2.18593
2.18593
2.18593
2.18593
2.11926
2.05259
1.98593
1.91926
1.85259
1.78593
1.65998
1.65998
1.65998
1.65998
1.65998
1.65998
1.62508
1.62508
1.62508
1.62508
1.62508
1.62508
1.62508
1.80868
1.99227
1.92561
1.85894
1.79227
1.72561
1.65894
1.59227
1.52561
1.45894
1.39227
1.32561
1.25894
1.19227
1.12561
1.05894
0.992275
0.925608
0.858942
0.792275
0.725608
0.658942
0.592275
0.525608
0.458942
0.392275
0.325608
0.258942
0.192275
0.125608
0.0589416
-0.00772502
-0.0743917
-0.141058
-0.207725
-0.274392
-0.341058
-0.407725
-0.474392
-0.541058
-0.607725
-0.674392
-0.741058
-0.807725
-0.874392
-0.941058
-1.00773
-1.05483
-1.05483
-1.05483
-1.1215
-1.18816
-1.25483
-1.3215
-1.38816
-1.45483
-1.5215
-1.58816
-1.65483
-1.7215
-1.78816
-1.85483
-1.9215
-1.98816
-2.05483
-2.1215
-2.18816
-2.25483
-2.3215
-2.38816
-2.45483
-2.5215
-2.58816
-2.65483
-2.7215
-2.78816
-2.85483
-2.9215
-2.98816
-3.05483
-3.1215
3.09502
3.02836
2.96169
2.89502
2.82836
2.76169
2.69502
2.62836
2.56169
2.49502
2.42836
2.36169
2.29502
2.22836
2.14753
2.14753
2.14753
2.14753
2.14753
2.14753
1.63956
1.63956
1.63956
1.63956
1.63956
1.63956
1.63956
1.63956
1.63956
1.82316
2.00676
2.19036
2.25703
2.32369
2.39036
2.45703
2.52369
2.59036
2.65703
2.72369
2.79036
2.85703
2.92369
2.99036
3.05703
3.12369
-3.09282
-3.02616
-2.95949
-2.89282
-2.82616
-2.75949
-2.69282
-2.62616
-2.55949
-2.49282
-2.42616
-2.35949
-2.29282
-2.22616
-2.15949
-2.09282
-2.02616
-1.95949
-1.89282
-1.82616
-1.75949
-1.69282
-1.62616
-1.55949
-1.49282
-1.42616
-1.35949
-1.29282
-1.22616
-1.15949
-1.09282
-1.02616
-0.989889
-0.989889
-0.989889
-0.989889
-0.989889
-0.989889
-0.923222
-0.856555
-0.789889
-0.723222
-0.656555
-0.589889
-0.523222
-0.456555
-0.389889
-0.323222
-0.256555
-0.189889
-0.123222
-0.0565555
0.0101112
0.0767778
0.143445
0.210111
0.276778
0.343445
0.410111
0.476778
0.543445
0.610111
0.676778
0.743445
0.810111
0.876778
0.943445
1.01011
1.07678
1.14344
1.21011
1.27678
1.34344
1.41011
1.47678
1.54344
1.61011
1.67678
1.74344
1.81011
1.87678
1.94344
2.01011
2.07678
2.14753
2.14753
2.14753
2.14753
2.14753
2.14753
1.65562
1.65562
1.65562
1.65562
1.65562
1.65562
1.65562
1.65562
1.65562
1.65562
1.65562
1.65562
1.83922
2.02282
1.95615
1.88948
1.82282
1.75615
1.68948
1.62282
1.55615
1.48948
1.42282
1.35615
1.28948
1.22282
1.15615
1.08948
1.02282
0.956152
0.889485
0.822818
0.756152
0.689485
0.622818
0.556152
0.489485
0.422818
0.356152
0.289485
0.222818
0.156152
0.0894849
0.0228182
-0.0438484
-0.110515
-0.177182
-0.243848
-0.310515
-0.377182
-0.443848
-0.510515
-0.577182
-0.643848
-0.710515
-0.777182
-0.843848
-0.910515
-0.977182
-1.04385
-1.07368
-1.07368
-1.07368
-1.07368
-1.14035
-1.20701
-1.27368
-1.34035
-1.40701
-1.47368
-1.54035
-1.60701
-1.67368
-1.74035
-1.80701
-1.87368
-1.94035
-2.00701
-2.07368
-2.14035
-2.20701
-2.27368
-2.34035
-2.40701
-2.47368
-2.54035
-2.60701
-2.67368
-2.74035
-2.80701
-2.87368
-2.94035
-3.00701
-3.07368
-3.14035
3.07617
3.0095
2.94284
2.87617
2.8095
2.74284
2.67617
2.6095
2.54284
2.47617
2.4095
2.34284
2.27617
2.2095
2.14753
2.14753
2.14753
2.14753
2.14753
2.14753
1.67325
1.67325
1.67325
1.67325
1.67325
1.67325
1.67325
1.48965
1.48965
1.48965
1.48965
1.67325
1.85685
1.85685
2.04045
2.22405
2.29071
2.35738
2.42405
2.49071
2.55738
2.62405
2.69071
2.75738
2.82405
2.89071
2.95738
3.02405
3.09071
-3.12581
-3.05914
-2.99247
-2.92581
-2.85914
-2.79247
-2.72581
-2.65914
-2.59247
-2.52581
-2.45914
-2.39247
-2.32581
-2.25914
-2.19247
-2.12581
-2.05914
-1.99247
-1.92581
-1.85914
-1.79247
-1.72581
-1.65914
-1.59247
-1.52581
-1.45914
-1.39247
-1.32581
-1.25914
-1.19247
-1.12581
-1.05914
-0.992473
-0.931521
-0.931521
-0.931521
-0.931521
-0.864855
-0.798188
-0.731521
-0.664855
-0.598188
-0.531521
-0.464855
-0.398188
-0.331521
-0.264855
-0.198188
-0.131521
-0.0648547
0.001812
0.0684787
0.135145
0.201812
0.268479
0.335145
0.401812
0.468479
0.535145
0.601812
0.668479
0.735145
0.801812
0.868479
0.935145
1.00181
1.06848
1.13515
1.20181
1.26848
1.33515
1.40181
1.46848
1.53515
1.60181
1.66848
1.73515
1.80181
1.86848
1.93515
2.00181
2.06848
2.14753
2.14753
2.14753
2.14753
2.14753
2.14753
1.69192
1.69192
1.69192
1.69192
1.69192
1.69192
1.50832
1.44166
1.37499
1.30832
1.30778
1.30778
1.30778
1.30778
1.30778
1.37445
1.44112
1.50778
1.57445
1.64112
1.70778
1.77445
1.84112
1.90778
1.97445
2.04112
2.14753
2.14753
2.14753
2.14753
2.14753
2.14753
1.89641
1.89641
1.89641
1.89641
1.89641
1.89641
2.08001
2.26361
2.44721
2.63081
2.81441
2.99801
3.18161
3.18161
2.99801
2.81441
2.63081
2.44721
2.26361
2.08001
2.14668
2.21334
2.28001
2.34668
2.41334
2.48001
2.54668
2.61334
2.68001
2.74668
2.81334
2.88001
2.94668
3.01334
3.08001
-3.13651
-3.06984
-3.00318
-2.93651
-2.86984
-2.80318
-2.73651
-2.66984
-2.60318
-2.53651
-2.46984
-2.40318
-2.33651
-2.26984
-2.20318
-2.13651
-2.06984
-2.00318
-1.93651
-1.86984
-1.80318
-1.73651
-1.66984
-1.60318
-1.53651
-1.46984
-1.46065
-1.46065
-1.46065
-1.46065
-1.46065
-1.46065
-1.46065
-1.39398
-1.32731
-1.26065
-1.19398
-1.12731
-1.06065
-0.993981
-0.927314
-0.860648
-0.793981
-0.727314
-0.660648
-0.593981
-0.527314
-0.460648
-0.393981
-0.327314
-0.260648
-0.193981
-0.127314
-0.0606475
0.00601913
0.0726858
0.139352
0.206019
0.272686
0.339352
0.406019
0.472686
0.539352
0.606019
0.672686
0.739352
0.806019
0.872686
0.939352
1.00602
1.07269
1.13935
1.20602
1.27269
1.33935
1.40602
1.47269
1.53935
1.64986
1.64986
1.64986
1.64986
1.64986
1.64986
1.89641
1.89641
1.89641
1.89641
1.89641
1.89641
2.08001
2.26361
2.44721
2.63081
2.81441
2.99801
2.99801
2.99801
2.99801
2.81441
2.63081
2.44721
2.26361
2.08001
2.14668
2.21334
2.28001
2.34668
2.41334
2.48001
2.54668
2.61334
2.68001
2.74668
2.81334
2.88001
2.94668
3.01334
3.08001
-3.13651
-3.06984
-3.00318
-2.93651
-2.86984
-2.80318
-2.73651
-2.66984
-2.60318
-2.53651
-2.46984
-2.40318
-2.33651
-2.26984
-2.20318
-2.13651
-2.06984
-2.00318
-1.93651
-1.86984
-1.80318
-1.73651
-1.66984
-1.60318
-1.53651
-1.46984
-1.43535
-1.43535
-1.43535
-1.36869
-1.30202
-1.23535
-1.16869
-1.10202
-1.03535
-0.968687
-0.90202
-0.835353
-0.768687
-0.70202
-0.635353
-0.568687
-0.50202
-0.435353
-0.368687
-0.30202
-0.235353
-0.168687
-0.10202
-0.0353533
0.0313134
0.09798
0.164647
0.231313
0.29798
0.364647
0.431313
0.49798
0.564647
0.631313
0.69798
0.764647
0.831313
0.89798
0.964647
1.03131
1.09798
1.16465
1.23131
1.29798
1.36465
1.43131
1.49798
1.56465
1.65998
1.65998
1.65998
1.65998
1.65998
1.65998
1.89641
1.89641
1.89641
1.89641
1.89641
1.89641
1.89641
2.08001
2.26361
2.44721
2.63081
2.81441
2.99801
3.18161
2.99801
2.81441
2.63081
2.44721
2.26361
2.08001
1.89641
1.96308
2.02974
2.09641
2.16308
2.22974
2.29641
2.36308
2.42974
2.49641
2.56308
2.62974
2.69641
2.76308
2.82974
2.89641
2.96308
3.02974
3.09641
-3.12011
-3.05344
-2.98677
-2.92011
-2.85344
-2.78677
-2.72011
-2.65344
-2.58677
-2.52011
-2.45344
-2.38677
-2.32011
-2.25344
-2.18677
-2.12011
-2.05344
-1.98677
-1.92011
-1.85344
-1.78677
-1.72011
-1.65344
-1.58677
-1.52011
-1.45344
-1.39554
-1.39554
-1.39554
-1.39554
-1.32888
-1.26221
-1.19554
-1.12888
-1.06221
-0.995544
-0.928877
-0.862211
-0.795544
-0.728877
-0.662211
-0.595544
-0.528877
-0.462211
-0.395544
-0.328877
-0.262211
-0.195544
-0.128877
-0.0622107
0.00445594
0.0711226
0.137789
0.204456
0.271123
0.337789
0.404456
0.471123
0.537789
0.604456
0.671123
0.737789
0.804456
0.871123
0.937789
1.00446
1.07112
1.13779
1.20446
1.27112
1.33779
1.40446
1.47112
1.53779
1.66888
1.66888
1.66888
1.66888
1.66888
1.66888
1.89641
1.89641
1.89641
1.89641
1.89641
1.89641
1.89641
2.08001
2.26361
2.44721
2.63081
2.63081
2.81441
2.81441
2.81441
2.81441
2.63081
2.44721
2.26361
2.08001
1.89641
1.89641
1.96308
2.02974
2.09641
2.16308
2.22974
2.29641
2.36308
2.42974
2.49641
2.56308
2.62974
2.69641
2.76308
2.82974
2.89641
2.96308
3.02974
3.09641
-3.12011
-3.05344
-2.98677
-2.92011
-2.85344
-2.78677
-2.72011
-2.65344
-2.58677
-2.52011
-2.45344
-2.38677
-2.32011
-2.25344
-2.18677
-2.12011
-2.05344
-1.98677
-1.92011
-1.85344
-1.78677
-1.72011
-1.65344
-1.58677
-1.52011
-1.45344
-1.43353
-1.43353
-1.43353
-1.36686
-1.30019
-1.23353
-1.16686
-1.10019
-1.03353
-0.966861
-0.900195
-0.833528
-0.766861
-0.700195
-0.633528
-0.566861
-0.500195
-0.433528
-0.366861
-0.300195
-0.233528
-0.166861
-0.100195
-0.0335281
0.0331385
0.0998052
0.166472
0.233139
0.299805
0.366472
0.433139
0.499805
0.566472
0.633139
0.699805
0.766472
0.833139
0.899805
0.966472
1.03314
1.09981
1.16647
1.23314
1.29981
1.36647
1.43314
1.49981
1.56647
1.67639
1.67639
1.67639
1.67639
1.67639
1.67639
1.89641
1.89641
1.89641
1.89641
1.89641
1.89641
2.08001
2.26361
2.44721
2.63081
2.81441
2.88107
2.88577
2.88577
2.88577
2.88577
2.88577
2.8191
2.75244
2.68577
2.6191
2.55244
2.48577
2.4191
2.35244
2.28577
2.2191
2.15244
2.08577
2.0191
1.95244
1.88577
1.8191
1.75244
1.68285
1.68285
1.68285
1.68285
1.68285
1.68285
2.3274
2.3274
2.3274
2.3274
2.3274
2.3274
2.511
2.6946
2.87819
3.06179
3.24539
3.24539
3.24539
3.24539
3.06179
2.87819
2.87819
2.6946
2.76126
2.82793
2.8946
2.96126
3.02793
3.0946
-3.12192
-3.05526
-2.98859
-2.92192
-2.85526
-2.78859
-2.72192
-2.65526
-2.58859
-2.52192
-2.45526
-2.38859
-2.32192
-2.25526
-2.18859
-2.12192
-2.05526
-1.98859
-1.92192
-1.85526
-1.78859
-1.72192
-1.65526
-1.58859
-1.52192
-1.45526
-1.38859
-1.32192
-1.25526
-1.18859
-1.12192
-1.05526
-1.01961
-1.01961
-1.01961
-1.01961
-1.01961
-1.01961
-1.01961
-1.01961
-1.01961
-0.952942
-0.886276
-0.819609
-0.752942
-0.686276
-0.619609
-0.552942
-0.486276
-0.419609
-0.352942
-0.286276
-0.219609
-0.152942
-0.0862758
-0.0196091
0.0470576
0.113724
0.180391
0.247058
0.313724
0.380391
0.447058
0.513724
0.580391
0.647058
0.713724
0.780391
0.847058
0.913724
0.980391
1.04706
1.11372
1.18039
1.24706
1.31372
1.38039
1.44706
1.51372
1.58039
1.64706
1.71372
1.78039
1.84706
1.91372
1.98039
2.04706
2.10887
2.10887
2.10887
2.10887
2.10887
2.10887
2.30279
2.30279
2.30279
2.30279
2.30279
2.30279
2.48639
2.66999
2.85359
3.03719
3.22078
3.40438
3.40438
3.40438
3.22078
3.03719
2.85359
2.66999
2.66999
2.73665
2.80332
2.86999
2.93665
3.00332
3.06999
3.13665
-3.07987
-3.0132
-2.94653
-2.87987
-2.8132
-2.74653
-2.67987
-2.6132
-2.54653
-2.47987
-2.4132
-2.34653
-2.27987
-2.2132
-2.14653
-2.07987
-2.0132
-1.94653
-1.87987
-1.8132
-1.74653
-1.67987
-1.6132
-1.54653
-1.47987
-1.4132
-1.34653
-1.27987
-1.2132
-1.14653
-1.07987
-1.0132
-0.946532
-0.879866
-0.838814
-0.838814
-0.838814
-0.838814
-0.838814
-0.772148
-0.705481
-0.638814
-0.572148
-0.505481
-0.438814
-0.372148
-0.305481
-0.238814
-0.172148
-0.105481
-0.0388144
0.0278523
0.0945189
0.161186
0.227852
0.294519
0.361186
0.427852
0.494519
0.561186
0.627852
0.694519
0.761186
0.827852
0.894519
0.961186
1.02785
1.09452
1.16119
1.22785
1.29452
1.36119
1.42785
1.49452
1.56119
1.62785
1.69452
1.76119
1.82785
1.89452
1.96119
2.02785
2.10887
2.10887
2.10887
2.10887
2.10887
2.10887
2.27137
2.27137
2.27137
2.27137
2.27137
2.27137
2.45497
2.63857
2.82217
3.00577
3.18937
3.37297
3.55657
3.37297
3.18937
3.00577
2.82217
2.63857
2.45497
2.52164
2.5883
2.65497
2.72164
2.7883
2.85497
2.92164
2.9883
3.05497
3.12164
-3.09488
-3.02821
-2.96155
-2.89488
-2.82821
-2.76155
-2.69488
-2.62821
-2.56155
-2.49488
-2.42821
-2.36155
-2.29488
-2.22821
-2.16155
-2.09488
-2.02821
-1.96155
-1.89488
-1.82821
-1.76155
-1.69488
-1.62821
-1.56155
-1.49488
-1.42821
-1.36155
-1.29488
-1.22821
-1.16155
-1.09488
-1.02821
-0.961548
-0.894881
-0.828214
-0.766273
-0.766273
-0.766273
-0.699606
-0.63294
-0.566273
-0.499606
-0.43294
-0.366273
-0.299606
-0.23294
-0.166273
-0.0996064
-0.0329397
0.0337269
0.100394
0.16706
0.233727
0.300394
0.36706
0.433727
0.500394
0.56706
0.633727
0.700394
0.76706
0.833727
0.900394
0.96706
1.03373
1.10039
1.16706
1.23373
1.30039
1.36706
1.43373
1.50039
1.56706
1.63373
1.70039
1.76706
1.83373
1.90039
1.96706
2.03373
2.10887
2.10887
2.10887
2.10887
2.10887
2.10887
2.23263
2.23263
2.23263
2.23263
2.23263
2.23263
2.23263
2.41622
2.59982
2.78342
2.96702
3.15062
3.15062
3.15062
3.15062
3.15062
3.15062
2.96702
2.78342
2.59982
2.41622
2.48289
2.54956
2.61622
2.68289
2.74956
2.81622
2.88289
2.94956
3.01622
3.08289
-3.13363
-3.06696
-3.00029
-2.93363
-2.86696
-2.80029
-2.73363
-2.66696
-2.60029
-2.53363
-2.46696
-2.40029
-2.33363
-2.26696
-2.20029
-2.13363
-2.06696
-2.00029
-1.93363
-1.86696
-1.80029
-1.73363
-1.66696
-1.60029
-1.53363
-1.46696
-1.40029
-1.33363
-1.26696
-1.20029
-1.13363
-1.06696
-1.00029
-0.933627
-0.866961
-0.828804
-0.828804
-0.828804
-0.828804
-0.762137
-0.695471
-0.628804
-0.562137
-0.495471
-0.428804
-0.362137
-0.295471
-0.228804
-0.162137
-0.0954706
-0.0288039
0.0378627
0.104529
0.171196
0.237863
0.304529
0.371196
0.437863
0.504529
0.571196
0.637863
0.704529
0.771196
0.837863
0.904529
0.971196
1.03786
1.10453
1.1712
1.23786
1.30453
1.3712
1.43786
1.50453
1.5712
1.63786
1.70453
1.7712
1.83786
1.90453
1.9712
2.03786
2.10887
2.10887
2.10887
2.10887
2.10887
2.10887
2.1862
2.1862
2.1862
2.1862
2.1862
2.1862
2.1862
2.3698
2.5534
2.737
2.9206
2.9206
2.9206
2.9206
2.9206
2.9206
2.9206
2.9206
2.9206
2.737
2.737
2.5534
2.3698
2.43647
2.50313
2.5698
2.63647
2.70313
2.7698
2.83647
2.90313
2.9698
3.03647
3.10313
-3.11339
-3.04672
-2.98005
-2.91339
-2.84672
-2.78005
-2.71339
-2.64672
-2.58005
-2.51339
-2.44672
-2.38005
-2.31339
-2.24672
-2.18005
-2.11339
-2.04672
-1.98005
-1.91339
-1.84672
-1.78005
-1.71339
-1.64672
-1.58005
-1.51339
-1.44672
-1.38005
-1.31339
-1.24672
-1.18005
-1.11339
-1.04672
-0.987782
-0.987782
-0.987782
-0.987782
-0.987782
-0.921116
-0.854449
-0.787782
-0.721116
-0.654449
-0.587782
-0.521116
-0.454449
-0.387782
-0.321116
-0.254449
-0.187782
-0.121116
-0.0544489
0.0122178
0.0788845
0.145551
0.212218
0.278884
0.345551
0.412218
0.478884
0.545551
0.612218
0.678884
0.745551
0.812218
0.878884
0.945551
1.01222
1.07888
1.14555
1.21222
1.27888
1.34555
1.41222
1.47888
1.54555
1.61222
1.67888
1.74555
1.81222
1.87888
1.94555
2.01222
2.10887
2.10887
2.10887
2.10887
2.10887
2.10887
2.13175
2.13175
2.13175
2.13175
2.13175
2.13175
2.13175
2.31534
2.49894
2.68254
2.68254
2.68254
2.68254
2.86614
2.86614
2.86614
2.86614
2.86614
2.86614
2.86614
2.86614
2.86614
2.68254
2.49894
2.31534
2.38201
2.44868
2.51534
2.58201
2.64868
2.71534
2.78201
2.84868
2.91534
2.98201
3.04868
3.11534
-3.10117
-3.03451
-2.96784
-2.90117
-2.83451
-2.76784
-2.70117
-2.63451
-2.56784
-2.50117
-2.43451
-2.36784
-2.30117
-2.23451
-2.16784
-2.10117
-2.03451
-1.96784
-1.90117
-1.83451
-1.76784
-1.70117
-1.63451
-1.56784
-1.50117
-1.43451
-1.36784
-1.30117
-1.23451
-1.16784
-1.10117
-1.03451
-0.967841
-0.901174
-0.895967
-0.895967
-0.895967
-0.895967
-0.895967
-0.829301
-0.762634
-0.695967
-0.629301
-0.562634
-0.495967
-0.429301
-0.362634
-0.295967
-0.229301
-0.162634
-0.0959675
-0.0293008
0.0373659
0.104033
0.170699
0.237366
0.304033
0.370699
0.437366
0.504033
0.570699
0.637366
0.704033
0.770699
0.837366
0.904033
0.970699
1.03737
1.10403
1.1707
1.23737
1.30403
1.3707
1.43737
1.50403
1.5707
1.63737
1.70403
1.7707
1.83737
1.90403
1.9707
2.03737
2.10887
2.10887
2.10887
2.10887
2.10887
2.10887
2.06944
2.06944
2.06944
2.06944
2.06944
2.06944
2.1361
2.20277
2.26944
2.3361
2.40277
2.46944
2.5361
2.60277
2.66944
2.7361
2.80277
2.86944
2.9361
3.00277
3.06944
3.12958
3.12958
3.12958
3.12958
3.12958
3.12958
3.12958
3.12958
3.06291
2.99625
2.92958
2.86291
2.79625
2.72958
2.66291
2.59625
2.52958
2.46291
2.39625
2.32958
2.26291
2.19625
2.10887
2.10887
2.10887
2.10887
2.10887
2.10887
1.73117
1.73117
1.73117
1.73117
1.73117
1.73117
1.54757
1.36397
1.18037
0.99677
0.81317
0.629571
0.445971
0.262372
0.262372
0.262372
0.262372
0.262372
0.445971
0.629571
0.81317
0.99677
1.18037
1.1137
1.04704
0.980369
0.913703
0.847036
0.780369
0.713703
0.647036
0.580369
0.513703
0.447036
0.380369
0.313703
0.247036
0.180369
0.113703
0.047036
-0.0196307
-0.0862974
-0.152964
-0.219631
-0.286297
-0.352964
-0.419631
-0.486297
-0.552964
-0.619631
-0.686297
-0.752964
-0.819631
-0.886297
-0.952964
-1.01963
-1.0863
-1.15296
-1.21963
-1.2863
-1.35296
-1.41963
-1.4863
-1.5106
-1.5106
-1.5106
-1.5106
-1.5106
-1.5106
-1.5106
-1.5106
-1.5106
-1.5106
-1.5106
-1.57727
-1.64394
-1.7106
-1.77727
-1.84394
-1.9106
-1.97727
-2.04394
-2.1106
-2.17727
-2.24394
-2.3106
-2.37727
-2.44394
-2.5106
-2.57727
-2.64394
-2.7106
-2.77727
-2.84394
-2.9106
-2.97727
-3.04394
-3.1106
3.10591
3.03925
2.97258
2.90591
2.83925
2.77258
2.70591
2.63925
2.57258
2.50591
2.43925
2.37258
2.30591
2.23925
2.17258
2.10591
2.03925
1.97258
1.90591
1.83925
1.77258
1.67499
1.67499
1.67499
1.67499
1.67499
1.67499
1.73117
1.73117
1.73117
1.73117
1.73117
1.73117
1.54757
1.36397
1.18037
0.99677
0.81317
0.629571
0.445971
0.262372
0.0787726
6.17836
0.0787726
0.262372
0.445971
0.629571
0.81317
0.99677
1.18037
1.1137
1.04704
0.980369
0.913703
0.847036
0.780369
0.713703
0.647036
0.580369
0.513703
0.447036
0.380369
0.313703
0.247036
0.180369
0.113703
0.047036
-0.0196307
-0.0862974
-0.152964
-0.219631
-0.286297
-0.352964
-0.419631
-0.486297
-0.552964
-0.619631
-0.686297
-0.752964
-0.819631
-0.886297
-0.952964
-1.01963
-1.0863
-1.15296
-1.21963
-1.2863
-1.35296
-1.41963
-1.4863
-1.55296
-1.61963
-1.63171
-1.63171
-1.63171
-1.63171
-1.69838
-1.76505
-1.83171
-1.89838
-1.96505
-2.03171
-2.09838
-2.16505
-2.23171
-2.29838
-2.36505
-2.43171
-2.49838
-2.56505
-2.63171
-2.69838
-2.76505
-2.83171
-2.89838
-2.96505
-3.03171
-3.09838
3.11814
3.05147
2.98481
2.91814
2.85147
2.78481
2.71814
2.65147
2.58481
2.51814
2.45147
2.38481
2.31814
2.25147
2.18481
2.11814
2.05147
1.98481
1.91814
1.85147
1.78481
1.68162
1.68162
1.68162
1.68162
1.68162
1.68162
1.73117
1.73117
1.73117
1.73117
1.73117
1.73117
1.54757
1.36397
1.18037
0.99677
0.81317
0.629571
0.445971
0.262372
0.262372
0.0787726
0.262372
0.445971
0.629571
0.81317
0.99677
1.18037
1.36397
1.2973
1.23064
1.16397
1.0973
1.03064
0.963969
0.897302
0.830635
0.763969
0.697302
0.630635
0.563969
0.497302
0.430635
0.363969
0.297302
0.230635
0.163969
0.0973021
0.0306354
-0.0360312
-0.102698
-0.169365
-0.236031
-0.302698
-0.369365
-0.436031
-0.502698
-0.569365
-0.636031
-0.702698
-0.769365
-0.836031
-0.902698
-0.969365
-1.03603
-1.1027
-1.16936
-1.23603
-1.3027
-1.36936
-1.43603
-1.5027
-1.56936
-1.58846
-1.58846
-1.58846
-1.58846
-1.65513
-1.7218
-1.78846
-1.85513
-1.9218
-1.98846
-2.05513
-2.1218
-2.18846
-2.25513
-2.3218
-2.38846
-2.45513
-2.5218
-2.58846
-2.65513
-2.7218
-2.78846
-2.85513
-2.9218
-2.98846
-3.05513
-3.1218
3.09472
3.02806
2.96139
2.89472
2.82806
2.76139
2.69472
2.62806
2.56139
2.49472
2.42806
2.36139
2.29472
2.22806
2.16139
2.09472
2.02806
1.96139
1.89472
1.82806
1.76139
1.68704
1.68704
1.68704
1.68704
1.68704
1.68704
1.73117
1.73117
1.73117
1.73117
1.73117
1.73117
1.54757
1.36397
1.18037
0.99677
0.99677
0.81317
0.629571
0.629571
0.445971
0.445971
0.445971
0.445971
0.629571
0.81317
0.99677
0.99677
1.18037
1.36397
1.2973
1.23064
1.16397
1.0973
1.03064
0.963969
0.897302
0.830635
0.763969
0.697302
0.630635
0.563969
0.497302
0.430635
0.363969
0.297302
0.230635
0.163969
0.0973021
0.0306354
-0.0360312
-0.102698
-0.169365
-0.236031
-0.302698
-0.369365
-0.436031
-0.502698
-0.569365
-0.636031
-0.702698
-0.769365
-0.836031
-0.902698
-0.969365
-1.03603
-1.1027
-1.16936
-1.23603
-1.3027
-1.36936
-1.43603
-1.5027
-1.56936
-1.63603
-1.66532
-1.66532
-1.66532
-1.66532
-1.73198
-1.79865
-1.86532
-1.93198
-1.99865
-2.06532
-2.13198
-2.19865
-2.26532
-2.33198
-2.39865
-2.46532
-2.53198
-2.59865
-2.66532
-2.73198
-2.79865
-2.86532
-2.93198
-2.99865
-3.06532
-3.13198
3.08454
3.01787
2.9512
2.88454
2.81787
2.7512
2.68454
2.61787
2.5512
2.48454
2.41787
2.3512
2.28454
2.21787
2.1512
2.08454
2.01787
1.9512
1.88454
1.81787
1.69192
1.69192
1.69192
1.69192
1.69192
1.69192
1.73117
1.73117
1.73117
1.73117
1.73117
1.73117
1.54757
1.36397
1.18037
0.99677
0.81317
0.81317
0.81317
0.81317
0.81317
0.629571
0.445971
0.445971
0.629571
0.81317
0.99677
1.18037
1.36397
1.54757
1.73117
1.79783
1.8645
1.93117
1.99783
2.0645
2.13117
2.19783
2.2645
2.33117
2.39783
2.4645
2.53117
2.59783
2.6645
2.73117
2.79783
2.8645
2.93117
2.99783
3.0645
3.13117
-3.08535
-3.01868
-2.95202
-2.88535
-2.81868
-2.75202
-2.68535
-2.61868
-2.55202
-2.48535
-2.41868
-2.35202
-2.28535
-2.21868
-2.15202
-2.08535
-2.01868
-1.95202
-1.88535
-1.81868
-1.75202
-1.68535
-1.61868
-1.55202
-1.48535
-1.43289
-1.43289
-1.43289
-1.43289
-1.43289
-1.43289
-1.43289
-1.36623
-1.29956
-1.23289
-1.16623
-1.09956
-1.03289
-0.966226
-0.899559
-0.832893
-0.766226
-0.699559
-0.632893
-0.566226
-0.499559
-0.432893
-0.366226
-0.299559
-0.232893
-0.166226
-0.0995593
-0.0328926
0.033774
0.100441
0.167107
0.233774
0.300441
0.367107
0.433774
0.500441
0.567107
0.633774
0.700441
0.767107
0.833774
0.900441
0.967107
1.03377
1.10044
1.16711
1.23377
1.30044
1.36711
1.43377
1.50044
1.56711
1.69629
1.69629
1.69629
1.69629
1.69629
1.69629
1.73117
1.73117
1.73117
1.73117
1.73117
1.73117
1.73117
1.54757
1.36397
1.18037
0.99677
0.81317
0.629571
0.629571
0.629571
0.629571
0.629571
0.629571
0.81317
0.81317
0.81317
0.99677
1.18037
1.36397
1.54757
1.73117
1.79783
1.8645
1.93117
1.99783
2.0645
2.13117
2.19783
2.2645
2.33117
2.39783
2.4645
2.53117
2.59783
2.6645
2.73117
2.79783
2.8645
2.93117
2.99783
3.0645
3.13117
-3.08535
-3.01868
-2.95202
-2.88535
-2.81868
-2.75202
-2.68535
-2.61868
-2.55202
-2.48535
-2.41868
-2.35202
-2.28535
-2.21868
-2.15202
-2.08535
-2.01868
-1.95202
-1.88535
-1.81868
-1.75202
-1.68535
-1.61868
-1.55202
-1.48535
-1.43531
-1.43531
-1.43531
-1.43531
-1.43531
-1.36865
-1.30198
-1.23531
-1.16865
-1.10198
-1.03531
-0.968647
-0.90198
-0.835313
-0.768647
-0.70198
-0.635313
-0.568647
-0.50198
-0.435313
-0.368647
-0.30198
-0.235313
-0.168647
-0.10198
-0.0353135
0.0313532
0.0980199
0.164687
0.231353
0.29802
0.364687
0.431353
0.49802
0.564687
0.631353
0.69802
0.764687
0.831353
0.89802
0.964687
1.03135
1.09802
1.16469
1.23135
1.29802
1.36469
1.43135
1.49802
1.56469
1.63135
1.69925
1.69925
1.69925
1.69925
1.69925
1.69925
1.73117
1.73117
1.73117
1.73117
1.73117
1.73117
1.6645
1.59783
1.53117
1.4645
1.39783
1.33117
1.2645
1.19783
1.13117
1.0645
0.997834
0.931168
0.864501
0.797834
0.731168
0.664501
0.597834
0.531168
0.495093
0.495093
0.495093
0.495093
0.495093
0.495093
0.561759
0.628426
0.695093
0.761759
0.828426
0.895093
0.961759
1.02843
1.09509
1.16176
1.22843
1.29509
1.36176
1.42843
1.49509
1.56176
1.62843
1.72299
1.72299
1.72299
1.72299
1.72299
1.72299
1.69576
1.69576
1.69576
1.69576
1.69576
1.69576
1.51216
1.32856
1.14496
0.961364
0.777765
0.594165
0.410566
0.410566
0.410566
0.594165
0.777765
0.961364
1.14496
1.0783
1.01163
0.944964
0.878297
0.81163
0.744964
0.678297
0.61163
0.544964
0.478297
0.41163
0.344964
0.278297
0.21163
0.144964
0.0782969
0.0116302
-0.0550365
-0.121703
-0.18837
-0.255036
-0.321703
-0.38837
-0.455036
-0.521703
-0.58837
-0.655036
-0.721703
-0.78837
-0.855036
-0.921703
-0.98837
-1.05504
-1.1217
-1.18837
-1.25504
-1.3217
-1.38837
-1.4155
-1.4155
-1.4155
-1.4155
-1.4155
-1.4155
-1.48217
-1.54883
-1.6155
-1.68217
-1.74883
-1.8155
-1.88217
-1.94883
-2.0155
-2.08217
-2.14883
-2.2155
-2.28217
-2.34883
-2.4155
-2.48217
-2.54883
-2.6155
-2.68217
-2.74883
-2.8155
-2.88217
-2.94883
-3.0155
-3.08217
3.13435
3.06768
3.00102
2.93435
2.86768
2.80102
2.73435
2.66768
2.60102
2.53435
2.46768
2.40102
2.33435
2.26768
2.20102
2.13435
2.06768
2.00102
1.93435
1.86459
1.86459
1.86459
1.86459
1.86459
1.86459
1.71583
1.71583
1.71583
1.71583
1.71583
1.71583
1.53223
1.34863
1.16503
0.981435
0.797836
0.614236
0.614236
0.430637
0.614236
0.797836
0.981435
1.16503
1.34863
1.28197
1.2153
1.14863
1.08197
1.0153
0.948634
0.881968
0.815301
0.748634
0.681968
0.615301
0.548634
0.481968
0.415301
0.348634
0.281968
0.215301
0.148634
0.0819676
0.0153009
-0.0513657
-0.118032
-0.184699
-0.251366
-0.318032
-0.384699
-0.451366
-0.518032
-0.584699
-0.651366
-0.718032
-0.784699
-0.851366
-0.918032
-0.984699
-1.05137
-1.11803
-1.1847
-1.25137
-1.31803
-1.36178
-1.36178
-1.36178
-1.36178
-1.36178
-1.36178
-1.42845
-1.49511
-1.56178
-1.62845
-1.69511
-1.76178
-1.82845
-1.89511
-1.96178
-2.02845
-2.09511
-2.16178
-2.22845
-2.29511
-2.36178
-2.42845
-2.49511
-2.56178
-2.62845
-2.69511
-2.76178
-2.82845
-2.89511
-2.96178
-3.02845
-3.09511
3.1214
3.05474
2.98807
2.9214
2.85474
2.78807
2.7214
2.65474
2.58807
2.5214
2.45474
2.38807
2.3214
2.25474
2.18807
2.1214
2.05474
1.98807
1.86459
1.86459
1.86459
1.86459
1.86459
1.86459
1.73643
1.73643
1.73643
1.73643
1.73643
1.73643
1.55283
1.36923
1.18563
1.00203
0.818431
0.634831
0.451232
0.451232
0.634831
0.818431
1.00203
1.18563
1.18563
1.36923
1.30256
1.2359
1.16923
1.10256
1.0359
0.969229
0.902562
0.835896
0.769229
0.702562
0.635896
0.569229
0.502562
0.435896
0.369229
0.302562
0.235896
0.169229
0.102562
0.0358958
-0.0307708
-0.0974375
-0.164104
-0.230771
-0.297438
-0.364104
-0.430771
-0.497438
-0.564104
-0.630771
-0.697438
-0.764104
-0.830771
-0.897438
-0.964104
-1.03077
-1.09744
-1.1641
-1.23077
-1.29744
-1.3641
-1.43077
-1.49744
-1.5641
-1.63077
-1.66174
-1.66174
-1.66174
-1.66174
-1.72841
-1.79508
-1.86174
-1.92841
-1.99508
-2.06174
-2.12841
-2.19508
-2.26174
-2.32841
-2.39508
-2.46174
-2.52841
-2.59508
-2.66174
-2.72841
-2.79508
-2.86174
-2.92841
-2.99508
-3.06174
-3.12841
3.08811
3.02144
2.95478
2.88811
2.82144
2.75478
2.68811
2.62144
2.55478
2.48811
2.42144
2.35478
2.28811
2.22144
2.15478
2.08811
2.02144
1.95478
1.86459
1.86459
1.86459
1.86459
1.86459
1.86459
1.75458
1.75458
1.75458
1.75458
1.75458
1.75458
1.57098
1.38738
1.20378
1.02018
0.836582
0.652983
0.652983
0.652983
0.652983
0.836582
1.02018
1.20378
1.38738
1.57098
1.50431
1.43765
1.37098
1.30431
1.23765
1.17098
1.10431
1.03765
0.97098
0.904313
0.837647
0.77098
0.704313
0.637647
0.57098
0.504313
0.437647
0.37098
0.304313
0.237647
0.17098
0.104313
0.0376467
-0.02902
-0.0956866
-0.162353
-0.22902
-0.295687
-0.362353
-0.42902
-0.495687
-0.562353
-0.62902
-0.695687
-0.762353
-0.82902
-0.895687
-0.962353
-1.02902
-1.09569
-1.16235
-1.22902
-1.29569
-1.36235
-1.42902
-1.49569
-1.5145
-1.5145
-1.5145
-1.58116
-1.64783
-1.7145
-1.78116
-1.84783
-1.9145
-1.98116
-2.04783
-2.1145
-2.18116
-2.24783
-2.3145
-2.38116
-2.44783
-2.5145
-2.58116
-2.64783
-2.7145
-2.78116
-2.84783
-2.9145
-2.98116
-3.04783
-3.1145
3.10202
3.03536
2.96869
2.90202
2.83536
2.76869
2.70202
2.63536
2.56869
2.50202
2.43536
2.36869
2.30202
2.23536
2.16869
2.10202
2.03536
1.96869
1.86459
1.86459
1.86459
1.86459
1.86459
1.86459
1.76819
1.76819
1.76819
1.76819
1.76819
1.76819
1.76819
1.58459
1.40099
1.21739
1.0338
0.850196
0.850196
0.666596
0.666596
0.666596
0.850196
1.0338
1.21739
1.40099
1.58459
1.58459
1.51793
1.45126
1.38459
1.31793
1.25126
1.18459
1.11793
1.05126
0.984594
0.917927
0.85126
0.784594
0.717927
0.65126
0.584594
0.517927
0.45126
0.384594
0.317927
0.25126
0.184594
0.117927
0.0512603
-0.0154064
-0.0820731
-0.14874
-0.215406
-0.282073
-0.34874
-0.415406
-0.482073
-0.54874
-0.615406
-0.682073
-0.74874
-0.815406
-0.882073
-0.94874
-1.01541
-1.08207
-1.14874
-1.21541
-1.28207
-1.34874
-1.40988
-1.40988
-1.40988
-1.47654
-1.54321
-1.60988
-1.67654
-1.74321
-1.80988
-1.87654
-1.94321
-2.00988
-2.07654
-2.14321
-2.20988
-2.27654
-2.34321
-2.40988
-2.47654
-2.54321
-2.60988
-2.67654
-2.74321
-2.80988
-2.87654
-2.94321
-3.00988
-3.07654
3.13998
3.07331
3.00664
2.93998
2.87331
2.80664
2.73998
2.67331
2.60664
2.53998
2.47331
2.40664
2.33998
2.27331
2.20664
2.13998
2.07331
2.00664
1.93998
1.86459
1.86459
1.86459
1.86459
1.86459
1.86459
1.77779
1.77779
1.77779
1.77779
1.77779
1.77779
1.59419
1.41059
1.22699
1.22699
1.04339
1.04339
1.04339
1.04339
1.04339
1.04339
1.04339
1.04339
1.22699
1.22699
1.41059
1.59419
1.77779
1.71113
1.64446
1.57779
1.51113
1.44446
1.37779
1.31113
1.24446
1.17779
1.11113
1.04446
0.977792
0.911126
0.844459
0.777792
0.711126
0.644459
0.577792
0.511126
0.444459
0.377792
0.311126
0.244459
0.177792
0.111126
0.044459
-0.0222076
-0.0888743
-0.155541
-0.222208
-0.288874
-0.355541
-0.422208
-0.488874
-0.555541
-0.622208
-0.688874
-0.755541
-0.822208
-0.888874
-0.955541
-1.02221
-1.08887
-1.15554
-1.22221
-1.28887
-1.32184
-1.32184
-1.32184
-1.32184
-1.32184
-1.38851
-1.45517
-1.52184
-1.58851
-1.65517
-1.72184
-1.78851
-1.85517
-1.92184
-1.98851
-2.05517
-2.12184
-2.18851
-2.25517
-2.32184
-2.38851
-2.45517
-2.52184
-2.58851
-2.65517
-2.72184
-2.78851
-2.85517
-2.92184
-2.98851
-3.05517
-3.12184
3.09468
3.02801
2.96135
2.89468
2.82801
2.76135
2.69468
2.62801
2.56135
2.49468
2.42801
2.36135
2.29468
2.22801
2.16135
2.09468
2.02801
1.96135
1.86459
1.86459
1.86459
1.86459
1.86459
1.86459
1.78373
1.78373
1.78373
1.78373
1.78373
1.78373
1.71706
1.65039
1.58373
1.51706
1.45039
1.38373
1.31706
1.25039
1.18373
1.11706
1.05039
0.983726
0.91706
0.850393
0.783726
0.71706
0.691614
0.691614
0.691614
0.758281
0.824948
0.891614
0.958281
1.02495
1.09161
1.15828
1.22495
1.29161
1.35828
1.42495
1.49161
1.55828
1.62495
1.69161
1.75828
1.86459
1.86459
1.86459
1.86459
1.86459
1.86459
1.86977
1.86977
1.86977
1.86977
1.86977
1.86977
1.68617
1.50257
1.31897
1.13537
0.951775
0.951775
1.13537
1.31897
1.25231
1.18564
1.11897
1.05231
0.985641
0.918974
0.852308
0.785641
0.718974
0.652308
0.585641
0.518974
0.452308
0.385641
0.318974
0.252308
0.185641
0.118974
0.0523075
-0.0143592
-0.0810258
-0.147692
-0.214359
-0.281026
-0.347692
-0.414359
-0.481026
-0.547692
-0.614359
-0.681026
-0.747692
-0.814359
-0.881026
-0.947692
-1.01436
-1.08103
-1.14769
-1.21436
-1.28103
-1.34769
-1.41436
-1.48103
-1.54769
-1.57208
-1.57208
-1.57208
-1.57208
-1.57208
-1.57208
-1.57208
-1.57208
-1.57208
-1.57208
-1.63875
-1.70542
-1.77208
-1.83875
-1.90542
-1.97208
-2.03875
-2.10542
-2.17208
-2.23875
-2.30542
-2.37208
-2.43875
-2.50542
-2.57208
-2.63875
-2.70542
-2.77208
-2.83875
-2.90542
-2.97208
-3.03875
-3.10542
3.1111
3.04444
2.97777
2.9111
2.84444
2.77777
2.7111
2.64444
2.57777
2.5111
2.44444
2.37777
2.3111
2.24444
2.17777
2.1111
2.04444
1.97777
1.9111
1.84444
1.77777
1.7111
1.59052
1.59052
1.59052
1.59052
1.59052
1.59052
1.86977
1.86977
1.86977
1.86977
1.86977
1.86977
1.68617
1.50257
1.31897
1.13537
0.951775
0.951775
1.13537
1.31897
1.25231
1.18564
1.11897
1.05231
0.985641
0.918974
0.852308
0.785641
0.718974
0.652308
0.585641
0.518974
0.452308
0.385641
0.318974
0.252308
0.185641
0.118974
0.0523075
-0.0143592
-0.0810258
-0.147692
-0.214359
-0.281026
-0.347692
-0.414359
-0.481026
-0.547692
-0.614359
-0.681026
-0.747692
-0.814359
-0.881026
-0.947692
-1.01436
-1.08103
-1.14769
-1.21436
-1.28103
-1.34769
-1.41436
-1.48103
-1.54769
-1.59781
-1.59781
-1.59781
-1.59781
-1.66448
-1.73114
-1.79781
-1.86448
-1.93114
-1.99781
-2.06448
-2.13114
-2.19781
-2.26448
-2.33114
-2.39781
-2.46448
-2.53114
-2.59781
-2.66448
-2.73114
-2.79781
-2.86448
-2.93114
-2.99781
-3.06448
-3.13114
3.08537
3.01871
2.95204
2.88537
2.81871
2.75204
2.68537
2.61871
2.55204
2.48537
2.41871
2.35204
2.28537
2.21871
2.15204
2.08537
2.01871
1.95204
1.88537
1.81871
1.75204
1.68537
1.60605
1.60605
1.60605
1.60605
1.60605
1.60605
1.86977
1.86977
1.86977
1.86977
1.86977
1.86977
1.68617
1.50257
1.50257
1.31897
1.13537
0.951775
1.13537
1.31897
1.50257
1.43591
1.36924
1.30257
1.23591
1.16924
1.10257
1.03591
0.96924
0.902574
0.835907
0.76924
0.702574
0.635907
0.56924
0.502574
0.435907
0.36924
0.302574
0.235907
0.16924
0.102574
0.035907
-0.0307597
-0.0974264
-0.164093
-0.23076
-0.297426
-0.364093
-0.43076
-0.497426
-0.564093
-0.63076
-0.697426
-0.764093
-0.83076
-0.897426
-0.964093
-1.03076
-1.09743
-1.16409
-1.23076
-1.29743
-1.36409
-1.43076
-1.49743
-1.55573
-1.55573
-1.55573
-1.55573
-1.62239
-1.68906
-1.75573
-1.82239
-1.88906
-1.95573
-2.02239
-2.08906
-2.15573
-2.22239
-2.28906
-2.35573
-2.42239
-2.48906
-2.55573
-2.62239
-2.68906
-2.75573
-2.82239
-2.88906
-2.95573
-3.02239
-3.08906
3.12746
3.06079
2.99412
2.92746
2.86079
2.79412
2.72746
2.66079
2.59412
2.52746
2.46079
2.39412
2.32746
2.26079
2.19412
2.12746
2.06079
1.99412
1.92746
1.86079
1.79412
1.72746
1.62054
1.62054
1.62054
1.62054
1.62054
1.62054
1.86977
1.86977
1.86977
1.86977
1.86977
1.86977
1.86977
1.86977
1.68617
1.50257
1.50257
1.31897
1.13537
1.13537
0.951775
1.13537
1.31897
1.50257
1.43591
1.36924
1.30257
1.23591
1.16924
1.10257
1.03591
0.96924
0.902574
0.835907
0.76924
0.702574
0.635907
0.56924
0.502574
0.435907
0.36924
0.302574
0.235907
0.16924
0.102574
0.035907
-0.0307597
-0.0974264
-0.164093
-0.23076
-0.297426
-0.364093
-0.43076
-0.497426
-0.564093
-0.63076
-0.697426
-0.764093
-0.83076
-0.897426
-0.964093
-1.03076
-1.09743
-1.16409
-1.23076
-1.29743
-1.36409
-1.43076
-1.49743
-1.52391
-1.52391
-1.52391
-1.52391
-1.52391
-1.59058
-1.65724
-1.72391
-1.79058
-1.85724
-1.92391
-1.99058
-2.05724
-2.12391
-2.19058
-2.25724
-2.32391
-2.39058
-2.45724
-2.52391
-2.59058
-2.65724
-2.72391
-2.79058
-2.85724
-2.92391
-2.99058
-3.05724
-3.12391
3.09261
3.02594
2.95928
2.89261
2.82594
2.75928
2.69261
2.62594
2.55928
2.49261
2.42594
2.35928
2.29261
2.22594
2.15928
2.09261
2.02594
1.95928
1.89261
1.82594
1.75928
1.63363
1.63363
1.63363
1.63363
1.63363
1.63363
1.86977
1.86977
1.86977
1.86977
1.86977
1.86977
1.80311
1.73644
1.66977
1.60311
1.53644
1.46977
1.40311
1.33644
1.26977
1.26883
1.26883
1.26883
1.26883
1.26883
1.26883
1.26883
1.26883
1.26883
1.26883
1.33549
1.40216
1.46883
1.53549
1.6455
1.6455
1.6455
1.6455
1.6455
1.6455
1.82038
1.82038
1.82038
1.82038
1.82038
1.82038
2.00398
2.18758
2.37118
2.18758
2.18758
2.25424
2.32091
2.38758
2.45424
2.52091
2.58758
2.65424
2.72091
2.78758
2.85424
2.92091
2.98758
3.05424
3.12091
-3.09561
-3.02894
-2.96227
-2.89561
-2.82894
-2.76227
-2.69561
-2.62894
-2.56227
-2.49561
-2.42894
-2.36227
-2.29561
-2.22894
-2.16227
-2.09561
-2.02894
-1.96227
-1.89561
-1.82894
-1.76227
-1.69561
-1.62894
-1.56227
-1.49561
-1.42894
-1.36227
-1.29561
-1.22894
-1.16227
-1.12496
-1.12496
-1.12496
-1.12496
-1.05829
-0.991624
-0.924957
-0.85829
-0.791624
-0.724957
-0.65829
-0.591624
-0.524957
-0.45829
-0.391624
-0.324957
-0.25829
-0.191624
-0.124957
-0.0582904
0.00837622
0.0750429
0.14171
0.208376
0.275043
0.34171
0.408376
0.475043
0.54171
0.608376
0.675043
0.74171
0.808376
0.875043
0.94171
1.00838
1.07504
1.14171
1.20838
1.27504
1.34171
1.40838
1.47504
1.54171
1.60838
1.67504
1.74171
1.86685
1.86685
1.86685
1.86685
1.86685
1.86685
1.81863
1.81863
1.81863
1.81863
1.81863
1.81863
1.81863
2.00223
2.00223
2.18583
2.18583
2.00223
2.0689
2.13557
2.20223
2.2689
2.33557
2.40223
2.4689
2.53557
2.60223
2.6689
2.73557
2.80223
2.8689
2.93557
3.00223
3.0689
3.13557
-3.08095
-3.01429
-2.94762
-2.88095
-2.81429
-2.74762
-2.68095
-2.61429
-2.54762
-2.48095
-2.41429
-2.34762
-2.28095
-2.21429
-2.14762
-2.08095
-2.01429
-1.94762
-1.88095
-1.81429
-1.74762
-1.68095
-1.61429
-1.54762
-1.48095
-1.41429
-1.34762
-1.28095
-1.21429
-1.18307
-1.18307
-1.18307
-1.18307
-1.1164
-1.04973
-0.983066
-0.9164
-0.849733
-0.783066
-0.7164
-0.649733
-0.583066
-0.5164
-0.449733
-0.383066
-0.3164
-0.249733
-0.183066
-0.1164
-0.0497331
0.0169336
0.0836003
0.150267
0.216934
0.2836
0.350267
0.416934
0.4836
0.550267
0.616934
0.6836
0.750267
0.816934
0.8836
0.950267
1.01693
1.0836
1.15027
1.21693
1.2836
1.35027
1.41693
1.4836
1.55027
1.61693
1.6836
1.75027
1.86685
1.86685
1.86685
1.86685
1.86685
1.86685
1.81636
1.81636
1.81636
1.81636
1.81636
1.81636
1.88303
1.9497
1.98892
1.98892
1.98892
1.98892
1.98892
1.98892
1.98892
1.98892
1.98892
1.98892
1.86685
1.86685
1.86685
1.86685
1.86685
1.86685
1.92544
1.92544
1.92544
1.92544
1.92544
1.92544
2.10904
2.29264
2.47624
2.65984
2.65984
2.65984
2.47624
2.29264
2.10904
2.17571
2.24238
2.30904
2.37571
2.44238
2.50904
2.57571
2.64238
2.70904
2.77571
2.84238
2.90904
2.97571
3.04238
3.10904
-3.10748
-3.04081
-2.97414
-2.90748
-2.84081
-2.77414
-2.70748
-2.64081
-2.57414
-2.50748
-2.44081
-2.37414
-2.30748
-2.24081
-2.17414
-2.10748
-2.04081
-1.97414
-1.90748
-1.84081
-1.77414
-1.70748
-1.64081
-1.57414
-1.50748
-1.44081
-1.37414
-1.35551
-1.35551
-1.35551
-1.35551
-1.35551
-1.28884
-1.22217
-1.15551
-1.08884
-1.02217
-0.955506
-0.888839
-0.822172
-0.755506
-0.688839
-0.622172
-0.555506
-0.488839
-0.422172
-0.355506
-0.288839
-0.222172
-0.155506
-0.088839
-0.0221723
0.0444943
0.111161
0.177828
0.244494
0.311161
0.377828
0.444494
0.511161
0.577828
0.644494
0.711161
0.777828
0.844494
0.911161
0.977828
1.04449
1.11116
1.17783
1.24449
1.31116
1.37783
1.44449
1.51116
1.57783
1.64986
1.64986
1.64986
1.64986
1.64986
1.64986
1.92544
1.92544
1.92544
1.92544
1.92544
1.92544
2.10904
2.29264
2.47624
2.47624
2.47624
2.47624
2.29264
2.10904
1.92544
1.99211
2.05878
2.12544
2.19211
2.25878
2.32544
2.39211
2.45878
2.52544
2.59211
2.65878
2.72544
2.79211
2.85878
2.92544
2.99211
3.05878
3.12544
-3.09107
-3.02441
-2.95774
-2.89107
-2.82441
-2.75774
-2.69107
-2.62441
-2.55774
-2.49107
-2.42441
-2.35774
-2.29107
-2.22441
-2.15774
-2.09107
-2.02441
-1.95774
-1.89107
-1.82441
-1.75774
-1.69107
-1.62441
-1.55774
-1.49107
-1.4519
-1.4519
-1.4519
-1.4519
-1.4519
-1.38524
-1.31857
-1.2519
-1.18524
-1.11857
-1.0519
-0.985237
-0.91857
-0.851903
-0.785237
-0.71857
-0.651903
-0.585237
-0.51857
-0.451903
-0.385237
-0.31857
-0.251903
-0.185237
-0.11857
-0.0519034
0.0147633
0.08143
0.148097
0.214763
0.28143
0.348097
0.414763
0.48143
0.548097
0.614763
0.68143
0.748097
0.814763
0.88143
0.948097
1.01476
1.08143
1.1481
1.21476
1.28143
1.3481
1.41476
1.48143
1.5481
1.65998
1.65998
1.65998
1.65998
1.65998
1.65998
1.92544
1.92544
1.92544
1.92544
1.92544
1.92544
1.92544
2.10904
2.29264
2.29264
2.29264
2.47624
2.47624
2.29264
2.10904
1.92544
1.99211
2.05878
2.12544
2.19211
2.25878
2.32544
2.39211
2.45878
2.52544
2.59211
2.65878
2.72544
2.79211
2.85878
2.92544
2.99211
3.05878
3.12544
-3.09107
-3.02441
-2.95774
-2.89107
-2.82441
-2.75774
-2.69107
-2.62441
-2.55774
-2.49107
-2.42441
-2.35774
-2.29107
-2.22441
-2.15774
-2.09107
-2.02441
-1.95774
-1.89107
-1.82441
-1.75774
-1.69107
-1.62441
-1.55774
-1.49107
-1.42441
-1.35774
-1.32344
-1.32344
-1.25677
-1.1901
-1.12344
-1.05677
-0.990103
-0.923437
-0.85677
-0.790103
-0.723437
-0.65677
-0.590103
-0.523437
-0.45677
-0.390103
-0.323437
-0.25677
-0.190103
-0.123437
-0.05677
0.00989663
0.0765633
0.14323
0.209897
0.276563
0.34323
0.409897
0.476563
0.54323
0.609897
0.676563
0.74323
0.809897
0.876563
0.94323
1.0099
1.07656
1.14323
1.2099
1.27656
1.34323
1.4099
1.47656
1.54323
1.66888
1.66888
1.66888
1.66888
1.66888
1.66888
1.92544
1.92544
1.92544
1.92544
1.92544
1.92544
1.92544
2.10904
2.29264
2.47624
2.47624
2.47624
2.29264
2.10904
1.92544
1.74184
1.55825
1.55825
1.49158
1.42491
1.35825
1.29158
1.22491
1.15825
1.09158
1.02491
0.958245
0.891579
0.824912
0.758245
0.691579
0.624912
0.558245
0.491579
0.424912
0.358245
0.291579
0.224912
0.158245
0.0915785
0.0249119
-0.0417548
-0.108421
-0.175088
-0.241755
-0.308421
-0.375088
-0.441755
-0.508421
-0.575088
-0.641755
-0.708421
-0.775088
-0.841755
-0.908421
-0.975088
-1.04175
-1.10842
-1.17509
-1.24175
-1.30842
-1.37509
-1.44175
-1.50842
-1.55519
-1.55519
-1.55519
-1.62185
-1.68852
-1.75519
-1.82185
-1.88852
-1.95519
-2.02185
-2.08852
-2.15519
-2.22185
-2.28852
-2.35519
-2.42185
-2.48852
-2.55519
-2.62185
-2.68852
-2.75519
-2.82185
-2.88852
-2.95519
-3.02185
-3.08852
3.128
3.06133
2.99467
2.928
2.86133
2.79467
2.728
2.66133
2.59467
2.528
2.46133
2.39467
2.328
2.26133
2.19467
2.128
2.06133
1.99467
1.928
1.86133
1.79467
1.67639
1.67639
1.67639
1.67639
1.67639
1.67639
1.92544
1.92544
1.92544
1.92544
1.92544
1.92544
1.99211
2.05878
2.12544
2.16616
2.16616
2.16616
2.16616
2.16616
2.16616
2.16616
2.16616
2.16616
2.16616
2.16616
2.16616
2.16616
2.16616
2.16616
2.09949
2.03283
1.96616
1.89949
1.83283
1.76616
1.68285
1.68285
1.68285
1.68285
1.68285
1.68285
1.82177
1.82177
1.82177
1.82177
1.82177
1.82177
1.63818
1.45458
1.27098
1.27098
1.27098
1.45458
1.63818
1.82177
1.75511
1.68844
1.62177
1.55511
1.48844
1.42177
1.35511
1.28844
1.22177
1.15511
1.08844
1.02177
0.955108
0.888441
0.821775
0.755108
0.688441
0.621775
0.555108
0.488441
0.421775
0.355108
0.288441
0.221775
0.155108
0.0884413
0.0217747
-0.044892
-0.111559
-0.178225
-0.244892
-0.311559
-0.378225
-0.444892
-0.511559
-0.578225
-0.644892
-0.711559
-0.778225
-0.844892
-0.911559
-0.978225
-1.04489
-1.11156
-1.17823
-1.18911
-1.18911
-1.18911
-1.18911
-1.18911
-1.18911
-1.18911
-1.18911
-1.25577
-1.32244
-1.38911
-1.45577
-1.52244
-1.58911
-1.65577
-1.72244
-1.78911
-1.85577
-1.92244
-1.98911
-2.05577
-2.12244
-2.18911
-2.25577
-2.32244
-2.38911
-2.45577
-2.52244
-2.58911
-2.65577
-2.72244
-2.78911
-2.85577
-2.92244
-2.98911
-3.05577
-3.12244
3.09408
3.02741
2.96075
2.89408
2.82741
2.76075
2.69408
2.62741
2.56075
2.49408
2.42741
2.36075
2.29408
2.22741
2.16075
2.04445
2.04445
2.04445
2.04445
2.04445
2.04445
1.85179
1.85179
1.85179
1.85179
1.85179
1.85179
1.85179
1.66819
1.4846
1.301
1.301
1.301
1.4846
1.4846
1.66819
1.85179
1.78513
1.71846
1.65179
1.58513
1.51846
1.45179
1.38513
1.31846
1.25179
1.18513
1.11846
1.05179
0.985128
0.918461
0.851794
0.785128
0.718461
0.651794
0.585128
0.518461
0.451794
0.385128
0.318461
0.251794
0.185128
0.118461
0.0517943
-0.0148723
-0.081539
-0.148206
-0.214872
-0.281539
-0.348206
-0.414872
-0.481539
-0.548206
-0.614872
-0.681539
-0.748206
-0.814872
-0.881539
-0.948206
-1.01487
-1.08154
-1.14821
-1.14832
-1.14832
-1.14832
-1.14832
-1.14832
-1.14832
-1.21498
-1.28165
-1.34832
-1.41498
-1.48165
-1.54832
-1.61498
-1.68165
-1.74832
-1.81498
-1.88165
-1.94832
-2.01498
-2.08165
-2.14832
-2.21498
-2.28165
-2.34832
-2.41498
-2.48165
-2.54832
-2.61498
-2.68165
-2.74832
-2.81498
-2.88165
-2.94832
-3.01498
-3.08165
3.13487
3.0682
3.00154
2.93487
2.8682
2.80154
2.73487
2.6682
2.60154
2.53487
2.4682
2.40154
2.33487
2.2682
2.20154
2.13487
2.04445
2.04445
2.04445
2.04445
2.04445
2.04445
1.87379
1.87379
1.87379
1.87379
1.87379
1.87379
1.87379
1.69019
1.69019
1.69019
1.50659
1.50659
1.50659
1.50659
1.50659
1.50659
1.50659
1.69019
1.87379
1.80712
1.74045
1.67379
1.60712
1.54045
1.47379
1.40712
1.34045
1.27379
1.20712
1.14045
1.07379
1.00712
0.940452
0.873785
0.807119
0.740452
0.673785
0.607119
0.540452
0.473785
0.407119
0.340452
0.273785
0.207119
0.140452
0.0737855
0.00711882
-0.0595478
-0.126215
-0.192881
-0.259548
-0.326215
-0.392881
-0.459548
-0.526215
-0.592881
-0.659548
-0.726215
-0.792881
-0.859548
-0.926215
-0.992881
-1.05955
-1.11545
-1.11545
-1.11545
-1.11545
-1.11545
-1.11545
-1.18211
-1.24878
-1.31545
-1.38211
-1.44878
-1.51545
-1.58211
-1.64878
-1.71545
-1.78211
-1.84878
-1.91545
-1.98211
-2.04878
-2.11545
-2.18211
-2.24878
-2.31545
-2.38211
-2.44878
-2.51545
-2.58211
-2.64878
-2.71545
-2.78211
-2.84878
-2.91545
-2.98211
-3.04878
-3.11545
3.10107
3.03441
2.96774
2.90107
2.83441
2.76774
2.70107
2.63441
2.56774
2.50107
2.43441
2.36774
2.30107
2.23441
2.16774
2.04445
2.04445
2.04445
2.04445
2.04445
2.04445
1.88932
1.88932
1.88932
1.88932
1.88932
1.88932
1.82265
1.75599
1.68932
1.62265
1.55599
1.48932
1.42265
1.40916
1.40916
1.40916
1.40916
1.40916
1.40916
1.40916
1.40916
1.40916
1.40916
1.40916
1.47583
1.5425
1.60916
1.67583
1.7425
1.80916
1.87583
1.9425
2.04445
2.04445
2.04445
2.04445
2.04445
2.04445
1.87225
1.87225
1.87225
1.87225
1.87225
1.87225
1.87225
2.05585
2.23945
2.23945
2.05585
1.87225
1.68865
1.50505
1.43839
1.37172
1.30505
1.23839
1.17172
1.10505
1.03839
0.971721
0.905054
0.838388
0.771721
0.705054
0.638388
0.571721
0.505054
0.438388
0.371721
0.305054
0.238388
0.171721
0.105054
0.0383877
-0.028279
-0.0949456
-0.161612
-0.228279
-0.294946
-0.361612
-0.428279
-0.494946
-0.561612
-0.628279
-0.694946
-0.761612
-0.828279
-0.894946
-0.961612
-1.02828
-1.09495
-1.16161
-1.22828
-1.29495
-1.36161
-1.42828
-1.49495
-1.56161
-1.57532
-1.57532
-1.57532
-1.57532
-1.57532
-1.57532
-1.57532
-1.64198
-1.70865
-1.77532
-1.84198
-1.90865
-1.97532
-2.04198
-2.10865
-2.17532
-2.24198
-2.30865
-2.37532
-2.44198
-2.50865
-2.57532
-2.64198
-2.70865
-2.77532
-2.84198
-2.90865
-2.97532
-3.04198
-3.10865
3.10787
3.0412
2.97453
2.90787
2.8412
2.77453
2.70787
2.6412
2.57453
2.50787
2.4412
2.37453
2.30787
2.2412
2.17453
2.10787
2.0412
1.97453
1.90787
1.8412
1.77453
1.70787
1.6412
1.57394
1.57394
1.57394
1.57394
1.57394
1.57394
1.87225
1.87225
1.87225
1.87225
1.87225
1.87225
1.87225
2.05585
2.23945
2.23945
2.05585
1.87225
1.68865
1.50505
1.43839
1.37172
1.30505
1.23839
1.17172
1.10505
1.03839
0.971721
0.905054
0.838388
0.771721
0.705054
0.638388
0.571721
0.505054
0.438388
0.371721
0.305054
0.238388
0.171721
0.105054
0.0383877
-0.028279
-0.0949456
-0.161612
-0.228279
-0.294946
-0.361612
-0.428279
-0.494946
-0.561612
-0.628279
-0.694946
-0.761612
-0.828279
-0.894946
-0.961612
-1.02828
-1.09495
-1.16161
-1.22828
-1.29495
-1.36161
-1.42828
-1.49495
-1.56161
-1.58668
-1.58668
-1.65335
-1.72002
-1.78668
-1.85335
-1.92002
-1.98668
-2.05335
-2.12002
-2.18668
-2.25335
-2.32002
-2.38668
-2.45335
-2.52002
-2.58668
-2.65335
-2.72002
-2.78668
-2.85335
-2.92002
-2.98668
-3.05335
-3.12002
3.0965
3.02984
2.96317
2.8965
2.82984
2.76317
2.6965
2.62984
2.56317
2.4965
2.42984
2.36317
2.2965
2.22984
2.16317
2.0965
2.02984
1.96317
1.8965
1.82984
1.76317
1.6965
1.58738
1.58738
1.58738
1.58738
1.58738
1.58738
1.87225
1.87225
1.87225
1.87225
1.87225
1.87225
1.93892
1.95464
1.95464
1.95464
1.95464
1.95464
1.95464
1.95464
1.95464
1.95464
1.95464
1.95464
1.95464
1.95464
1.95464
1.88797
1.82131
1.75464
1.68797
1.60308
1.60308
1.60308
1.60308
1.60308
1.60308
1.74289
1.74289
1.74289
1.74289
1.74289
1.74289
1.74289
1.74289
1.74289
1.74289
1.74289
1.55929
1.55929
1.55929
1.55929
1.55929
1.55929
1.55929
1.62595
1.69262
1.7554
1.7554
1.7554
1.7554
1.7554
1.7554
1.7554
1.7554
1.7554
1.7554
1.7554
1.7554
1.7554
1.7554
1.7554
1.7554
1.7554
1.7554
1.7554
1.7554
1.7554
1.7554
1.7554
1.7554
1.7554
1.7554
1.7554
1.7554
1.7554
1.7554
1.7554
1.7554
1.7554
1.7554
1.7554
1.7554
1.7554
1.7554
1.7554
1.7554
1.7554
1.81189
1.81189
1.81189
1.81189
1.81189
1.81189
