[2025-04-17 16:44:06.381] [predicting] [info] 本地仿真环境日志
[2025-04-17 16:44:18.085] [predicting] [info] start_point.x =202.61729921925314
[2025-04-17 16:44:18.085] [predicting] [info] start_point.y =-685.9253983875062
[2025-04-17 16:44:18.085] [predicting] [info] start_point.yaw =83.86313217673506
[2025-04-17 16:44:18.085] [predicting] [info] Enter PredictingIntface 
[2025-04-17 16:44:18.085] [predicting] [info] referenceline_relation_.size():48
[2025-04-17 16:44:18.085] [predicting] [info] all_referencelines_.size():51
[2025-04-17 16:44:18.086] [predicting] [info] 进入 PreddictPath 函数
[2025-04-17 16:44:18.086] [predicting] [info] 进入 findCurrentRoad 函数
[2025-04-17 16:44:18.087] [predicting] [info] 当前路径id:7 最近距离：627.2782708427509 角度差：15.016867823264937 最近点纵向距离：588.3360240202603
[2025-04-17 16:44:18.087] [predicting] [info] 当前路径id:8 最近距离：642.5897671503745 角度差：47.06686782326498 最近点纵向距离：623.8161735668959
[2025-04-17 16:44:18.088] [predicting] [info] 当前路径id:30 最近距离：642.5897670692655 角度差：47.49686782326496 最近点纵向距离：622.6414231403178
[2025-04-17 16:44:18.088] [predicting] [info] 当前路径id:52 最近距离：566.7158155569256 角度差：218.87686782326494 最近点纵向距离：188.41418936022808
[2025-04-17 16:44:18.088] [predicting] [info] 当前路径id:53 最近距离：498.0534500548028 角度差：57.563132176735074 最近点纵向距离：496.01547918917663
[2025-04-17 16:44:18.088] [predicting] [info] 当前路径id:54 最近距离：79.27905704735709 角度差：32.463132176735066 最近点纵向距离：1.3601378862452904
[2025-04-17 16:44:18.088] [predicting] [info] 当前路径id:56 最近距离：582.1175610552232 角度差：43.006867823264926 最近点纵向距离：576.9809553269727
[2025-04-17 16:44:18.088] [predicting] [info] 当前路径id:57 最近距离：578.524666461118 角度差：229.7568678232649 最近点纵向距离：562.5714518841324
[2025-04-17 16:44:18.088] [predicting] [info] 当前路径id:59 最近距离：503.20856100561633 角度差：121.30686782326495 最近点纵向距离：501.4324294792924
[2025-04-17 16:44:18.088] [predicting] [info] 当前路径id:60 最近距离：560.646335420344 角度差：35.186867823264954 最近点纵向距离：154.20468925043735
[2025-04-17 16:44:18.088] [predicting] [info] 当前路径id:66 最近距离：421.7701341933479 角度差：248.05686782326492 最近点纵向距离：285.29599365542083
[2025-04-17 16:44:18.088] [predicting] [info] 当前路径id:68 最近距离：85.95045198421471 角度差：145.44686782326497 最近点纵向距离：1.256025663320635
[2025-04-17 16:44:18.088] [predicting] [info] 当前路径id:69 最近距离：367.96598729353735 角度差：231.00686782326494 最近点纵向距离：272.8256237278637
[2025-04-17 16:44:18.088] [predicting] [info] 当前路径id:70 最近距离：334.72749996961335 角度差：136.2568678232649 最近点纵向距离：206.74325906250877
[2025-04-17 16:44:18.088] [predicting] [info] 当前路径id:71 最近距离：328.7301709084143 角度差：135.30686782326492 最近点纵向距离：201.8236608055454
[2025-04-17 16:44:18.088] [predicting] [info] 当前路径id:72 最近距离：323.00432406292265 角度差：135.28686782326494 最近点纵向距离：201.29677642475446
[2025-04-17 16:44:18.088] [predicting] [info] 当前路径id:73 最近距离：301.27153524778146 角度差：135.70686782326496 最近点纵向距离：202.2156921524192
[2025-04-17 16:44:18.088] [predicting] [info] 当前路径id:74 最近距离：306.68455500056746 角度差：136.88686782326494 最近点纵向距离：207.25419266975177
[2025-04-17 16:44:18.088] [predicting] [info] 当前路径id:75 最近距离：312.2767759715288 角度差：136.91686782326494 最近点纵向距离：207.77596988259432
[2025-04-17 16:44:18.088] [predicting] [info] 当前路径id:76 最近距离：301.27153524778146 角度差：133.90686782326492 最近点纵向距离：195.10115264108856
[2025-04-17 16:44:18.088] [predicting] [info] 当前路径id:77 最近距离：306.68455500056746 角度差：133.78686782326494 最近点纵向距离：194.72609514329764
[2025-04-17 16:44:18.088] [predicting] [info] 当前路径id:78 最近距离：312.2767759715288 角度差：133.38686782326494 最近点纵向距离：193.02815695438534
[2025-04-17 16:44:18.088] [predicting] [info] 当前路径id:79 最近距离：317.63216836408293 角度差：134.32686782326496 最近点纵向距离：196.74349091457765
[2025-04-17 16:44:18.088] [predicting] [info] 当前路径id:80 最近距离：317.63216836408293 角度差：136.67686782326496 最近点纵向距离：206.8028672059526
[2025-04-17 16:44:18.088] [predicting] [info] 当前路径id:81 最近距离：328.7301709084143 角度差：134.06686782326497 最近点纵向距离：196.1611122745338
[2025-04-17 16:44:18.088] [predicting] [info] 当前路径id:82 最近距离：334.72749996961335 角度差：133.86686782326493 最近点纵向距离：195.58562419435603
[2025-04-17 16:44:18.088] [predicting] [info] 当前路径id:83 最近距离：323.00432406292265 角度差：133.41686782326494 最近点纵向距离：192.9464652422484
[2025-04-17 16:44:18.088] [predicting] [info] 当前路径id:84 最近距离：265.10612018676954 角度差：187.42686782326493 最近点纵向距离：262.8966915892213
[2025-04-17 16:44:18.088] [predicting] [info] 当前路径id:85 最近距离：313.8190656044856 角度差：134.80686782326492 最近点纵向距离：187.991802107324
[2025-04-17 16:44:18.088] [predicting] [info] 当前路径id:86 最近距离：313.8190656044856 角度差：135.18686782326498 最近点纵向距离：189.65420541982414
[2025-04-17 16:44:18.088] [predicting] [info] 当前路径id:87 最近距离：313.8190656044856 角度差：135.32686782326493 最近点纵向距离：190.26457077503085
[2025-04-17 16:44:18.088] [predicting] [info] 当前路径id:88 最近距离：313.8190656044856 角度差：133.53686782326494 最近点纵向距离：182.37629242444132
[2025-04-17 16:44:18.088] [predicting] [info] 当前路径id:89 最近距离：313.8190656044856 角度差：133.19686782326497 最近点纵向距离：180.85760752580805
[2025-04-17 16:44:18.089] [predicting] [info] 当前路径id:90 最近距离：313.8190656044856 角度差：132.88686782326494 最近点纵向距离：179.46737232007294
[2025-04-17 16:44:18.089] [predicting] [info] 当前路径id:91 最近距离：311.3639313998647 角度差：92.86686782326493 最近点纵向距离：0.04113833257201449
[2025-04-17 16:44:18.089] [predicting] [info] 当前路径id:92 最近距离：503.20856105471984 角度差：122.66686782326491 最近点纵向距离：500.28859872064936
[2025-04-17 16:44:18.089] [predicting] [info] 当前路径id:93 最近距离：498.05345010130844 角度差：57.18313217673506 最近点纵向距离：495.7060559608099
[2025-04-17 16:44:18.089] [predicting] [info] 当前路径id:99 最近距离：761.1300624043878 角度差：20.466867823264955 最近点纵向距离：150.19220025414722
[2025-04-17 16:44:18.089] [predicting] [info] 当前路径id:102 最近距离：254.7301249444986 角度差：196.47686782326497 最近点纵向距离：253.0179572120954
[2025-04-17 16:44:18.089] [predicting] [info] 当前路径id:103 最近距离：398.4151358819346 角度差：60.386867823264964 最近点纵向距离：289.6512077891155
[2025-04-17 16:44:18.089] [predicting] [info] 当前路径id:105 最近距离：336.4049033355251 角度差：24.546867823264954 最近点纵向距离：329.20548808260594
[2025-04-17 16:44:18.089] [predicting] [info] 当前路径id:107 最近距离：35.587341659393715 角度差：159.8068678232649 最近点纵向距离：0.45602075200319625
[2025-04-17 16:44:18.089] [predicting] [info] 当前路径id:108 最近距离：6.757262092408036 角度差：8.096867823264935 最近点纵向距离：6.173259704312151
[2025-04-17 16:44:18.089] [predicting] [info] 当前路径id:109 最近距离：27.9428532389845 角度差：49.34313217673508 最近点纵向距离：25.27923315954229
[2025-04-17 16:44:18.089] [predicting] [info] 当前路径id:117 最近距离：255.49213807382688 角度差：17.42686782326494 最近点纵向距离：252.39614474412792
[2025-04-17 16:44:18.089] [predicting] [info] 当前路径id:119 最近距离：265.10612018676954 角度差：187.9168678232649 最近点纵向距离：263.1791741294394
[2025-04-17 16:44:18.090] [predicting] [info] 当前路径id:121 最近距离：337.77209564182516 角度差：206.11686782326495 最近点纵向距离：330.3829105633417
[2025-04-17 16:44:18.090] [predicting] [info] 当前路径id:122 最近距离：254.7301249444986 角度差：196.68686782326492 最近点纵向距离：252.90819076567655
[2025-04-17 16:44:18.090] [predicting] [info] 当前路径id:126 最近距离：769.5396280976826 角度差：201.49686782326495 最近点纵向距离：172.16377878908415
[2025-04-17 16:44:18.090] [predicting] [info] 当前路径id:127 最近距离：336.4049033355251 角度差：25.146867823264945 最近点纵向距离：328.4625354683645
[2025-04-17 16:44:18.090] [predicting] [info] 当前路径id:129 最近距离：2.5645923206176264 角度差：5.386867823264951 最近点纵向距离：0.23939568376700077
[2025-04-17 16:44:18.090] [predicting] [info] validRoads.size():1
[2025-04-17 16:44:18.090] [predicting] [info] currentRoads.size():1 
[2025-04-17 16:44:18.090] [predicting] [info] roadMap.size():51
[2025-04-17 16:44:18.090] [predicting] [info] id:7 following_road.size():1
[2025-04-17 16:44:18.090] [predicting] [info] id:8 following_road.size():1
[2025-04-17 16:44:18.090] [predicting] [info] id:30 following_road.size():1
[2025-04-17 16:44:18.090] [predicting] [info] id:52 following_road.size():1
[2025-04-17 16:44:18.090] [predicting] [info] id:53 following_road.size():1
[2025-04-17 16:44:18.090] [predicting] [info] id:54 following_road.size():2
[2025-04-17 16:44:18.090] [predicting] [info] id:56 following_road.size():1
[2025-04-17 16:44:18.090] [predicting] [info] id:57 following_road.size():1
[2025-04-17 16:44:18.090] [predicting] [info] id:59 following_road.size():1
[2025-04-17 16:44:18.091] [predicting] [info] id:66 following_road.size():2
[2025-04-17 16:44:18.091] [predicting] [info] id:68 following_road.size():2
[2025-04-17 16:44:18.091] [predicting] [info] id:69 following_road.size():7
[2025-04-17 16:44:18.091] [predicting] [info] id:70 following_road.size():1
[2025-04-17 16:44:18.091] [predicting] [info] id:71 following_road.size():1
[2025-04-17 16:44:18.091] [predicting] [info] id:72 following_road.size():1
[2025-04-17 16:44:18.091] [predicting] [info] id:73 following_road.size():1
[2025-04-17 16:44:18.091] [predicting] [info] id:74 following_road.size():1
[2025-04-17 16:44:18.091] [predicting] [info] id:75 following_road.size():1
[2025-04-17 16:44:18.091] [predicting] [info] id:76 following_road.size():1
[2025-04-17 16:44:18.091] [predicting] [info] id:77 following_road.size():1
[2025-04-17 16:44:18.091] [predicting] [info] id:78 following_road.size():1
[2025-04-17 16:44:18.091] [predicting] [info] id:79 following_road.size():1
[2025-04-17 16:44:18.091] [predicting] [info] id:80 following_road.size():1
[2025-04-17 16:44:18.091] [predicting] [info] id:81 following_road.size():1
[2025-04-17 16:44:18.091] [predicting] [info] id:82 following_road.size():1
[2025-04-17 16:44:18.091] [predicting] [info] id:83 following_road.size():1
[2025-04-17 16:44:18.091] [predicting] [info] id:84 following_road.size():1
[2025-04-17 16:44:18.091] [predicting] [info] id:85 following_road.size():2
[2025-04-17 16:44:18.091] [predicting] [info] id:86 following_road.size():2
[2025-04-17 16:44:18.091] [predicting] [info] id:87 following_road.size():2
[2025-04-17 16:44:18.091] [predicting] [info] id:88 following_road.size():2
[2025-04-17 16:44:18.091] [predicting] [info] id:89 following_road.size():2
[2025-04-17 16:44:18.091] [predicting] [info] id:90 following_road.size():2
[2025-04-17 16:44:18.091] [predicting] [info] id:91 following_road.size():2
[2025-04-17 16:44:18.091] [predicting] [info] id:92 following_road.size():1
[2025-04-17 16:44:18.091] [predicting] [info] id:93 following_road.size():1
[2025-04-17 16:44:18.091] [predicting] [info] id:102 following_road.size():1
[2025-04-17 16:44:18.091] [predicting] [info] id:103 following_road.size():1
[2025-04-17 16:44:18.091] [predicting] [info] id:105 following_road.size():1
[2025-04-17 16:44:18.091] [predicting] [info] id:107 following_road.size():1
[2025-04-17 16:44:18.091] [predicting] [info] id:108 following_road.size():1
[2025-04-17 16:44:18.091] [predicting] [info] id:117 following_road.size():2
[2025-04-17 16:44:18.091] [predicting] [info] id:119 following_road.size():1
[2025-04-17 16:44:18.091] [predicting] [info] id:121 following_road.size():2
[2025-04-17 16:44:18.091] [predicting] [info] id:122 following_road.size():1
[2025-04-17 16:44:18.091] [predicting] [info] id:126 following_road.size():1
[2025-04-17 16:44:18.091] [predicting] [info] id:127 following_road.size():7
[2025-04-17 16:44:18.091] [predicting] [info] id:129 following_road.size():1
[2025-04-17 16:44:18.091] [predicting] [info] roadMap.size():51
[2025-04-17 16:44:18.092] [predicting] [info] road_map_.size():51 
[2025-04-17 16:44:18.092] [predicting] [info] 更新road_map_信息,id:129,截断的位置：45 路段总长：52 更新后的路径:7
[2025-04-17 16:44:18.092] [predicting] [info] 更新road_map_信息完毕
[2025-04-17 16:44:18.092] [predicting] [info] 进入 findPathsToLeafRoads 函数
[2025-04-17 16:44:18.092] [predicting] [info] dfs函数内部，当前push_back的路段id:129
[2025-04-17 16:44:18.092] [predicting] [info] dfs函数内部，当前push_back的路段id:108
[2025-04-17 16:44:18.092] [predicting] [info] dfs函数内部，当前探索到的路id为 108,已经满足 100 阈值
[2025-04-17 16:44:18.092] [predicting] [info] temp_road_nodes.size():1
[2025-04-17 16:44:18.092] [predicting] [info] final_result.size():1
[2025-04-17 16:44:18.092] [predicting] [info] nearest_index:45
[2025-04-17 16:44:18.092] [predicting] [info] 当前推入的路径大小:100 path.size():1
[2025-04-17 16:44:24.983] [predicting] [info] start_point.x =202.30257143605002
[2025-04-17 16:44:24.983] [predicting] [info] start_point.y =-551.4326005359437
[2025-04-17 16:44:24.983] [predicting] [info] start_point.yaw =80.56499092088681
[2025-04-17 16:44:24.983] [predicting] [info] Enter PredictingIntface 
[2025-04-17 16:44:24.984] [predicting] [info] referenceline_relation_.size():48
[2025-04-17 16:44:24.984] [predicting] [info] all_referencelines_.size():51
[2025-04-17 16:44:24.984] [predicting] [info] 进入 PreddictPath 函数
[2025-04-17 16:44:24.984] [predicting] [info] 进入 findCurrentRoad 函数
[2025-04-17 16:44:24.984] [predicting] [info] 当前路径id:7 最近距离：513.8589948274843 角度差：18.315009079113185 最近点纵向距离：455.4066993229798
[2025-04-17 16:44:24.984] [predicting] [info] 当前路径id:8 最近距离：526.1951235202142 角度差：50.36500907911319 最近点纵向距离：521.9992570321302
[2025-04-17 16:44:24.984] [predicting] [info] 当前路径id:30 最近距离：526.1951234762514 角度差：50.79500907911319 最近点纵向距离：521.4868499166578
[2025-04-17 16:44:24.984] [predicting] [info] 当前路径id:52 最近距离：611.5815591421058 角度差：222.17500907911318 最近点纵向距离：75.11758911049313
[2025-04-17 16:44:24.984] [predicting] [info] 当前路径id:53 最近距离：560.4591446805903 角度差：54.26499092088683 最近点纵向距离：555.3232141036378
[2025-04-17 16:44:24.984] [predicting] [info] 当前路径id:54 最近距离：37.76851770168996 角度差：3.0050090791131696 最近点纵向距离：0.1826860137586488
[2025-04-17 16:44:24.984] [predicting] [info] 当前路径id:56 最近距离：469.20950966389967 角度差：46.30500907911318 最近点纵向距离：469.1980240823191
[2025-04-17 16:44:24.984] [predicting] [info] 当前路径id:57 最近距离：466.91699567442186 角度差：233.05500907911315 最近点纵向距离：464.9908115323507
[2025-04-17 16:44:24.984] [predicting] [info] 当前路径id:59 最近距离：563.9956624448245 角度差：124.60500907911317 最近点纵向距离：558.3481073242278
[2025-04-17 16:44:24.984] [predicting] [info] 当前路径id:60 最近距离：605.1538419472437 角度差：38.485009079113176 最近点纵向距离：36.47876005195903
[2025-04-17 16:44:24.984] [predicting] [info] 当前路径id:66 最近距离：293.3737357340695 角度差：251.3550090791132 最近点纵向距离：221.71202329693776
[2025-04-17 16:44:24.984] [predicting] [info] 当前路径id:68 最近距离：44.08529069468902 角度差：182.68500907911314 最近点纵向距离：0.3988212219614713
[2025-04-17 16:44:24.984] [predicting] [info] 当前路径id:69 最近距离：233.68931327569283 角度差：234.30500907911318 最近点纵向距离：177.28728188509527
[2025-04-17 16:44:24.984] [predicting] [info] 当前路径id:70 最近距离：200.3504079325403 角度差：139.55500907911318 最近点纵向距离：120.31803580560462
[2025-04-17 16:44:24.984] [predicting] [info] 当前路径id:71 最近距离：194.28367198124036 角度差：138.60500907911316 最近点纵向距离：117.11885569165344
[2025-04-17 16:44:24.984] [predicting] [info] 当前路径id:72 最近距离：188.51876728687424 角度差：138.58500907911318 最近点纵向距离：116.62844258949444
[2025-04-17 16:44:24.984] [predicting] [info] 当前路径id:73 最近距离：167.0527454277225 角度差：139.0050090791132 最近点纵向距离：116.78363478202883
[2025-04-17 16:44:24.984] [predicting] [info] 当前路径id:74 最近距离：172.32297443511166 角度差：140.1850090791132 最近点纵向距离：119.70113398431437
[2025-04-17 16:44:24.984] [predicting] [info] 当前路径id:75 最近距离：177.82433055546747 角度差：140.2150090791132 最近点纵向距离：120.16946770578637
[2025-04-17 16:44:24.985] [predicting] [info] 当前路径id:76 最近距离：167.0527454277225 角度差：137.20500907911318 最近点纵向距离：112.97400709709261
[2025-04-17 16:44:24.985] [predicting] [info] 当前路径id:77 最近距离：172.32297443511166 角度差：137.08500907911318 最近点纵向距离：112.82219535985537
[2025-04-17 16:44:24.985] [predicting] [info] 当前路径id:78 最近距离：177.82433055546747 角度差：136.68500907911317 最近点纵向距离：111.87099892544924
[2025-04-17 16:44:24.985] [predicting] [info] 当前路径id:79 最近距离：183.14067366872516 角度差：137.62500907911317 最近点纵向距离：113.83782858829332
[2025-04-17 16:44:24.985] [predicting] [info] 当前路径id:80 最近距离：183.14067366872516 角度差：139.9750090791132 最近点纵向距离：119.62458422747034
[2025-04-17 16:44:24.985] [predicting] [info] 当前路径id:81 最近距离：194.28367198124036 角度差：137.36500907911318 最近点纵向距离：113.736866274135
[2025-04-17 16:44:24.985] [predicting] [info] 当前路径id:82 最近距离：200.3504079325403 角度差：137.16500907911313 最近点纵向距离：113.53285392444425
[2025-04-17 16:44:24.985] [predicting] [info] 当前路径id:83 最近距离：188.51876728687424 角度差：136.71500907911317 最近点纵向距离：111.73316392228715
[2025-04-17 16:44:24.985] [predicting] [info] 当前路径id:84 最近距离：133.61803278100066 角度差：190.7250090791132 最近点纵向距离：128.4308950106943
[2025-04-17 16:44:24.985] [predicting] [info] 当前路径id:85 最近距离：179.43369100647527 角度差：138.10500907911316 最近点纵向距离：104.2018636933669
[2025-04-17 16:44:24.985] [predicting] [info] 当前路径id:86 最近距离：179.43369100647527 角度差：138.4850090791132 最近点纵向距离：105.16838263749665
[2025-04-17 16:44:24.985] [predicting] [info] 当前路径id:87 最近距离：179.43369100647527 角度差：138.62500907911314 最近点纵向距离：105.52330470353046
[2025-04-17 16:44:24.985] [predicting] [info] 当前路径id:88 最近距离：179.43369100647527 角度差：136.8350090791132 最近点纵向距离：100.93864074507955
[2025-04-17 16:44:24.985] [predicting] [info] 当前路径id:89 最近距离：179.43369100647527 角度差：136.49500907911317 最近点纵向距离：100.05653972476289
[2025-04-17 16:44:24.985] [predicting] [info] 当前路径id:90 最近距离：179.43369100647527 角度差：136.18500907911314 最近点纵向距离：99.24919960215779
[2025-04-17 16:44:24.985] [predicting] [info] 当前路径id:91 最近距离：177.24098895848638 角度差：92.72500907911316 最近点纵向距离：4.611977395734275
[2025-04-17 16:44:24.985] [predicting] [info] 当前路径id:92 最近距离：563.9956623895818 角度差：125.96500907911316 最近点纵向距离：560.0804171466079
[2025-04-17 16:44:24.985] [predicting] [info] 当前路径id:93 最近距离：560.4591446230291 角度差：53.8849909208868 最近点纵向距离：555.8130624235769
[2025-04-17 16:44:24.985] [predicting] [info] 当前路径id:99 最近距离：779.3989584459779 角度差：23.765009079113174 最近点纵向距离：19.806077848558914
[2025-04-17 16:44:24.985] [predicting] [info] 当前路径id:102 最近距离：120.78525898501613 角度差：199.7750090791132 最近点纵向距离：120.65283614895392
[2025-04-17 16:44:24.985] [predicting] [info] 当前路径id:103 最近距离：267.46271442756864 角度差：63.685009079113186 最近点纵向距离：210.81841073344785
[2025-04-17 16:44:24.986] [predicting] [info] 当前路径id:105 最近距离：203.30382936935283 角度差：27.845009079113176 最近点纵向距离：201.4965141265967
[2025-04-17 16:44:24.986] [predicting] [info] 当前路径id:107 最近距离：5.268933552197965 角度差：187.73500907911318 最近点纵向距离：0.3292241688903097
[2025-04-17 16:44:24.986] [predicting] [info] 当前路径id:108 最近距离：1.5035066035817999 角度差：6.3650090791131895 最近点纵向距离：0.19977832252186217
[2025-04-17 16:44:24.986] [predicting] [info] 当前路径id:109 最近距离：136.4646351155417 角度差：162.9450090791132 最近点纵向距离：134.23319528805405
[2025-04-17 16:44:24.986] [predicting] [info] 当前路径id:117 最近距离：121.21331395370947 角度差：20.725009079113185 最近点纵向距离：120.44432235512569
[2025-04-17 16:44:24.986] [predicting] [info] 当前路径id:119 最近距离：133.61803278100066 角度差：191.21500907911314 最近点纵向距离：128.74149787718494
[2025-04-17 16:44:24.986] [predicting] [info] 当前路径id:121 最近距离：205.35683172597106 角度差：209.4150090791132 最近点纵向距离：203.8774318077521
[2025-04-17 16:44:24.986] [predicting] [info] 当前路径id:122 最近距离：120.78525898501613 角度差：199.98500907911318 最近点纵向距离：120.63130143955571
[2025-04-17 16:44:24.986] [predicting] [info] 当前路径id:126 最近距离：786.4985500366093 角度差：204.79500907911319 最近点纵向距离：42.39162200011006
[2025-04-17 16:44:24.986] [predicting] [info] 当前路径id:127 最近距离：203.30382936935283 角度差：28.445009079113163 最近点纵向距离：201.2022236710334
[2025-04-17 16:44:24.986] [predicting] [info] 当前路径id:129 最近距离：128.26083097181385 角度差：10.945009079113184 最近点纵向距离：128.25973578588494
[2025-04-17 16:44:24.986] [predicting] [info] validRoads.size():1
[2025-04-17 16:44:24.986] [predicting] [info] currentRoads.size():1 
[2025-04-17 16:44:24.986] [predicting] [info] roadMap.size():51
[2025-04-17 16:44:24.986] [predicting] [info] id:7 following_road.size():1
[2025-04-17 16:44:24.986] [predicting] [info] id:8 following_road.size():1
[2025-04-17 16:44:24.986] [predicting] [info] id:30 following_road.size():1
[2025-04-17 16:44:24.986] [predicting] [info] id:52 following_road.size():1
[2025-04-17 16:44:24.986] [predicting] [info] id:53 following_road.size():1
[2025-04-17 16:44:24.986] [predicting] [info] id:54 following_road.size():2
[2025-04-17 16:44:24.987] [predicting] [info] id:56 following_road.size():1
[2025-04-17 16:44:24.987] [predicting] [info] id:57 following_road.size():1
[2025-04-17 16:44:24.987] [predicting] [info] id:59 following_road.size():1
[2025-04-17 16:44:24.987] [predicting] [info] id:66 following_road.size():2
[2025-04-17 16:44:24.987] [predicting] [info] id:68 following_road.size():2
[2025-04-17 16:44:24.987] [predicting] [info] id:69 following_road.size():7
[2025-04-17 16:44:24.987] [predicting] [info] id:70 following_road.size():1
[2025-04-17 16:44:24.987] [predicting] [info] id:71 following_road.size():1
[2025-04-17 16:44:24.987] [predicting] [info] id:72 following_road.size():1
[2025-04-17 16:44:24.987] [predicting] [info] id:73 following_road.size():1
[2025-04-17 16:44:24.987] [predicting] [info] id:74 following_road.size():1
[2025-04-17 16:44:24.987] [predicting] [info] id:75 following_road.size():1
[2025-04-17 16:44:24.987] [predicting] [info] id:76 following_road.size():1
[2025-04-17 16:44:24.987] [predicting] [info] id:77 following_road.size():1
[2025-04-17 16:44:24.987] [predicting] [info] id:78 following_road.size():1
[2025-04-17 16:44:24.987] [predicting] [info] id:79 following_road.size():1
[2025-04-17 16:44:24.987] [predicting] [info] id:80 following_road.size():1
[2025-04-17 16:44:24.988] [predicting] [info] id:81 following_road.size():1
[2025-04-17 16:44:24.988] [predicting] [info] id:82 following_road.size():1
[2025-04-17 16:44:24.988] [predicting] [info] id:83 following_road.size():1
[2025-04-17 16:44:24.988] [predicting] [info] id:84 following_road.size():1
[2025-04-17 16:44:24.988] [predicting] [info] id:85 following_road.size():2
[2025-04-17 16:44:24.988] [predicting] [info] id:86 following_road.size():2
[2025-04-17 16:44:24.988] [predicting] [info] id:87 following_road.size():2
[2025-04-17 16:44:24.988] [predicting] [info] id:88 following_road.size():2
[2025-04-17 16:44:24.988] [predicting] [info] id:89 following_road.size():2
[2025-04-17 16:44:24.988] [predicting] [info] id:90 following_road.size():2
[2025-04-17 16:44:24.988] [predicting] [info] id:91 following_road.size():2
[2025-04-17 16:44:24.988] [predicting] [info] id:92 following_road.size():1
[2025-04-17 16:44:24.988] [predicting] [info] id:93 following_road.size():1
[2025-04-17 16:44:24.988] [predicting] [info] id:102 following_road.size():1
[2025-04-17 16:44:24.988] [predicting] [info] id:103 following_road.size():1
[2025-04-17 16:44:24.988] [predicting] [info] id:105 following_road.size():1
[2025-04-17 16:44:24.988] [predicting] [info] id:107 following_road.size():1
[2025-04-17 16:44:24.988] [predicting] [info] id:108 following_road.size():1
[2025-04-17 16:44:24.988] [predicting] [info] id:117 following_road.size():2
[2025-04-17 16:44:24.989] [predicting] [info] id:119 following_road.size():1
[2025-04-17 16:44:24.989] [predicting] [info] id:121 following_road.size():2
[2025-04-17 16:44:24.989] [predicting] [info] id:122 following_road.size():1
[2025-04-17 16:44:24.990] [predicting] [info] id:126 following_road.size():1
[2025-04-17 16:44:24.990] [predicting] [info] id:127 following_road.size():7
[2025-04-17 16:44:24.990] [predicting] [info] id:129 following_road.size():1
[2025-04-17 16:44:24.990] [predicting] [info] roadMap.size():51
[2025-04-17 16:44:24.990] [predicting] [info] road_map_.size():51 
[2025-04-17 16:44:24.990] [predicting] [info] 更新road_map_信息,id:108,截断的位置：128 路段总长：251 更新后的路径:123
[2025-04-17 16:44:24.990] [predicting] [info] 更新road_map_信息完毕
[2025-04-17 16:44:24.990] [predicting] [info] 进入 findPathsToLeafRoads 函数
[2025-04-17 16:44:24.991] [predicting] [info] dfs函数内部，当前push_back的路段id:108
[2025-04-17 16:44:24.991] [predicting] [info] dfs函数内部，当前探索到的路id为 108,已经满足 100 阈值
[2025-04-17 16:44:24.991] [predicting] [info] temp_road_nodes.size():1
[2025-04-17 16:44:24.991] [predicting] [info] final_result.size():1
[2025-04-17 16:44:24.991] [predicting] [info] nearest_index:128
[2025-04-17 16:44:24.991] [predicting] [info] 当前推入的路径大小:100 path.size():1
[2025-04-17 16:44:29.284] [predicting] [info] start_point.x =172.08730043995627
[2025-04-17 16:44:29.284] [predicting] [info] start_point.y =-401.6420731921937
[2025-04-17 16:44:29.284] [predicting] [info] start_point.yaw =91.90520181118318
[2025-04-17 16:44:29.284] [predicting] [info] Enter PredictingIntface 
[2025-04-17 16:44:29.284] [predicting] [info] referenceline_relation_.size():48
[2025-04-17 16:44:29.284] [predicting] [info] all_referencelines_.size():51
[2025-04-17 16:44:29.284] [predicting] [info] 进入 PreddictPath 函数
[2025-04-17 16:44:29.285] [predicting] [info] 进入 findCurrentRoad 函数
[2025-04-17 16:44:29.285] [predicting] [info] 当前路径id:7 最近距离：380.9894810994472 角度差：6.974798188816824 最近点纵向距离：302.7473939136403
[2025-04-17 16:44:29.285] [predicting] [info] 当前路径id:8 最近距离：389.1396022777862 角度差：39.02479818881687 最近点纵向距离：389.03580769868074
[2025-04-17 16:44:29.285] [predicting] [info] 当前路径id:30 最近距离：389.1396022825068 角度差：39.45479818881684 最近点纵向距离：389.09229957688206
[2025-04-17 16:44:29.285] [predicting] [info] 当前路径id:52 最近距离：658.8165653795734 角度差：208.59479818881684 最近点纵向距离：0.6471915563699326
[2025-04-17 16:44:29.285] [predicting] [info] 当前路径id:53 最近距离：635.176314360814 角度差：65.60520181118319 最近点纵向距离：594.6035009896586
[2025-04-17 16:44:29.285] [predicting] [info] 当前路径id:54 最近距离：3.1791794940606293 角度差：1.9252018111831573 最近点纵向距离：0.12657444752033825
[2025-04-17 16:44:29.285] [predicting] [info] 当前路径id:56 最近距离：338.34396117929674 角度差：34.964798188816815 最近点纵向距离：331.23655698123224
[2025-04-17 16:44:29.285] [predicting] [info] 当前路径id:57 最近距离：337.9768356780291 角度差：221.71479818881681 最近点纵向距离：335.70811304253107
[2025-04-17 16:44:29.285] [predicting] [info] 当前路径id:59 最近距离：636.9280962731082 角度差：113.26479818881681 最近点纵向距离：594.7085105267638
[2025-04-17 16:44:29.285] [predicting] [info] 当前路径id:60 最近距离：646.7324912056187 角度差：45.66520181118315 最近点纵向距离：582.6876573231482
[2025-04-17 16:44:29.285] [predicting] [info] 当前路径id:66 最近距离：144.96795555800827 角度差：240.01479818881683 最近点纵向距离：124.54636457090784
[2025-04-17 16:44:29.285] [predicting] [info] 当前路径id:68 最近距离：24.181523985050497 角度差：179.88479818881686 最近点纵向距离：21.913509663689958
[2025-04-17 16:44:29.285] [predicting] [info] 当前路径id:69 最近距离：84.28157172965756 角度差：222.96479818881681 最近点纵向距离：49.81244554053184
[2025-04-17 16:44:29.285] [predicting] [info] 当前路径id:70 最近距离：53.71445550804853 角度差：128.21479818881681 最近点纵向距离：46.899940610746896
[2025-04-17 16:44:29.285] [predicting] [info] 当前路径id:71 最近距离：50.01875883084164 角度差：127.26479818881683 最近点纵向距离：45.932798781254945
[2025-04-17 16:44:29.285] [predicting] [info] 当前路径id:72 最近距离：47.27609431504656 角度差：127.24479818881683 最近点纵向距离：45.48958845544762
[2025-04-17 16:44:29.285] [predicting] [info] 当前路径id:73 最近距离：47.19196740041899 角度差：127.66479818881685 最近点纵向距离：44.65535148543345
[2025-04-17 16:44:29.285] [predicting] [info] 当前路径id:74 最近距离：45.75585241536855 角度差：128.8447981888168 最近点纵向距离：44.81393773446305
[2025-04-17 16:44:29.285] [predicting] [info] 当前路径id:75 最近距离：45.26057126433262 角度差：128.8747981888168 最近点纵向距离：45.21253869676084
[2025-04-17 16:44:29.285] [predicting] [info] 当前路径id:76 最近距离：47.19196740041899 角度差：125.8647981888168 最近点纵向距离：45.11276202572139
[2025-04-17 16:44:29.285] [predicting] [info] 当前路径id:77 最近距离：45.75585241536855 角度差：125.74479818881682 最近点纵向距离：45.247847657986256
[2025-04-17 16:44:29.285] [predicting] [info] 当前路径id:78 最近距离：45.26057126433262 角度差：125.34479818881684 最近点纵向距离：45.255109478519515
[2025-04-17 16:44:29.285] [predicting] [info] 当前路径id:79 最近距离：45.524166384174976 角度差：126.28479818881684 最近点纵向距离：44.97479514248509
[2025-04-17 16:44:29.285] [predicting] [info] 当前路径id:80 最近距离：45.524166384174976 角度差：128.63479818881683 最近点纵向距离：45.22609108153075
[2025-04-17 16:44:29.285] [predicting] [info] 当前路径id:81 最近距离：50.01875883084164 角度差：126.02479818881685 最近点纵向距离：45.493554640386634
[2025-04-17 16:44:29.285] [predicting] [info] 当前路径id:82 最近距离：53.71445550804853 角度差：125.82479818881681 最近点纵向距离：45.767208296958046
[2025-04-17 16:44:29.285] [predicting] [info] 当前路径id:83 最近距离：47.27609431504656 角度差：125.37479818881683 最近点纵向距离：45.04527690250295
[2025-04-17 16:44:29.285] [predicting] [info] 当前路径id:84 最近距离：6.274597920955913 角度差：159.42479818881685 最近点纵向距离：0.31101476016704255
[2025-04-17 16:44:29.285] [predicting] [info] 当前路径id:85 最近距离：35.70068122466316 角度差：126.7647981888168 最近点纵向距离：34.198463363609626
[2025-04-17 16:44:29.285] [predicting] [info] 当前路径id:86 最近距离：35.70068122466316 角度差：127.14479818881688 最近点纵向距离：34.265672290944934
[2025-04-17 16:44:29.285] [predicting] [info] 当前路径id:87 最近距离：35.70068122466316 角度差：127.28479818881681 最近点纵向距离：34.29005369058537
[2025-04-17 16:44:29.285] [predicting] [info] 当前路径id:88 最近距离：35.70068122466316 角度差：125.49479818881683 最近点纵向距离：33.96294645981208
[2025-04-17 16:44:29.285] [predicting] [info] 当前路径id:89 最近距离：35.70068122466316 角度差：125.15479818881684 最近点纵向距离：33.897058200918096
[2025-04-17 16:44:29.285] [predicting] [info] 当前路径id:90 最近距离：35.70068122466316 角度差：124.84479818881681 最近点纵向距离：33.835943247054004
[2025-04-17 16:44:29.286] [predicting] [info] 当前路径id:91 最近距离：35.70068122466316 角度差：123.07479818881683 最近点纵向距离：33.468078940757366
[2025-04-17 16:44:29.286] [predicting] [info] 当前路径id:92 最近距离：636.9280961168297 角度差：114.62479818881678 最近点纵向距离：599.9531821304752
[2025-04-17 16:44:29.286] [predicting] [info] 当前路径id:93 最近距离：635.1763142030258 角度差：65.22520181118317 最近点纵向距离：596.0718806040568
[2025-04-17 16:44:29.286] [predicting] [info] 当前路径id:99 最近距离：791.1767134543683 角度差：10.424798188816812 最近点纵向距离：76.16649296440423
[2025-04-17 16:44:29.286] [predicting] [info] 当前路径id:102 最近距离：8.184877693722688 角度差：193.33479818881682 最近点纵向距离：0.04011006574390352
[2025-04-17 16:44:29.286] [predicting] [info] 当前路径id:103 最近距离：115.93203452735317 角度差：52.34479818881685 最近点纵向距离：98.78141741875521
[2025-04-17 16:44:29.286] [predicting] [info] 当前路径id:105 最近距离：50.53458300168334 角度差：16.504798188816842 最近点纵向距离：49.829705255713556
[2025-04-17 16:44:29.286] [predicting] [info] 当前路径id:107 最近距离：33.232036159173326 角度差：188.41479818881677 最近点纵向距离：32.125432372664996
[2025-04-17 16:44:29.286] [predicting] [info] 当前路径id:108 最近距离：35.23652838364172 角度差：9.31479818881683 最近点纵向距离：32.34592748766225
[2025-04-17 16:44:29.286] [predicting] [info] 当前路径id:109 最近距离：280.9978573626593 角度差：151.60479818881686 最近点纵向距离：254.82028018122406
[2025-04-17 16:44:29.286] [predicting] [info] 当前路径id:117 最近距离：10.984139026392942 角度差：20.714798188816836 最近点纵向距离：0.2769645377733805
[2025-04-17 16:44:29.286] [predicting] [info] 当前路径id:119 最近距离：10.370816429350956 角度差：180.8347981888168 最近点纵向距离：0.18462204313475938
[2025-04-17 16:44:29.286] [predicting] [info] 当前路径id:121 最近距离：52.80954647953603 角度差：198.07479818881686 最近点纵向距离：52.778184413406
[2025-04-17 16:44:29.286] [predicting] [info] 当前路径id:122 最近距离：5.033800674114903 角度差：199.91479818881677 最近点纵向距离：0.27256049357724144
[2025-04-17 16:44:29.286] [predicting] [info] 当前路径id:126 最近距离：801.8317492580651 角度差：199.51479818881683 最近点纵向距离：0.40912908454504304
[2025-04-17 16:44:29.286] [predicting] [info] 当前路径id:127 最近距离：50.53458300168334 角度差：17.10479818881683 最近点纵向距离：49.73889511406254
[2025-04-17 16:44:29.286] [predicting] [info] 当前路径id:129 最近距离：279.97903322836225 角度差：0.3952018111831761 最近点纵向距离：278.7944623498981
[2025-04-17 16:44:29.286] [predicting] [info] validRoads.size():2
[2025-04-17 16:44:29.286] [predicting] [info] currentRoads.size():2 
[2025-04-17 16:44:29.286] [predicting] [info] roadMap.size():51
[2025-04-17 16:44:29.286] [predicting] [info] id:7 following_road.size():1
[2025-04-17 16:44:29.286] [predicting] [info] id:8 following_road.size():1
[2025-04-17 16:44:29.287] [predicting] [info] id:30 following_road.size():1
[2025-04-17 16:44:29.287] [predicting] [info] id:52 following_road.size():1
[2025-04-17 16:44:29.287] [predicting] [info] id:53 following_road.size():1
[2025-04-17 16:44:29.287] [predicting] [info] id:54 following_road.size():2
[2025-04-17 16:44:29.287] [predicting] [info] id:56 following_road.size():1
[2025-04-17 16:44:29.287] [predicting] [info] id:57 following_road.size():1
[2025-04-17 16:44:29.287] [predicting] [info] id:59 following_road.size():1
[2025-04-17 16:44:29.287] [predicting] [info] id:66 following_road.size():2
[2025-04-17 16:44:29.287] [predicting] [info] id:68 following_road.size():2
[2025-04-17 16:44:29.287] [predicting] [info] id:69 following_road.size():7
[2025-04-17 16:44:29.287] [predicting] [info] id:70 following_road.size():1
[2025-04-17 16:44:29.287] [predicting] [info] id:71 following_road.size():1
[2025-04-17 16:44:29.287] [predicting] [info] id:72 following_road.size():1
[2025-04-17 16:44:29.287] [predicting] [info] id:73 following_road.size():1
[2025-04-17 16:44:29.287] [predicting] [info] id:74 following_road.size():1
[2025-04-17 16:44:29.287] [predicting] [info] id:75 following_road.size():1
[2025-04-17 16:44:29.287] [predicting] [info] id:76 following_road.size():1
[2025-04-17 16:44:29.287] [predicting] [info] id:77 following_road.size():1
[2025-04-17 16:44:29.287] [predicting] [info] id:78 following_road.size():1
[2025-04-17 16:44:29.287] [predicting] [info] id:79 following_road.size():1
[2025-04-17 16:44:29.287] [predicting] [info] id:80 following_road.size():1
[2025-04-17 16:44:29.287] [predicting] [info] id:81 following_road.size():1
[2025-04-17 16:44:29.287] [predicting] [info] id:82 following_road.size():1
[2025-04-17 16:44:29.288] [predicting] [info] id:83 following_road.size():1
[2025-04-17 16:44:29.288] [predicting] [info] id:84 following_road.size():1
[2025-04-17 16:44:29.288] [predicting] [info] id:85 following_road.size():2
[2025-04-17 16:44:29.288] [predicting] [info] id:86 following_road.size():2
[2025-04-17 16:44:29.288] [predicting] [info] id:87 following_road.size():2
[2025-04-17 16:44:29.288] [predicting] [info] id:88 following_road.size():2
[2025-04-17 16:44:29.288] [predicting] [info] id:89 following_road.size():2
[2025-04-17 16:44:29.288] [predicting] [info] id:90 following_road.size():2
[2025-04-17 16:44:29.288] [predicting] [info] id:91 following_road.size():2
[2025-04-17 16:44:29.288] [predicting] [info] id:92 following_road.size():1
[2025-04-17 16:44:29.288] [predicting] [info] id:93 following_road.size():1
[2025-04-17 16:44:29.288] [predicting] [info] id:102 following_road.size():1
[2025-04-17 16:44:29.288] [predicting] [info] id:103 following_road.size():1
[2025-04-17 16:44:29.288] [predicting] [info] id:105 following_road.size():1
[2025-04-17 16:44:29.288] [predicting] [info] id:107 following_road.size():1
[2025-04-17 16:44:29.288] [predicting] [info] id:108 following_road.size():1
[2025-04-17 16:44:29.288] [predicting] [info] id:117 following_road.size():2
[2025-04-17 16:44:29.288] [predicting] [info] id:119 following_road.size():1
[2025-04-17 16:44:29.288] [predicting] [info] id:121 following_road.size():2
[2025-04-17 16:44:29.288] [predicting] [info] id:122 following_road.size():1
[2025-04-17 16:44:29.288] [predicting] [info] id:126 following_road.size():1
[2025-04-17 16:44:29.288] [predicting] [info] id:127 following_road.size():7
[2025-04-17 16:44:29.288] [predicting] [info] id:129 following_road.size():1
[2025-04-17 16:44:29.288] [predicting] [info] roadMap.size():51
[2025-04-17 16:44:29.288] [predicting] [info] road_map_.size():51 
[2025-04-17 16:44:29.289] [predicting] [info] 更新road_map_信息,id:54,截断的位置：703 路段总长：754 更新后的路径:51
[2025-04-17 16:44:29.289] [predicting] [info] 更新road_map_信息,id:117,截断的位置：35 路段总长：85 更新后的路径:50
[2025-04-17 16:44:29.289] [predicting] [info] 更新road_map_信息完毕
[2025-04-17 16:44:29.289] [predicting] [info] 进入 findPathsToLeafRoads 函数
[2025-04-17 16:44:29.289] [predicting] [info] dfs函数内部，当前push_back的路段id:54
[2025-04-17 16:44:29.289] [predicting] [info] dfs函数内部，当前push_back的路段id:105
[2025-04-17 16:44:29.289] [predicting] [info] dfs函数内部，当前探索到的路id为 105,已经满足 100 阈值
[2025-04-17 16:44:29.289] [predicting] [info] dfs函数内部，当前push_back的路段id:127
[2025-04-17 16:44:29.289] [predicting] [info] dfs函数内部，当前探索到的路id为 127,已经满足 100 阈值
[2025-04-17 16:44:29.289] [predicting] [info] temp_road_nodes.size():2
[2025-04-17 16:44:29.289] [predicting] [info] 进入 findPathsToLeafRoads 函数
[2025-04-17 16:44:29.289] [predicting] [info] dfs函数内部，当前push_back的路段id:117
[2025-04-17 16:44:29.289] [predicting] [info] dfs函数内部，当前push_back的路段id:105
[2025-04-17 16:44:29.289] [predicting] [info] dfs函数内部，当前探索到的路id为 105,已经满足 100 阈值
[2025-04-17 16:44:29.289] [predicting] [info] dfs函数内部，当前push_back的路段id:127
[2025-04-17 16:44:29.289] [predicting] [info] dfs函数内部，当前探索到的路id为 127,已经满足 100 阈值
[2025-04-17 16:44:29.289] [predicting] [info] temp_road_nodes.size():2
[2025-04-17 16:44:29.289] [predicting] [info] final_result.size():4
[2025-04-17 16:44:29.289] [predicting] [info] nearest_index:703
[2025-04-17 16:44:29.289] [predicting] [info] nearest_index:703
[2025-04-17 16:44:29.289] [predicting] [info] nearest_index:35
[2025-04-17 16:44:29.289] [predicting] [info] nearest_index:35
[2025-04-17 16:44:29.290] [predicting] [info] 当前推入的路径大小:402 path.size():1
[2025-04-17 16:44:38.883] [predicting] [info] start_point.x =215.6691180669094
[2025-04-17 16:44:38.883] [predicting] [info] start_point.y =-351.26713422734997
[2025-04-17 16:44:38.883] [predicting] [info] start_point.yaw =207.84981812420386
[2025-04-17 16:44:38.883] [predicting] [info] Enter PredictingIntface 
[2025-04-17 16:44:38.883] [predicting] [info] referenceline_relation_.size():48
[2025-04-17 16:44:38.883] [predicting] [info] all_referencelines_.size():51
[2025-04-17 16:44:38.883] [predicting] [info] 进入 PreddictPath 函数
[2025-04-17 16:44:38.883] [predicting] [info] 进入 findCurrentRoad 函数
[2025-04-17 16:44:38.883] [predicting] [info] 当前路径id:7 最近距离：383.462212397734 角度差：108.96981812420385 最近点纵向距离：259.70378822568046
[2025-04-17 16:44:38.883] [predicting] [info] 当前路径id:8 最近距离：386.8523475971281 角度差：76.91981812420381 最近点纵向距离：379.5290490895571
[2025-04-17 16:44:38.883] [predicting] [info] 当前路径id:30 最近距离：386.85234765760646 角度差：76.48981812420384 最近点纵向距离：380.08059551761846
[2025-04-17 16:44:38.883] [predicting] [info] 当前路径id:52 最近距离：722.0949858058667 角度差：93.47018187579613 最近点纵向距离：1.598379670496854
[2025-04-17 16:44:38.884] [predicting] [info] 当前路径id:53 最近距离：701.7408880498293 角度差：178.45018187579615 最近点纵向距离：655.9936932985166
[2025-04-17 16:44:38.884] [predicting] [info] 当前路径id:54 最近距离：50.29080199807292 角度差：108.42981812420383 最近点纵向距离：0.15864018847275396
[2025-04-17 16:44:38.884] [predicting] [info] 当前路径id:56 最近距离：344.2669494593593 角度差：80.97981812420386 最近点纵向距离：317.0858126641816
[2025-04-17 16:44:38.884] [predicting] [info] 当前路径id:57 最近距离：345.7615468575296 角度差：105.77018187579611 最近点纵向距离：329.3060164601878
[2025-04-17 16:44:38.884] [predicting] [info] 当前路径id:59 最近距离：703.45706067377 角度差：2.6798181242038703 最近点纵向距离：655.5769656631993
[2025-04-17 16:44:38.884] [predicting] [info] 当前路径id:60 最近距离：705.9314925784668 角度差：161.60981812420388 最近点纵向距离：649.2135074850505
[2025-04-17 16:44:38.884] [predicting] [info] 当前路径id:66 最近距离：139.59194586785458 角度差：124.07018187579617 最近点纵向距离：139.2865380419162
[2025-04-17 16:44:38.884] [predicting] [info] 当前路径id:68 最近距离：89.95422028848685 角度差：63.940181875796185 最近点纵向距离：70.90253179220599
[2025-04-17 16:44:38.884] [predicting] [info] 当前路径id:69 最近距离：44.88535964196757 角度差：107.02018187579615 最近点纵向距离：44.85825405616191
[2025-04-17 16:44:38.884] [predicting] [info] 当前路径id:70 最近距离：19.997316480590662 角度差：37.58018187579614 最近点纵向距离：0.4281937721789939
[2025-04-17 16:44:38.884] [predicting] [info] 当前路径id:71 最近距离：14.623781103117127 角度差：45.58018187579616 最近点纵向距离：1.4705623707934725
[2025-04-17 16:44:38.885] [predicting] [info] 当前路径id:72 最近距离：9.76289440086481 角度差：55.16018187579617 最近点纵向距离：1.0624431062099353
[2025-04-17 16:44:38.885] [predicting] [info] 当前路径id:73 最近距离：1.7770723260159398 角度差：94.27018187579614 最近点纵向距离：0.3488679323450088
[2025-04-17 16:44:38.885] [predicting] [info] 当前路径id:74 最近距离：3.207275773993615 角度差：87.33018187579616 最近点纵向距离：0.20663444652293617
[2025-04-17 16:44:38.885] [predicting] [info] 当前路径id:75 最近距离：4.953564853328147 角度差：81.51018187579616 最近点纵向距离：0.49427974202336866
[2025-04-17 16:44:38.885] [predicting] [info] 当前路径id:76 最近距离：28.208137404766973 角度差：4.900181875796141 最近点纵向距离：0.023930488138816486
[2025-04-17 16:44:38.885] [predicting] [info] 当前路径id:77 最近距离：21.02664652835973 角度差：5.890181875796156 最近点纵向距离：0.27178268687054974
[2025-04-17 16:44:38.885] [predicting] [info] 当前路径id:78 最近距离：13.897581415817196 角度差：6.550181875796166 最近点纵向距离：0.08402374788474898
[2025-04-17 16:44:38.885] [predicting] [info] 当前路径id:79 最近距离：6.637046815638536 角度差：6.750181875796153 最近点纵向距离：0.22240522510642835
[2025-04-17 16:44:38.885] [predicting] [info] 当前路径id:80 最近距离：6.735866418976169 角度差：69.3001818757961 最近点纵向距离：0.02467368686839011
[2025-04-17 16:44:38.885] [predicting] [info] 当前路径id:81 最近距离：7.447958125620417 角度差：8.540181875796144 最近点纵向距离：0.23590851805832136
[2025-04-17 16:44:38.885] [predicting] [info] 当前路径id:82 最近距离：14.60135986673008 角度差：8.820181875796127 最近点纵向距离：0.11871659240196131
[2025-04-17 16:44:38.885] [predicting] [info] 当前路径id:83 最近距离：0.5074503144585204 角度差：8.560181875796143 最近点纵向距离：0.34587556383901624
[2025-04-17 16:44:38.885] [predicting] [info] 当前路径id:84 最近距离：31.35908735615684 角度差：9.560181875796133 最近点纵向距离：31.256051297600866
[2025-04-17 16:44:38.885] [predicting] [info] 当前路径id:85 最近距离：1.188123471711392 角度差：0.8901818757961364 最近点纵向距离：0.22939856241218443
[2025-04-17 16:44:38.886] [predicting] [info] 当前路径id:86 最近距离：14.44662549179072 角度差：21.77018187579616 最近点纵向距离：0.37922485241292847
[2025-04-17 16:44:38.886] [predicting] [info] 当前路径id:87 最近距离：6.747965594344723 角度差：17.750181875796155 最近点纵向距离：0.3613994122864854
[2025-04-17 16:44:38.886] [predicting] [info] 当前路径id:88 最近距离：5.584790046341138 角度差：3.9098181242038454 最近点纵向距离：0.11565713473764871
[2025-04-17 16:44:38.886] [predicting] [info] 当前路径id:89 最近距离：12.140295530401728 角度差：11.43981812420386 最近点纵向距离：0.08776145386713541
[2025-04-17 16:44:38.886] [predicting] [info] 当前路径id:90 最近距离：17.285867470303096 角度差：35.609818124203855 最近点纵向距离：0.1492742704732568
[2025-04-17 16:44:38.886] [predicting] [info] 当前路径id:91 最近距离：22.453483803161177 角度差：47.67981812420387 最近点纵向距离：0.2938634914571461
[2025-04-17 16:44:38.886] [predicting] [info] 当前路径id:92 最近距离：703.4570605153414 角度差：1.319818124203879 最近点纵向距离：661.4466504972603
[2025-04-17 16:44:38.886] [predicting] [info] 当前路径id:93 最近距离：701.7408878904289 角度差：178.83018187579611 最近点纵向距离：657.6321691641958
[2025-04-17 16:44:38.886] [predicting] [info] 当前路径id:99 最近距离：848.8094464064594 角度差：105.51981812420385 最近点纵向距离：116.07293270145192
[2025-04-17 16:44:38.887] [predicting] [info] 当前路径id:102 最近距离：31.35908735615684 角度差：9.780181875796144 最近点纵向距离：31.265573775166104
[2025-04-17 16:44:38.887] [predicting] [info] 当前路径id:103 最近距离：104.87271725004922 角度差：63.59981812420383 最近点纵向距离：104.71974544481839
[2025-04-17 16:44:38.887] [predicting] [info] 当前路径id:105 最近距离：51.34013459612694 角度差：99.43981812420382 最近点纵向距离：15.796686167465369
[2025-04-17 16:44:38.887] [predicting] [info] 当前路径id:107 最近距离：85.6810056439669 角度差：72.47018187579611 最近点纵向距离：73.87794117480573
[2025-04-17 16:44:38.888] [predicting] [info] 当前路径id:108 最近距离：82.81066808611826 角度差：106.62981812420385 最近点纵向距离：73.27805635291399
[2025-04-17 16:44:38.888] [predicting] [info] 当前路径id:109 最近距离：335.2082440824452 角度差：35.66018187579616 最近点纵向距离：319.34577048314037
[2025-04-17 16:44:38.888] [predicting] [info] 当前路径id:117 最近距离：48.79740997386898 角度差：98.42981812420385 最近点纵向距离：0.20196709887932762
[2025-04-17 16:44:38.888] [predicting] [info] 当前路径id:119 最近距离：58.43710062642135 角度差：71.48018187579612 最近点纵向距离：0.40080825063316006
[2025-04-17 16:44:38.888] [predicting] [info] 当前路径id:121 最近距离：59.90568618512108 角度差：82.13018187579617 最近点纵向距离：20.326777869697768
[2025-04-17 16:44:38.888] [predicting] [info] 当前路径id:122 最近距离：55.27186363156846 角度差：86.87018187579618 最近点纵向距离：0.06630397660844167
[2025-04-17 16:44:38.888] [predicting] [info] 当前路径id:126 最近距离：861.2719568616498 角度差：85.06018187579615 最近点纵向距离：4.177316226583798
[2025-04-17 16:44:38.889] [predicting] [info] 当前路径id:127 最近距离：44.88535964196757 角度差：107.34018187579613 最近点纵向距离：44.84884366585318
[2025-04-17 16:44:38.889] [predicting] [info] 当前路径id:129 最近距离：328.5629791322518 角度差：116.33981812420386 最近点纵向距离：328.0034653390035
[2025-04-17 16:44:38.889] [predicting] [info] validRoads.size():15
[2025-04-17 16:44:38.889] [predicting] [info] currentRoads.size():15 
[2025-04-17 16:44:38.889] [predicting] [info] roadMap.size():51
[2025-04-17 16:44:38.889] [predicting] [info] id:7 following_road.size():1
[2025-04-17 16:44:38.889] [predicting] [info] id:8 following_road.size():1
[2025-04-17 16:44:38.889] [predicting] [info] id:30 following_road.size():1
[2025-04-17 16:44:38.889] [predicting] [info] id:52 following_road.size():1
[2025-04-17 16:44:38.889] [predicting] [info] id:53 following_road.size():1
[2025-04-17 16:44:38.889] [predicting] [info] id:54 following_road.size():2
[2025-04-17 16:44:38.889] [predicting] [info] id:56 following_road.size():1
[2025-04-17 16:44:38.889] [predicting] [info] id:57 following_road.size():1
[2025-04-17 16:44:38.889] [predicting] [info] id:59 following_road.size():1
[2025-04-17 16:44:38.889] [predicting] [info] id:66 following_road.size():2
[2025-04-17 16:44:38.889] [predicting] [info] id:68 following_road.size():2
[2025-04-17 16:44:38.889] [predicting] [info] id:69 following_road.size():7
[2025-04-17 16:44:38.889] [predicting] [info] id:70 following_road.size():1
[2025-04-17 16:44:38.889] [predicting] [info] id:71 following_road.size():1
[2025-04-17 16:44:38.889] [predicting] [info] id:72 following_road.size():1
[2025-04-17 16:44:38.889] [predicting] [info] id:73 following_road.size():1
[2025-04-17 16:44:38.889] [predicting] [info] id:74 following_road.size():1
[2025-04-17 16:44:38.889] [predicting] [info] id:75 following_road.size():1
[2025-04-17 16:44:38.889] [predicting] [info] id:76 following_road.size():1
[2025-04-17 16:44:38.889] [predicting] [info] id:77 following_road.size():1
[2025-04-17 16:44:38.889] [predicting] [info] id:78 following_road.size():1
[2025-04-17 16:44:38.889] [predicting] [info] id:79 following_road.size():1
[2025-04-17 16:44:38.889] [predicting] [info] id:80 following_road.size():1
[2025-04-17 16:44:38.889] [predicting] [info] id:81 following_road.size():1
[2025-04-17 16:44:38.889] [predicting] [info] id:82 following_road.size():1
[2025-04-17 16:44:38.890] [predicting] [info] id:83 following_road.size():1
[2025-04-17 16:44:38.890] [predicting] [info] id:84 following_road.size():1
[2025-04-17 16:44:38.890] [predicting] [info] id:85 following_road.size():2
[2025-04-17 16:44:38.890] [predicting] [info] id:86 following_road.size():2
[2025-04-17 16:44:38.890] [predicting] [info] id:87 following_road.size():2
[2025-04-17 16:44:38.890] [predicting] [info] id:88 following_road.size():2
[2025-04-17 16:44:38.890] [predicting] [info] id:89 following_road.size():2
[2025-04-17 16:44:38.890] [predicting] [info] id:90 following_road.size():2
[2025-04-17 16:44:38.890] [predicting] [info] id:91 following_road.size():2
[2025-04-17 16:44:38.890] [predicting] [info] id:92 following_road.size():1
[2025-04-17 16:44:38.890] [predicting] [info] id:93 following_road.size():1
[2025-04-17 16:44:38.890] [predicting] [info] id:102 following_road.size():1
[2025-04-17 16:44:38.890] [predicting] [info] id:103 following_road.size():1
[2025-04-17 16:44:38.890] [predicting] [info] id:105 following_road.size():1
[2025-04-17 16:44:38.890] [predicting] [info] id:107 following_road.size():1
[2025-04-17 16:44:38.890] [predicting] [info] id:108 following_road.size():1
[2025-04-17 16:44:38.890] [predicting] [info] id:117 following_road.size():2
[2025-04-17 16:44:38.890] [predicting] [info] id:119 following_road.size():1
[2025-04-17 16:44:38.890] [predicting] [info] id:121 following_road.size():2
[2025-04-17 16:44:38.890] [predicting] [info] id:122 following_road.size():1
[2025-04-17 16:44:38.890] [predicting] [info] id:126 following_road.size():1
[2025-04-17 16:44:38.890] [predicting] [info] id:127 following_road.size():7
[2025-04-17 16:44:38.890] [predicting] [info] id:129 following_road.size():1
[2025-04-17 16:44:38.890] [predicting] [info] roadMap.size():51
[2025-04-17 16:44:38.890] [predicting] [info] road_map_.size():51 
[2025-04-17 16:44:38.890] [predicting] [info] 更新road_map_信息,id:70,截断的位置：30 路段总长：41 更新后的路径:11
[2025-04-17 16:44:38.891] [predicting] [info] 更新road_map_信息,id:74,截断的位置：44 路段总长：74 更新后的路径:30
[2025-04-17 16:44:38.891] [predicting] [info] 更新road_map_信息,id:75,截断的位置：43 路段总长：67 更新后的路径:24
[2025-04-17 16:44:38.891] [predicting] [info] 更新road_map_信息,id:78,截断的位置：19 路段总长：29 更新后的路径:10
[2025-04-17 16:44:38.891] [predicting] [info] 更新road_map_信息,id:79,截断的位置：20 路段总长：30 更新后的路径:10
[2025-04-17 16:44:38.891] [predicting] [info] 更新road_map_信息,id:80,截断的位置：42 路段总长：61 更新后的路径:19
[2025-04-17 16:44:38.891] [predicting] [info] 更新road_map_信息,id:81,截断的位置：20 路段总长：29 更新后的路径:9
[2025-04-17 16:44:38.891] [predicting] [info] 更新road_map_信息,id:82,截断的位置：20 路段总长：29 更新后的路径:9
[2025-04-17 16:44:38.891] [predicting] [info] 更新road_map_信息,id:83,截断的位置：20 路段总长：29 更新后的路径:9
[2025-04-17 16:44:38.891] [predicting] [info] 更新road_map_信息,id:85,截断的位置：8 路段总长：41 更新后的路径:33
[2025-04-17 16:44:38.891] [predicting] [info] 更新road_map_信息,id:86,截断的位置：11 路段总长：46 更新后的路径:35
[2025-04-17 16:44:38.891] [predicting] [info] 更新road_map_信息,id:87,截断的位置：9 路段总长：42 更新后的路径:33
[2025-04-17 16:44:38.891] [predicting] [info] 更新road_map_信息,id:88,截断的位置：10 路段总长：41 更新后的路径:31
[2025-04-17 16:44:38.891] [predicting] [info] 更新road_map_信息,id:89,截断的位置：13 路段总长：43 更新后的路径:30
[2025-04-17 16:44:38.891] [predicting] [info] 更新road_map_信息,id:90,截断的位置：23 路段总长：46 更新后的路径:23
[2025-04-17 16:44:38.891] [predicting] [info] 更新road_map_信息完毕
[2025-04-17 16:44:38.891] [predicting] [info] 进入 findPathsToLeafRoads 函数
[2025-04-17 16:44:38.891] [predicting] [info] dfs函数内部，当前push_back的路段id:70
[2025-04-17 16:44:38.891] [predicting] [info] dfs函数内部，当前push_back的路段id:82
[2025-04-17 16:44:38.892] [predicting] [info] dfs函数内部，当前push_back的路段id:86
[2025-04-17 16:44:38.892] [predicting] [info] dfs函数内部，当前push_back的路段id:84
[2025-04-17 16:44:38.892] [predicting] [info] dfs函数内部，当前探索到的路id为 84,已经满足 100 阈值
[2025-04-17 16:44:38.892] [predicting] [info] dfs函数内部，当前push_back的路段id:102
[2025-04-17 16:44:38.892] [predicting] [info] dfs函数内部，当前探索到的路id为 102,已经满足 100 阈值
[2025-04-17 16:44:38.892] [predicting] [info] temp_road_nodes.size():2
[2025-04-17 16:44:38.892] [predicting] [info] 进入 findPathsToLeafRoads 函数
[2025-04-17 16:44:38.892] [predicting] [info] dfs函数内部，当前push_back的路段id:74
[2025-04-17 16:44:38.892] [predicting] [info] dfs函数内部，当前push_back的路段id:77
[2025-04-17 16:44:38.892] [predicting] [info] dfs函数内部，当前push_back的路段id:90
[2025-04-17 16:44:38.892] [predicting] [info] dfs函数内部，当前push_back的路段id:84
[2025-04-17 16:44:38.892] [predicting] [info] dfs函数内部，当前探索到的路id为 84,已经满足 100 阈值
[2025-04-17 16:44:38.892] [predicting] [info] dfs函数内部，当前push_back的路段id:102
[2025-04-17 16:44:38.892] [predicting] [info] dfs函数内部，当前探索到的路id为 102,已经满足 100 阈值
[2025-04-17 16:44:38.892] [predicting] [info] temp_road_nodes.size():2
[2025-04-17 16:44:38.892] [predicting] [info] 进入 findPathsToLeafRoads 函数
[2025-04-17 16:44:38.892] [predicting] [info] dfs函数内部，当前push_back的路段id:75
[2025-04-17 16:44:38.892] [predicting] [info] dfs函数内部，当前push_back的路段id:78
[2025-04-17 16:44:38.892] [predicting] [info] dfs函数内部，当前push_back的路段id:89
[2025-04-17 16:44:38.892] [predicting] [info] dfs函数内部，当前push_back的路段id:84
[2025-04-17 16:44:38.892] [predicting] [info] dfs函数内部，当前探索到的路id为 84,已经满足 100 阈值
[2025-04-17 16:44:38.892] [predicting] [info] dfs函数内部，当前push_back的路段id:102
[2025-04-17 16:44:38.892] [predicting] [info] dfs函数内部，当前探索到的路id为 102,已经满足 100 阈值
[2025-04-17 16:44:38.893] [predicting] [info] temp_road_nodes.size():2
[2025-04-17 16:44:38.893] [predicting] [info] 进入 findPathsToLeafRoads 函数
[2025-04-17 16:44:38.893] [predicting] [info] dfs函数内部，当前push_back的路段id:78
[2025-04-17 16:44:38.893] [predicting] [info] dfs函数内部，当前push_back的路段id:89
[2025-04-17 16:44:38.893] [predicting] [info] dfs函数内部，当前push_back的路段id:84
[2025-04-17 16:44:38.893] [predicting] [info] dfs函数内部，当前探索到的路id为 84,已经满足 100 阈值
[2025-04-17 16:44:38.893] [predicting] [info] dfs函数内部，当前push_back的路段id:102
[2025-04-17 16:44:38.893] [predicting] [info] dfs函数内部，当前探索到的路id为 102,已经满足 100 阈值
[2025-04-17 16:44:38.893] [predicting] [info] temp_road_nodes.size():2
[2025-04-17 16:44:38.893] [predicting] [info] 进入 findPathsToLeafRoads 函数
[2025-04-17 16:44:38.893] [predicting] [info] dfs函数内部，当前push_back的路段id:79
[2025-04-17 16:44:38.893] [predicting] [info] dfs函数内部，当前push_back的路段id:88
[2025-04-17 16:44:38.893] [predicting] [info] dfs函数内部，当前push_back的路段id:84
[2025-04-17 16:44:38.893] [predicting] [info] dfs函数内部，当前探索到的路id为 84,已经满足 100 阈值
[2025-04-17 16:44:38.893] [predicting] [info] dfs函数内部，当前push_back的路段id:102
[2025-04-17 16:44:38.893] [predicting] [info] dfs函数内部，当前探索到的路id为 102,已经满足 100 阈值
[2025-04-17 16:44:38.893] [predicting] [info] temp_road_nodes.size():2
[2025-04-17 16:44:38.893] [predicting] [info] 进入 findPathsToLeafRoads 函数
[2025-04-17 16:44:38.893] [predicting] [info] dfs函数内部，当前push_back的路段id:80
[2025-04-17 16:44:38.893] [predicting] [info] dfs函数内部，当前push_back的路段id:79
[2025-04-17 16:44:38.893] [predicting] [info] dfs函数内部，当前push_back的路段id:88
[2025-04-17 16:44:38.894] [predicting] [info] dfs函数内部，当前push_back的路段id:84
[2025-04-17 16:44:38.894] [predicting] [info] dfs函数内部，当前探索到的路id为 84,已经满足 100 阈值
[2025-04-17 16:44:38.894] [predicting] [info] dfs函数内部，当前push_back的路段id:102
[2025-04-17 16:44:38.894] [predicting] [info] dfs函数内部，当前探索到的路id为 102,已经满足 100 阈值
[2025-04-17 16:44:38.894] [predicting] [info] temp_road_nodes.size():2
[2025-04-17 16:44:38.894] [predicting] [info] 进入 findPathsToLeafRoads 函数
[2025-04-17 16:44:38.894] [predicting] [info] dfs函数内部，当前push_back的路段id:81
[2025-04-17 16:44:38.894] [predicting] [info] dfs函数内部，当前push_back的路段id:87
[2025-04-17 16:44:38.894] [predicting] [info] dfs函数内部，当前push_back的路段id:84
[2025-04-17 16:44:38.894] [predicting] [info] dfs函数内部，当前探索到的路id为 84,已经满足 100 阈值
[2025-04-17 16:44:38.894] [predicting] [info] dfs函数内部，当前push_back的路段id:102
[2025-04-17 16:44:38.894] [predicting] [info] dfs函数内部，当前探索到的路id为 102,已经满足 100 阈值
[2025-04-17 16:44:38.894] [predicting] [info] temp_road_nodes.size():2
[2025-04-17 16:44:38.894] [predicting] [info] 进入 findPathsToLeafRoads 函数
[2025-04-17 16:44:38.894] [predicting] [info] dfs函数内部，当前push_back的路段id:82
[2025-04-17 16:44:38.894] [predicting] [info] dfs函数内部，当前push_back的路段id:86
[2025-04-17 16:44:38.894] [predicting] [info] dfs函数内部，当前push_back的路段id:84
[2025-04-17 16:44:38.894] [predicting] [info] dfs函数内部，当前探索到的路id为 84,已经满足 100 阈值
[2025-04-17 16:44:38.894] [predicting] [info] dfs函数内部，当前push_back的路段id:102
[2025-04-17 16:44:38.894] [predicting] [info] dfs函数内部，当前探索到的路id为 102,已经满足 100 阈值
[2025-04-17 16:44:38.894] [predicting] [info] temp_road_nodes.size():2
[2025-04-17 16:44:38.894] [predicting] [info] 进入 findPathsToLeafRoads 函数
[2025-04-17 16:44:38.894] [predicting] [info] dfs函数内部，当前push_back的路段id:83
[2025-04-17 16:44:38.895] [predicting] [info] dfs函数内部，当前push_back的路段id:85
[2025-04-17 16:44:38.895] [predicting] [info] dfs函数内部，当前push_back的路段id:84
[2025-04-17 16:44:38.895] [predicting] [info] dfs函数内部，当前探索到的路id为 84,已经满足 100 阈值
[2025-04-17 16:44:38.895] [predicting] [info] dfs函数内部，当前push_back的路段id:102
[2025-04-17 16:44:38.895] [predicting] [info] dfs函数内部，当前探索到的路id为 102,已经满足 100 阈值
[2025-04-17 16:44:38.895] [predicting] [info] temp_road_nodes.size():2
[2025-04-17 16:44:38.895] [predicting] [info] 进入 findPathsToLeafRoads 函数
[2025-04-17 16:44:38.895] [predicting] [info] dfs函数内部，当前push_back的路段id:85
[2025-04-17 16:44:38.895] [predicting] [info] dfs函数内部，当前push_back的路段id:84
[2025-04-17 16:44:38.895] [predicting] [info] dfs函数内部，当前push_back的路段id:68
[2025-04-17 16:44:38.895] [predicting] [info] dfs函数内部，当前探索到的路id为 68,已经满足 100 阈值
[2025-04-17 16:44:38.895] [predicting] [info] dfs函数内部，当前push_back的路段id:102
[2025-04-17 16:44:38.895] [predicting] [info] dfs函数内部，当前push_back的路段id:107
[2025-04-17 16:44:38.895] [predicting] [info] dfs函数内部，当前探索到的路id为 107,已经满足 100 阈值
[2025-04-17 16:44:38.895] [predicting] [info] temp_road_nodes.size():2
[2025-04-17 16:44:38.895] [predicting] [info] 进入 findPathsToLeafRoads 函数
[2025-04-17 16:44:38.896] [predicting] [info] dfs函数内部，当前push_back的路段id:86
[2025-04-17 16:44:38.896] [predicting] [info] dfs函数内部，当前push_back的路段id:84
[2025-04-17 16:44:38.896] [predicting] [info] dfs函数内部，当前push_back的路段id:68
[2025-04-17 16:44:38.896] [predicting] [info] dfs函数内部，当前探索到的路id为 68,已经满足 100 阈值
[2025-04-17 16:44:38.896] [predicting] [info] dfs函数内部，当前push_back的路段id:102
[2025-04-17 16:44:38.896] [predicting] [info] dfs函数内部，当前探索到的路id为 102,已经满足 100 阈值
[2025-04-17 16:44:38.896] [predicting] [info] temp_road_nodes.size():2
[2025-04-17 16:44:38.896] [predicting] [info] 进入 findPathsToLeafRoads 函数
[2025-04-17 16:44:38.896] [predicting] [info] dfs函数内部，当前push_back的路段id:87
[2025-04-17 16:44:38.896] [predicting] [info] dfs函数内部，当前push_back的路段id:84
[2025-04-17 16:44:38.896] [predicting] [info] dfs函数内部，当前push_back的路段id:68
[2025-04-17 16:44:38.896] [predicting] [info] dfs函数内部，当前探索到的路id为 68,已经满足 100 阈值
[2025-04-17 16:44:38.896] [predicting] [info] dfs函数内部，当前push_back的路段id:102
[2025-04-17 16:44:38.896] [predicting] [info] dfs函数内部，当前push_back的路段id:107
[2025-04-17 16:44:38.896] [predicting] [info] dfs函数内部，当前探索到的路id为 107,已经满足 100 阈值
[2025-04-17 16:44:38.896] [predicting] [info] temp_road_nodes.size():2
[2025-04-17 16:44:38.896] [predicting] [info] 进入 findPathsToLeafRoads 函数
[2025-04-17 16:44:38.896] [predicting] [info] dfs函数内部，当前push_back的路段id:88
[2025-04-17 16:44:38.896] [predicting] [info] dfs函数内部，当前push_back的路段id:84
[2025-04-17 16:44:38.896] [predicting] [info] dfs函数内部，当前push_back的路段id:68
[2025-04-17 16:44:38.896] [predicting] [info] dfs函数内部，当前探索到的路id为 68,已经满足 100 阈值
[2025-04-17 16:44:38.897] [predicting] [info] dfs函数内部，当前push_back的路段id:102
[2025-04-17 16:44:38.897] [predicting] [info] dfs函数内部，当前push_back的路段id:107
[2025-04-17 16:44:38.897] [predicting] [info] dfs函数内部，当前探索到的路id为 107,已经满足 100 阈值
[2025-04-17 16:44:38.897] [predicting] [info] temp_road_nodes.size():2
[2025-04-17 16:44:38.897] [predicting] [info] 进入 findPathsToLeafRoads 函数
[2025-04-17 16:44:38.897] [predicting] [info] dfs函数内部，当前push_back的路段id:89
[2025-04-17 16:44:38.897] [predicting] [info] dfs函数内部，当前push_back的路段id:84
[2025-04-17 16:44:38.897] [predicting] [info] dfs函数内部，当前push_back的路段id:68
[2025-04-17 16:44:38.897] [predicting] [info] dfs函数内部，当前探索到的路id为 68,已经满足 100 阈值
[2025-04-17 16:44:38.897] [predicting] [info] dfs函数内部，当前push_back的路段id:102
[2025-04-17 16:44:38.897] [predicting] [info] dfs函数内部，当前push_back的路段id:107
[2025-04-17 16:44:38.898] [predicting] [info] dfs函数内部，当前探索到的路id为 107,已经满足 100 阈值
[2025-04-17 16:44:38.898] [predicting] [info] temp_road_nodes.size():2
[2025-04-17 16:44:38.898] [predicting] [info] 进入 findPathsToLeafRoads 函数
[2025-04-17 16:44:38.898] [predicting] [info] dfs函数内部，当前push_back的路段id:90
[2025-04-17 16:44:38.898] [predicting] [info] dfs函数内部，当前push_back的路段id:84
[2025-04-17 16:44:38.898] [predicting] [info] dfs函数内部，当前push_back的路段id:68
[2025-04-17 16:44:38.898] [predicting] [info] dfs函数内部，当前探索到的路id为 68,已经满足 100 阈值
[2025-04-17 16:44:38.899] [predicting] [info] dfs函数内部，当前push_back的路段id:102
[2025-04-17 16:44:38.899] [predicting] [info] dfs函数内部，当前push_back的路段id:107
[2025-04-17 16:44:38.899] [predicting] [info] dfs函数内部，当前探索到的路id为 107,已经满足 100 阈值
[2025-04-17 16:44:38.899] [predicting] [info] temp_road_nodes.size():2
[2025-04-17 16:44:38.899] [predicting] [info] final_result.size():30
[2025-04-17 16:44:38.899] [predicting] [info] nearest_index:81
[2025-04-17 16:44:38.899] [predicting] [info] nearest_index:81
[2025-04-17 16:44:38.899] [predicting] [info] nearest_index:44
[2025-04-17 16:44:38.899] [predicting] [info] nearest_index:44
[2025-04-17 16:44:38.899] [predicting] [info] nearest_index:43
[2025-04-17 16:44:38.899] [predicting] [info] nearest_index:43
[2025-04-17 16:44:38.899] [predicting] [info] nearest_index:42
[2025-04-17 16:44:38.899] [predicting] [info] nearest_index:42
[2025-04-17 16:44:38.899] [predicting] [info] nearest_index:40
[2025-04-17 16:44:38.899] [predicting] [info] nearest_index:40
[2025-04-17 16:44:38.899] [predicting] [info] nearest_index:101
[2025-04-17 16:44:38.899] [predicting] [info] nearest_index:101
[2025-04-17 16:44:38.899] [predicting] [info] nearest_index:38
[2025-04-17 16:44:38.899] [predicting] [info] nearest_index:38
[2025-04-17 16:44:38.899] [predicting] [info] nearest_index:40
[2025-04-17 16:44:38.899] [predicting] [info] nearest_index:40
[2025-04-17 16:44:38.899] [predicting] [info] nearest_index:20
[2025-04-17 16:44:38.899] [predicting] [info] nearest_index:20
[2025-04-17 16:44:38.899] [predicting] [info] nearest_index:8
[2025-04-17 16:44:38.899] [predicting] [info] nearest_index:8
[2025-04-17 16:44:38.899] [predicting] [info] nearest_index:11
[2025-04-17 16:44:38.900] [predicting] [info] nearest_index:11
[2025-04-17 16:44:38.900] [predicting] [info] nearest_index:9
[2025-04-17 16:44:38.900] [predicting] [info] nearest_index:9
[2025-04-17 16:44:38.900] [predicting] [info] nearest_index:10
[2025-04-17 16:44:38.900] [predicting] [info] nearest_index:10
[2025-04-17 16:44:38.900] [predicting] [info] nearest_index:13
[2025-04-17 16:44:38.900] [predicting] [info] nearest_index:13
[2025-04-17 16:44:38.900] [predicting] [info] nearest_index:23
[2025-04-17 16:44:38.900] [predicting] [info] nearest_index:23
[2025-04-17 16:44:38.900] [predicting] [info] 当前推入的路径大小:3002 path.size():1
[2025-04-17 16:45:13.985] [predicting] [info] start_point.x =194.63023867237814
[2025-04-17 16:45:13.985] [predicting] [info] start_point.y =-370.31352094609997
[2025-04-17 16:45:13.985] [predicting] [info] start_point.yaw =209.38368736649198
[2025-04-17 16:45:13.985] [predicting] [info] Enter PredictingIntface 
[2025-04-17 16:45:13.985] [predicting] [info] referenceline_relation_.size():48
[2025-04-17 16:45:13.985] [predicting] [info] all_referencelines_.size():51
[2025-04-17 16:45:13.985] [predicting] [info] 进入 PreddictPath 函数
[2025-04-17 16:45:13.985] [predicting] [info] 进入 findCurrentRoad 函数
[2025-04-17 16:45:13.985] [predicting] [info] 当前路径id:7 最近距离：377.5552688817608 角度差：110.50368736649195 最近点纵向距离：275.27420390036883
[2025-04-17 16:45:13.985] [predicting] [info] 当前路径id:8 最近距离：382.97418966630244 角度差：78.4536873664919 最近点纵向距离：380.1354575263965
[2025-04-17 16:45:13.985] [predicting] [info] 当前路径id:30 最近距离：382.97418970319234 角度差：78.02368736649194 最近点纵向距离：380.47405131402365
[2025-04-17 16:45:13.985] [predicting] [info] 当前路径id:52 最近距离：694.2241874202485 角度差：91.6563126335081 最近点纵向距离：1.656760614235509
[2025-04-17 16:45:13.985] [predicting] [info] 当前路径id:53 最近距离：673.4715523133497 角度差：176.91631263350803 最近点纵向距离：628.6937181664712
[2025-04-17 16:45:13.985] [predicting] [info] 当前路径id:54 最近距离：27.058481111211883 角度差：113.82368736649195 最近点纵向距离：0.3788585633928321
[2025-04-17 16:45:13.985] [predicting] [info] 当前路径id:56 最近距离：336.75659756149486 角度差：82.51368736649196 最近点纵向距离：319.69954392021515
[2025-04-17 16:45:13.985] [predicting] [info] 当前路径id:57 最近距离：337.48789541125313 角度差：104.23631263350802 最近点纵向距离：328.58014823759083
[2025-04-17 16:45:13.986] [predicting] [info] 当前路径id:59 最近距离：675.159852427459 角度差：4.213687366491974 最近点纵向距离：628.4351982917639
[2025-04-17 16:45:13.986] [predicting] [info] 当前路径id:60 最近距离：679.1674315961226 角度差：163.14368736649197 最近点纵向距离：620.9060710014246
[2025-04-17 16:45:13.986] [predicting] [info] 当前路径id:66 最近距离：134.5761727284567 角度差：122.53631263350806 最近点纵向距离：129.68932846015534
[2025-04-17 16:45:13.986] [predicting] [info] 当前路径id:68 最近距离：62.42347104373955 角度差：62.40631263350808 最近点纵向距离：52.52261618580385
[2025-04-17 16:45:13.986] [predicting] [info] 当前路径id:69 最近距离：52.80046086820119 角度差：105.48631263350805 最近点纵向距离：43.51366431955921
[2025-04-17 16:45:13.986] [predicting] [info] 当前路径id:70 最近距离：19.247246027450913 角度差：10.736312633508039 最近点纵向距离：9.47360982655158
[2025-04-17 16:45:13.986] [predicting] [info] 当前路径id:71 最近距离：13.046488748927557 角度差：9.78631263350802 最近点纵向距离：8.667966861467102
[2025-04-17 16:45:13.986] [predicting] [info] 当前路径id:72 最近距离：8.695133282162518 角度差：9.766312633508047 最近点纵向距离：8.228266779656668
[2025-04-17 16:45:13.986] [predicting] [info] 当前路径id:73 最近距离：26.005223345782266 角度差：86.40631263350807 最近点纵向距离：0.47499368216589666
[2025-04-17 16:45:13.986] [predicting] [info] 当前路径id:74 最近距离：19.654975782624753 角度差：11.36631263350805 最近点纵向距离：7.286179075272157
[2025-04-17 16:45:13.986] [predicting] [info] 当前路径id:75 最近距离：13.484143259106839 角度差：11.396312633508046 最近点纵向距离：7.680063215667955
[2025-04-17 16:45:13.986] [predicting] [info] 当前路径id:76 最近距离：26.10077300739834 角度差：8.386312633508032 最近点纵向距离：8.10458776823782
[2025-04-17 16:45:13.986] [predicting] [info] 当前路径id:77 最近距离：19.654975782624753 角度差：8.266312633508038 最近点纵向距离：8.262702976382197
[2025-04-17 16:45:13.986] [predicting] [info] 当前路径id:78 最近距离：13.484143259106839 角度差：7.866312633508039 最近点纵向距离：8.347901173849149
[2025-04-17 16:45:13.986] [predicting] [info] 当前路径id:79 最近距离：8.684381524861806 角度差：8.80631263350803 最近点纵向距离：7.887296421604719
[2025-04-17 16:45:13.986] [predicting] [info] 当前路径id:80 最近距离：8.684381524861806 角度差：11.156312633508037 最近点纵向距离：7.7316381794229105
[2025-04-17 16:45:13.986] [predicting] [info] 当前路径id:81 最近距离：13.046488748927557 角度差：8.546312633508046 最近点纵向距离：8.454926821689575
[2025-04-17 16:45:13.986] [predicting] [info] 当前路径id:82 最近距离：19.247246027450913 角度差：8.346312633508008 最近点纵向距离：8.766692532412907
[2025-04-17 16:45:13.987] [predicting] [info] 当前路径id:83 最近距离：8.695133282162518 角度差：7.896312633508036 最近点纵向距离：8.132160925765772
[2025-04-17 16:45:13.987] [predicting] [info] 当前路径id:84 最近距离：2.9799708742495037 角度差：8.026312633508027 最近点纵向距离：2.9737326706502496
[2025-04-17 16:45:13.987] [predicting] [info] 当前路径id:85 最近距离：0.38245512374080937 角度差：13.876312633508022 最近点纵向距离：0.3801931953211407
[2025-04-17 16:45:13.987] [predicting] [info] 当前路径id:86 最近距离：0.07316689860729653 角度差：16.356312633508043 最近点纵向距离：0.04057333160096523
[2025-04-17 16:45:13.987] [predicting] [info] 当前路径id:87 最近距离：0.3282772875168358 角度差：15.876312633508025 最近点纵向距离：0.32751650069075483
[2025-04-17 16:45:13.987] [predicting] [info] 当前路径id:88 最近距离：0.2228602123308492 角度差：7.526312633508034 最近点纵向距离：0.08730897796215778
[2025-04-17 16:45:13.987] [predicting] [info] 当前路径id:89 最近距离：0.4918822835428054 角度差：4.63631263350806 最近点纵向距离：0.38273780956614933
[2025-04-17 16:45:13.987] [predicting] [info] 当前路径id:90 最近距离：0.48578889158606725 角度差：3.9563126335080265 最近点纵向距离：0.3899826895954728
[2025-04-17 16:45:13.987] [predicting] [info] 当前路径id:91 最近距离：0.5503576696289784 角度差：4.753687366491966 最近点纵向距离：0.1835476867830794
[2025-04-17 16:45:13.987] [predicting] [info] 当前路径id:92 最近距离：675.159852267666 角度差：2.8536873664919824 最近点纵向距离：634.1157724462005
[2025-04-17 16:45:13.987] [predicting] [info] 当前路径id:93 最近距离：673.4715521523758 角度差：177.29631263350802 最近点纵向距离：630.2813742800417
[2025-04-17 16:45:13.987] [predicting] [info] 当前路径id:99 最近距离：822.5583231690001 角度差：107.05368736649197 最近点纵向距离：101.95855493680929
[2025-04-17 16:45:13.987] [predicting] [info] 当前路径id:102 最近距离：2.9799708742495037 角度差：8.24631263350804 最近点纵向距离：2.9744507331347423
[2025-04-17 16:45:13.987] [predicting] [info] 当前路径id:103 最近距离：101.21238425127466 角度差：65.13368736649193 最近点纵向距离：98.77298339054798
[2025-04-17 16:45:13.988] [predicting] [info] 当前路径id:105 最近距离：35.55672959978717 角度差：100.97368736649193 最近点纵向距离：27.223909901580047
[2025-04-17 16:45:13.988] [predicting] [info] 当前路径id:107 最近距离：61.985428745530214 角度差：70.93631263350801 最近点纵向距离：58.90869977030852
[2025-04-17 16:45:13.988] [predicting] [info] 当前路径id:108 最近距离：60.39009502640196 角度差：108.16368736649196 最近点纵向距离：58.68937453501736
[2025-04-17 16:45:13.988] [predicting] [info] 当前路径id:109 最近距离：313.67951989889525 角度差：34.12631263350806 最近点纵向距离：292.9148058887703
[2025-04-17 16:45:13.988] [predicting] [info] 当前路径id:117 最近距离：22.3830160078525 角度差：97.15368736649197 最近点纵向距离：0.13281762045175416
[2025-04-17 16:45:13.988] [predicting] [info] 当前路径id:119 最近距离：35.082545613600956 角度差：66.34631263350803 最近点纵向距离：0.21128058722125065
[2025-04-17 16:45:13.988] [predicting] [info] 当前路径id:121 最近距离：43.216055813412844 角度差：80.59631263350806 最近点纵向距离：31.037980684998686
[2025-04-17 16:45:13.988] [predicting] [info] 当前路径id:122 最近距离：28.185309606220986 角度差：85.44631263350803 最近点纵向距离：0.4907314980305202
[2025-04-17 16:45:13.988] [predicting] [info] 当前路径id:126 最近距离：834.478574778468 角度差：83.09631263350806 最近点纵向距离：2.0862527781583253
[2025-04-17 16:45:13.988] [predicting] [info] 当前路径id:127 最近距离：35.55672959978717 角度差：100.37368736649198 最近点纵向距离：27.461930445427306
[2025-04-17 16:45:13.988] [predicting] [info] 当前路径id:129 最近距离：309.5271466922431 角度差：117.87368736649195 最近点纵向距离：309.518097018086
[2025-04-17 16:45:13.988] [predicting] [info] validRoads.size():7
[2025-04-17 16:45:13.988] [predicting] [info] currentRoads.size():7 
[2025-04-17 16:45:13.988] [predicting] [info] roadMap.size():51
[2025-04-17 16:45:13.988] [predicting] [info] id:7 following_road.size():1
[2025-04-17 16:45:13.988] [predicting] [info] id:8 following_road.size():1
[2025-04-17 16:45:13.988] [predicting] [info] id:30 following_road.size():1
[2025-04-17 16:45:13.988] [predicting] [info] id:52 following_road.size():1
[2025-04-17 16:45:13.988] [predicting] [info] id:53 following_road.size():1
[2025-04-17 16:45:13.988] [predicting] [info] id:54 following_road.size():2
[2025-04-17 16:45:13.988] [predicting] [info] id:56 following_road.size():1
[2025-04-17 16:45:13.988] [predicting] [info] id:57 following_road.size():1
[2025-04-17 16:45:13.989] [predicting] [info] id:59 following_road.size():1
[2025-04-17 16:45:13.989] [predicting] [info] id:66 following_road.size():2
[2025-04-17 16:45:13.989] [predicting] [info] id:68 following_road.size():2
[2025-04-17 16:45:13.989] [predicting] [info] id:69 following_road.size():7
[2025-04-17 16:45:13.989] [predicting] [info] id:70 following_road.size():1
[2025-04-17 16:45:13.989] [predicting] [info] id:71 following_road.size():1
[2025-04-17 16:45:13.989] [predicting] [info] id:72 following_road.size():1
[2025-04-17 16:45:13.989] [predicting] [info] id:73 following_road.size():1
[2025-04-17 16:45:13.989] [predicting] [info] id:74 following_road.size():1
[2025-04-17 16:45:13.989] [predicting] [info] id:75 following_road.size():1
[2025-04-17 16:45:13.989] [predicting] [info] id:76 following_road.size():1
[2025-04-17 16:45:13.989] [predicting] [info] id:77 following_road.size():1
[2025-04-17 16:45:13.989] [predicting] [info] id:78 following_road.size():1
[2025-04-17 16:45:13.989] [predicting] [info] id:79 following_road.size():1
[2025-04-17 16:45:13.989] [predicting] [info] id:80 following_road.size():1
[2025-04-17 16:45:13.989] [predicting] [info] id:81 following_road.size():1
[2025-04-17 16:45:13.989] [predicting] [info] id:82 following_road.size():1
[2025-04-17 16:45:13.989] [predicting] [info] id:83 following_road.size():1
[2025-04-17 16:45:13.989] [predicting] [info] id:84 following_road.size():1
[2025-04-17 16:45:13.989] [predicting] [info] id:85 following_road.size():2
[2025-04-17 16:45:13.989] [predicting] [info] id:86 following_road.size():2
[2025-04-17 16:45:13.989] [predicting] [info] id:87 following_road.size():2
[2025-04-17 16:45:13.989] [predicting] [info] id:88 following_road.size():2
[2025-04-17 16:45:13.989] [predicting] [info] id:89 following_road.size():2
[2025-04-17 16:45:13.989] [predicting] [info] id:90 following_road.size():2
[2025-04-17 16:45:13.990] [predicting] [info] id:91 following_road.size():2
[2025-04-17 16:45:13.990] [predicting] [info] id:92 following_road.size():1
[2025-04-17 16:45:13.990] [predicting] [info] id:93 following_road.size():1
[2025-04-17 16:45:13.990] [predicting] [info] id:102 following_road.size():1
[2025-04-17 16:45:13.990] [predicting] [info] id:103 following_road.size():1
[2025-04-17 16:45:13.990] [predicting] [info] id:105 following_road.size():1
[2025-04-17 16:45:13.990] [predicting] [info] id:107 following_road.size():1
[2025-04-17 16:45:13.990] [predicting] [info] id:108 following_road.size():1
[2025-04-17 16:45:13.990] [predicting] [info] id:117 following_road.size():2
[2025-04-17 16:45:13.990] [predicting] [info] id:119 following_road.size():1
[2025-04-17 16:45:13.990] [predicting] [info] id:121 following_road.size():2
[2025-04-17 16:45:13.990] [predicting] [info] id:122 following_road.size():1
[2025-04-17 16:45:13.990] [predicting] [info] id:126 following_road.size():1
[2025-04-17 16:45:13.990] [predicting] [info] id:127 following_road.size():7
[2025-04-17 16:45:13.990] [predicting] [info] id:129 following_road.size():1
[2025-04-17 16:45:13.990] [predicting] [info] roadMap.size():51
[2025-04-17 16:45:13.990] [predicting] [info] road_map_.size():51 
[2025-04-17 16:45:13.990] [predicting] [info] 更新road_map_信息,id:85,截断的位置：37 路段总长：41 更新后的路径:4
[2025-04-17 16:45:13.990] [predicting] [info] 更新road_map_信息,id:86,截断的位置：42 路段总长：46 更新后的路径:4
[2025-04-17 16:45:13.990] [predicting] [info] 更新road_map_信息,id:87,截断的位置：38 路段总长：42 更新后的路径:4
[2025-04-17 16:45:13.990] [predicting] [info] 更新road_map_信息,id:88,截断的位置：37 路段总长：41 更新后的路径:4
[2025-04-17 16:45:13.991] [predicting] [info] 更新road_map_信息,id:89,截断的位置：39 路段总长：43 更新后的路径:4
[2025-04-17 16:45:13.991] [predicting] [info] 更新road_map_信息,id:90,截断的位置：42 路段总长：46 更新后的路径:4
[2025-04-17 16:45:13.991] [predicting] [info] 更新road_map_信息,id:91,截断的位置：50 路段总长：55 更新后的路径:5
[2025-04-17 16:45:13.991] [predicting] [info] 更新road_map_信息完毕
[2025-04-17 16:45:13.991] [predicting] [info] 进入 findPathsToLeafRoads 函数
[2025-04-17 16:45:13.991] [predicting] [info] dfs函数内部，当前push_back的路段id:85
[2025-04-17 16:45:13.992] [predicting] [info] dfs函数内部，当前push_back的路段id:84
[2025-04-17 16:45:13.992] [predicting] [info] dfs函数内部，当前push_back的路段id:68
[2025-04-17 16:45:13.992] [predicting] [info] dfs函数内部，当前探索到的路id为 68,已经满足 100 阈值
[2025-04-17 16:45:13.992] [predicting] [info] dfs函数内部，当前push_back的路段id:102
[2025-04-17 16:45:13.992] [predicting] [info] dfs函数内部，当前push_back的路段id:107
[2025-04-17 16:45:13.992] [predicting] [info] dfs函数内部，当前探索到的路id为 107,已经满足 100 阈值
[2025-04-17 16:45:13.992] [predicting] [info] temp_road_nodes.size():2
[2025-04-17 16:45:13.992] [predicting] [info] 进入 findPathsToLeafRoads 函数
[2025-04-17 16:45:13.992] [predicting] [info] dfs函数内部，当前push_back的路段id:86
[2025-04-17 16:45:13.993] [predicting] [info] dfs函数内部，当前push_back的路段id:84
[2025-04-17 16:45:13.993] [predicting] [info] dfs函数内部，当前push_back的路段id:68
[2025-04-17 16:45:13.993] [predicting] [info] dfs函数内部，当前探索到的路id为 68,已经满足 100 阈值
[2025-04-17 16:45:13.993] [predicting] [info] dfs函数内部，当前push_back的路段id:102
[2025-04-17 16:45:13.993] [predicting] [info] dfs函数内部，当前push_back的路段id:107
[2025-04-17 16:45:13.993] [predicting] [info] dfs函数内部，当前探索到的路id为 107,已经满足 100 阈值
[2025-04-17 16:45:13.993] [predicting] [info] temp_road_nodes.size():2
[2025-04-17 16:45:13.993] [predicting] [info] 进入 findPathsToLeafRoads 函数
[2025-04-17 16:45:13.994] [predicting] [info] dfs函数内部，当前push_back的路段id:87
[2025-04-17 16:45:13.994] [predicting] [info] dfs函数内部，当前push_back的路段id:84
[2025-04-17 16:45:13.994] [predicting] [info] dfs函数内部，当前push_back的路段id:68
[2025-04-17 16:45:13.994] [predicting] [info] dfs函数内部，当前探索到的路id为 68,已经满足 100 阈值
[2025-04-17 16:45:13.994] [predicting] [info] dfs函数内部，当前push_back的路段id:102
[2025-04-17 16:45:13.994] [predicting] [info] dfs函数内部，当前push_back的路段id:107
[2025-04-17 16:45:13.994] [predicting] [info] dfs函数内部，当前探索到的路id为 107,已经满足 100 阈值
[2025-04-17 16:45:13.994] [predicting] [info] temp_road_nodes.size():2
[2025-04-17 16:45:13.995] [predicting] [info] 进入 findPathsToLeafRoads 函数
[2025-04-17 16:45:13.995] [predicting] [info] dfs函数内部，当前push_back的路段id:88
[2025-04-17 16:45:13.995] [predicting] [info] dfs函数内部，当前push_back的路段id:84
[2025-04-17 16:45:13.995] [predicting] [info] dfs函数内部，当前push_back的路段id:68
[2025-04-17 16:45:13.995] [predicting] [info] dfs函数内部，当前探索到的路id为 68,已经满足 100 阈值
[2025-04-17 16:45:13.996] [predicting] [info] dfs函数内部，当前push_back的路段id:102
[2025-04-17 16:45:13.996] [predicting] [info] dfs函数内部，当前push_back的路段id:107
[2025-04-17 16:45:13.996] [predicting] [info] dfs函数内部，当前探索到的路id为 107,已经满足 100 阈值
[2025-04-17 16:45:13.996] [predicting] [info] temp_road_nodes.size():2
[2025-04-17 16:45:13.996] [predicting] [info] 进入 findPathsToLeafRoads 函数
[2025-04-17 16:45:13.996] [predicting] [info] dfs函数内部，当前push_back的路段id:89
[2025-04-17 16:45:13.996] [predicting] [info] dfs函数内部，当前push_back的路段id:84
[2025-04-17 16:45:13.996] [predicting] [info] dfs函数内部，当前push_back的路段id:68
[2025-04-17 16:45:13.997] [predicting] [info] dfs函数内部，当前探索到的路id为 68,已经满足 100 阈值
[2025-04-17 16:45:13.997] [predicting] [info] dfs函数内部，当前push_back的路段id:102
[2025-04-17 16:45:13.997] [predicting] [info] dfs函数内部，当前push_back的路段id:107
[2025-04-17 16:45:13.997] [predicting] [info] dfs函数内部，当前探索到的路id为 107,已经满足 100 阈值
[2025-04-17 16:45:13.997] [predicting] [info] temp_road_nodes.size():2
[2025-04-17 16:45:13.997] [predicting] [info] 进入 findPathsToLeafRoads 函数
[2025-04-17 16:45:13.997] [predicting] [info] dfs函数内部，当前push_back的路段id:90
[2025-04-17 16:45:13.998] [predicting] [info] dfs函数内部，当前push_back的路段id:84
[2025-04-17 16:45:13.998] [predicting] [info] dfs函数内部，当前push_back的路段id:68
[2025-04-17 16:45:13.998] [predicting] [info] dfs函数内部，当前探索到的路id为 68,已经满足 100 阈值
[2025-04-17 16:45:13.998] [predicting] [info] dfs函数内部，当前push_back的路段id:102
[2025-04-17 16:45:13.998] [predicting] [info] dfs函数内部，当前push_back的路段id:107
[2025-04-17 16:45:13.998] [predicting] [info] dfs函数内部，当前探索到的路id为 107,已经满足 100 阈值
[2025-04-17 16:45:13.998] [predicting] [info] temp_road_nodes.size():2
[2025-04-17 16:45:13.998] [predicting] [info] 进入 findPathsToLeafRoads 函数
[2025-04-17 16:45:13.998] [predicting] [info] dfs函数内部，当前push_back的路段id:91
[2025-04-17 16:45:13.998] [predicting] [info] dfs函数内部，当前push_back的路段id:84
[2025-04-17 16:45:13.998] [predicting] [info] dfs函数内部，当前push_back的路段id:68
[2025-04-17 16:45:13.998] [predicting] [info] dfs函数内部，当前探索到的路id为 68,已经满足 100 阈值
[2025-04-17 16:45:13.999] [predicting] [info] dfs函数内部，当前push_back的路段id:102
[2025-04-17 16:45:13.999] [predicting] [info] dfs函数内部，当前push_back的路段id:107
[2025-04-17 16:45:13.999] [predicting] [info] dfs函数内部，当前探索到的路id为 107,已经满足 100 阈值
[2025-04-17 16:45:13.999] [predicting] [info] temp_road_nodes.size():2
[2025-04-17 16:45:13.999] [predicting] [info] final_result.size():14
[2025-04-17 16:45:13.999] [predicting] [info] nearest_index:37
[2025-04-17 16:45:13.999] [predicting] [info] nearest_index:37
[2025-04-17 16:45:13.999] [predicting] [info] nearest_index:42
[2025-04-17 16:45:13.999] [predicting] [info] nearest_index:42
[2025-04-17 16:45:13.999] [predicting] [info] nearest_index:38
[2025-04-17 16:45:13.999] [predicting] [info] nearest_index:38
[2025-04-17 16:45:13.999] [predicting] [info] nearest_index:37
[2025-04-17 16:45:13.999] [predicting] [info] nearest_index:37
[2025-04-17 16:45:13.999] [predicting] [info] nearest_index:39
[2025-04-17 16:45:14.000] [predicting] [info] nearest_index:39
[2025-04-17 16:45:14.000] [predicting] [info] nearest_index:42
[2025-04-17 16:45:14.000] [predicting] [info] nearest_index:42
[2025-04-17 16:45:14.000] [predicting] [info] nearest_index:50
[2025-04-17 16:45:14.000] [predicting] [info] nearest_index:50
[2025-04-17 16:45:14.000] [predicting] [info] 当前推入的路径大小:1421 path.size():1
[2025-04-17 16:45:17.482] [predicting] [info] start_point.x =153.52098574269064
[2025-04-17 16:45:17.482] [predicting] [info] start_point.y =-324.67741254766247
[2025-04-17 16:45:17.482] [predicting] [info] start_point.yaw =269.567885577681
[2025-04-17 16:45:17.482] [predicting] [info] Enter PredictingIntface 
[2025-04-17 16:45:17.482] [predicting] [info] referenceline_relation_.size():48
[2025-04-17 16:45:17.482] [predicting] [info] all_referencelines_.size():51
[2025-04-17 16:45:17.483] [predicting] [info] 进入 PreddictPath 函数
[2025-04-17 16:45:17.483] [predicting] [info] 进入 findCurrentRoad 函数
[2025-04-17 16:45:17.483] [predicting] [info] 当前路径id:7 最近距离：317.25862014553695 角度差：170.68788557768102 最近点纵向距离：223.83924763049214
[2025-04-17 16:45:17.483] [predicting] [info] 当前路径id:8 最近距离：321.93947519999085 角度差：138.63788557768103 最近点纵向距离：318.72472485587014
[2025-04-17 16:45:17.483] [predicting] [info] 当前路径id:30 最近距离：321.9394752432356 角度差：138.20788557768103 最近点纵向距离：319.05633799659984
[2025-04-17 16:45:17.483] [predicting] [info] 当前路径id:52 最近距离：683.0186430978089 角度差：32.722114422319 最近点纵向距离：1.0584241634066416
[2025-04-17 16:45:17.483] [predicting] [info] 当前路径id:53 最近距离：681.8914915611402 角度差：116.73211442231897 最近点纵向距离：612.0598756444826
[2025-04-17 16:45:17.483] [predicting] [info] 当前路径id:54 最近距离：29.110376474109316 角度差：162.707885577681 最近点纵向距离：29.002316133978564
[2025-04-17 16:45:17.484] [predicting] [info] 当前路径id:56 最近距离：277.30410759846023 角度差：142.69788557768103 最近点纵向距离：258.5250956082074
[2025-04-17 16:45:17.484] [predicting] [info] 当前路径id:57 最近距离：278.54639043139645 角度差：44.05211442231896 最近点纵向距离：267.1826160582842
[2025-04-17 16:45:17.484] [predicting] [info] 当前路径id:59 最近距离：682.8342181974784 角度差：64.39788557768107 最近点纵向距离：610.6385608280759
[2025-04-17 16:45:17.484] [predicting] [info] 当前路径id:60 最近距离：661.0196079756273 角度差：136.672114422319 最近点纵向距离：625.4336750874867
[2025-04-17 16:45:17.484] [predicting] [info] 当前路径id:66 最近距离：73.48967383522186 角度差：62.35211442231899 最近点纵向距离：71.93789960312878
[2025-04-17 16:45:17.484] [predicting] [info] 当前路径id:68 最近距离：99.59715842059423 角度差：2.2221144223190143 最近点纵向距离：99.4205568539215
[2025-04-17 16:45:17.484] [predicting] [info] 当前路径id:69 最近距离：25.511511049658274 角度差：52.96211442231896 最近点纵向距离：0.11925783776980481
[2025-04-17 16:45:17.485] [predicting] [info] 当前路径id:70 最近距离：32.22813631883037 角度差：44.83211442231896 最近点纵向距离：17.610860900745944
[2025-04-17 16:45:17.485] [predicting] [info] 当前路径id:71 最近距离：32.22813631883037 角度差：44.882114422318956 最近点纵向距离：17.63440822262602
[2025-04-17 16:45:17.485] [predicting] [info] 当前路径id:72 最近距离：32.22813631883037 角度差：44.762114422318966 最近点纵向距离：17.57787212291902
[2025-04-17 16:45:17.485] [predicting] [info] 当前路径id:73 最近距离：32.22813631883037 角度差：44.69211442231897 最近点纵向距离：17.5448571079177
[2025-04-17 16:45:17.485] [predicting] [info] 当前路径id:74 最近距离：32.22813631883037 角度差：44.75211442231896 最近点纵向距离：17.573157297413218
[2025-04-17 16:45:17.485] [predicting] [info] 当前路径id:75 最近距离：32.22813631883037 角度差：44.762114422318966 最近点纵向距离：17.57787212291902
[2025-04-17 16:45:17.485] [predicting] [info] 当前路径id:76 最近距离：86.98849049708488 角度差：51.79788557768103 最近点纵向距离：12.64865010317996
[2025-04-17 16:45:17.485] [predicting] [info] 当前路径id:77 最近距离：80.12850342159966 角度差：51.91788557768103 最近点纵向距离：12.935044030410197
[2025-04-17 16:45:17.486] [predicting] [info] 当前路径id:78 最近距离：73.04747935121682 角度差：52.317885577681 最近点纵向距离：13.447686777334628
[2025-04-17 16:45:17.486] [predicting] [info] 当前路径id:79 最近距离：66.01599141486234 角度差：51.377885577681056 最近点纵向距离：11.982229964918567
[2025-04-17 16:45:17.486] [predicting] [info] 当前路径id:80 最近距离：32.22813631883037 角度差：44.762114422318966 最近点纵向距离：17.57787212291902
[2025-04-17 16:45:17.486] [predicting] [info] 当前路径id:81 最近距离：52.90842984924432 角度差：51.63788557768104 最近点纵向距离：12.827919955704623
[2025-04-17 16:45:17.486] [predicting] [info] 当前路径id:82 最近距离：46.0921223407702 角度差：51.837885577681035 最近点纵向距离：13.353516682892899
[2025-04-17 16:45:17.486] [predicting] [info] 当前路径id:83 最近距离：59.61414651010785 角度差：52.28788557768105 最近点纵向距离：13.199896550962244
[2025-04-17 16:45:17.486] [predicting] [info] 当前路径id:84 最近距离：61.41270512056946 角度差：52.547885577681036 最近点纵向距离：0.37313084025683096
[2025-04-17 16:45:17.486] [predicting] [info] 当前路径id:85 最近距离：60.1579976580226 角度差：36.25788557768104 最近点纵向距离：0.28062482851285964
[2025-04-17 16:45:17.487] [predicting] [info] 当前路径id:86 最近距离：53.00573673261796 角度差：22.837885577681057 最近点纵向距离：0.13580240980713043
[2025-04-17 16:45:17.487] [predicting] [info] 当前路径id:87 最近距离：58.62256717673887 角度差：30.37788557768104 最近点纵向距离：1.8984742012658593
[2025-04-17 16:45:17.487] [predicting] [info] 当前路径id:88 最近距离：61.44744954325679 角度差：52.16788557768102 最近点纵向距离：1.965822916791538
[2025-04-17 16:45:17.487] [predicting] [info] 当前路径id:89 最近距离：61.44744954325679 角度差：52.507885577681044 最近点纵向距离：2.3302360242495297
[2025-04-17 16:45:17.487] [predicting] [info] 当前路径id:90 最近距离：61.44744954325679 角度差：52.81788557768108 最近点纵向距离：2.6624238476647193
[2025-04-17 16:45:17.488] [predicting] [info] 当前路径id:91 最近距离：61.44744954325679 角度差：54.587885577681014 最近点纵向距离：4.557323958652852
[2025-04-17 16:45:17.488] [predicting] [info] 当前路径id:92 最近距离：682.8342179993323 角度差：63.037885577681045 最近点纵向距离：617.7194122006046
[2025-04-17 16:45:17.488] [predicting] [info] 当前路径id:93 最近距离：681.8914913620196 角度差：117.112114422319 最近点纵向距离：614.0400363655285
[2025-04-17 16:45:17.488] [predicting] [info] 当前路径id:99 最近距离：801.0022431330514 角度差：167.23788557768103 最近点纵向距离：155.32056570255648
[2025-04-17 16:45:17.488] [predicting] [info] 当前路径id:102 最近距离：61.427519175506724 角度差：51.677885577681046 最近点纵向距离：0.44053210906671225
[2025-04-17 16:45:17.488] [predicting] [info] 当前路径id:103 最近距离：39.79390047659859 角度差：125.31788557768104 最近点纵向距离：38.746902222013816
[2025-04-17 16:45:17.488] [predicting] [info] 当前路径id:105 最近距离：0.21587624007437084 角度差：153.64788557768105 最近点纵向距离：0.1381094817012108
[2025-04-17 16:45:17.488] [predicting] [info] 当前路径id:107 最近距离：111.92655156391484 角度差：10.752114422318941 最近点纵向距离：111.17107658383122
[2025-04-17 16:45:17.488] [predicting] [info] 当前路径id:108 最近距离：112.773513376968 角度差：168.347885577681 最近点纵向距离：111.4521585877854
[2025-04-17 16:45:17.489] [predicting] [info] 当前路径id:109 最近距离：358.0241734634761 角度差：26.05788557768101 最近点纵向距离：315.42324337374953
[2025-04-17 16:45:17.489] [predicting] [info] 当前路径id:117 最近距离：29.110376464665546 角度差：161.31788557768104 最近点纵向距离：29.054569929446664
[2025-04-17 16:45:17.489] [predicting] [info] 当前路径id:119 最近距离：26.83517552992178 角度差：19.172114422318977 最近点纵向距离：26.044145885030975
[2025-04-17 16:45:17.489] [predicting] [info] 当前路径id:121 最近距离：8.46582552964858 角度差：26.35211442231899 最近点纵向距离：0.427009936701952
[2025-04-17 16:45:17.489] [predicting] [info] 当前路径id:122 最近距离：26.83517552992178 角度差：20.462114422318948 最近点纵向距离：25.891942303026813
[2025-04-17 16:45:17.489] [predicting] [info] 当前路径id:126 最近距离：815.9245306181252 角度差：26.552114422318976 最近点纵向距离：2.1806163234198266
[2025-04-17 16:45:17.489] [predicting] [info] 当前路径id:127 最近距离：3.579540978257031 角度差：174.91211442231895 最近点纵向距离：0.16137117897244177
[2025-04-17 16:45:17.489] [predicting] [info] 当前路径id:129 最近距离：358.7195393770593 角度差：178.05788557768102 最近点纵向距离：356.22164509962994
[2025-04-17 16:45:17.490] [predicting] [info] validRoads.size():1
[2025-04-17 16:45:17.490] [predicting] [info] currentRoads.size():1 
[2025-04-17 16:45:17.490] [predicting] [info] roadMap.size():51
[2025-04-17 16:45:17.490] [predicting] [info] id:7 following_road.size():1
[2025-04-17 16:45:17.490] [predicting] [info] id:8 following_road.size():1
[2025-04-17 16:45:17.490] [predicting] [info] id:30 following_road.size():1
[2025-04-17 16:45:17.490] [predicting] [info] id:52 following_road.size():1
[2025-04-17 16:45:17.490] [predicting] [info] id:53 following_road.size():1
[2025-04-17 16:45:17.491] [predicting] [info] id:54 following_road.size():2
[2025-04-17 16:45:17.491] [predicting] [info] id:56 following_road.size():1
[2025-04-17 16:45:17.492] [predicting] [info] id:57 following_road.size():1
[2025-04-17 16:45:17.492] [predicting] [info] id:59 following_road.size():1
[2025-04-17 16:45:17.492] [predicting] [info] id:66 following_road.size():2
[2025-04-17 16:45:17.492] [predicting] [info] id:68 following_road.size():2
[2025-04-17 16:45:17.492] [predicting] [info] id:69 following_road.size():7
[2025-04-17 16:45:17.492] [predicting] [info] id:70 following_road.size():1
[2025-04-17 16:45:17.492] [predicting] [info] id:71 following_road.size():1
[2025-04-17 16:45:17.492] [predicting] [info] id:72 following_road.size():1
[2025-04-17 16:45:17.493] [predicting] [info] id:73 following_road.size():1
[2025-04-17 16:45:17.493] [predicting] [info] id:74 following_road.size():1
[2025-04-17 16:45:17.493] [predicting] [info] id:75 following_road.size():1
[2025-04-17 16:45:17.493] [predicting] [info] id:76 following_road.size():1
[2025-04-17 16:45:17.493] [predicting] [info] id:77 following_road.size():1
[2025-04-17 16:45:17.493] [predicting] [info] id:78 following_road.size():1
[2025-04-17 16:45:17.493] [predicting] [info] id:79 following_road.size():1
[2025-04-17 16:45:17.493] [predicting] [info] id:80 following_road.size():1
[2025-04-17 16:45:17.494] [predicting] [info] id:81 following_road.size():1
[2025-04-17 16:45:17.494] [predicting] [info] id:82 following_road.size():1
[2025-04-17 16:45:17.494] [predicting] [info] id:83 following_road.size():1
[2025-04-17 16:45:17.494] [predicting] [info] id:84 following_road.size():1
[2025-04-17 16:45:17.494] [predicting] [info] id:85 following_road.size():2
[2025-04-17 16:45:17.494] [predicting] [info] id:86 following_road.size():2
[2025-04-17 16:45:17.494] [predicting] [info] id:87 following_road.size():2
[2025-04-17 16:45:17.495] [predicting] [info] id:88 following_road.size():2
[2025-04-17 16:45:17.495] [predicting] [info] id:89 following_road.size():2
[2025-04-17 16:45:17.495] [predicting] [info] id:90 following_road.size():2
[2025-04-17 16:45:17.495] [predicting] [info] id:91 following_road.size():2
[2025-04-17 16:45:17.495] [predicting] [info] id:92 following_road.size():1
[2025-04-17 16:45:17.495] [predicting] [info] id:93 following_road.size():1
[2025-04-17 16:45:17.495] [predicting] [info] id:102 following_road.size():1
[2025-04-17 16:45:17.495] [predicting] [info] id:103 following_road.size():1
[2025-04-17 16:45:17.495] [predicting] [info] id:105 following_road.size():1
[2025-04-17 16:45:17.495] [predicting] [info] id:107 following_road.size():1
[2025-04-17 16:45:17.495] [predicting] [info] id:108 following_road.size():1
[2025-04-17 16:45:17.495] [predicting] [info] id:117 following_road.size():2
[2025-04-17 16:45:17.495] [predicting] [info] id:119 following_road.size():1
[2025-04-17 16:45:17.495] [predicting] [info] id:121 following_road.size():2
[2025-04-17 16:45:17.495] [predicting] [info] id:122 following_road.size():1
[2025-04-17 16:45:17.495] [predicting] [info] id:126 following_road.size():1
[2025-04-17 16:45:17.495] [predicting] [info] id:127 following_road.size():7
[2025-04-17 16:45:17.495] [predicting] [info] id:129 following_road.size():1
[2025-04-17 16:45:17.495] [predicting] [info] roadMap.size():51
[2025-04-17 16:45:17.496] [predicting] [info] road_map_.size():51 
[2025-04-17 16:45:17.496] [predicting] [info] 更新road_map_信息,id:121,截断的位置：72 路段总长：98 更新后的路径:26
[2025-04-17 16:45:17.496] [predicting] [info] 更新road_map_信息完毕
[2025-04-17 16:45:17.496] [predicting] [info] 进入 findPathsToLeafRoads 函数
[2025-04-17 16:45:17.496] [predicting] [info] dfs函数内部，当前push_back的路段id:121
[2025-04-17 16:45:17.496] [predicting] [info] dfs函数内部，当前push_back的路段id:119
[2025-04-17 16:45:17.496] [predicting] [info] dfs函数内部，当前push_back的路段id:68
[2025-04-17 16:45:17.496] [predicting] [info] dfs函数内部，当前探索到的路id为 68,已经满足 100 阈值
[2025-04-17 16:45:17.497] [predicting] [info] dfs函数内部，当前push_back的路段id:122
[2025-04-17 16:45:17.497] [predicting] [info] dfs函数内部，当前探索到的路id为 122,已经满足 100 阈值
[2025-04-17 16:45:17.497] [predicting] [info] temp_road_nodes.size():2
[2025-04-17 16:45:17.497] [predicting] [info] final_result.size():2
[2025-04-17 16:45:17.497] [predicting] [info] nearest_index:72
[2025-04-17 16:45:17.497] [predicting] [info] nearest_index:72
[2025-04-17 16:45:17.497] [predicting] [info] 当前推入的路径大小:203 path.size():1
[2025-04-17 16:45:25.482] [predicting] [info] start_point.x =-121.80792508494609
[2025-04-17 16:45:25.482] [predicting] [info] start_point.y =-123.02094892461562
[2025-04-17 16:45:25.482] [predicting] [info] start_point.yaw =294.1383504752105
[2025-04-17 16:45:25.483] [predicting] [info] Enter PredictingIntface 
[2025-04-17 16:45:25.483] [predicting] [info] referenceline_relation_.size():48
[2025-04-17 16:45:25.483] [predicting] [info] all_referencelines_.size():51
[2025-04-17 16:45:25.483] [predicting] [info] 进入 PreddictPath 函数
[2025-04-17 16:45:25.483] [predicting] [info] 进入 findCurrentRoad 函数
[2025-04-17 16:45:25.483] [predicting] [info] 当前路径id:7 最近距离：17.251584762878576 角度差：151.41164952478957 最近点纵向距离：0.04243288181346583
[2025-04-17 16:45:25.483] [predicting] [info] 当前路径id:8 最近距离：1.8880323944649635 角度差：13.208350475210423 最近点纵向距离：0.16146127542792638
[2025-04-17 16:45:25.483] [predicting] [info] 当前路径id:30 最近距离：29.64136423184184 角度差：159.14835047521046 最近点纵向距离：0.16665519890356428
[2025-04-17 16:45:25.483] [predicting] [info] 当前路径id:52 最近距离：630.2222086262533 角度差：20.621649524789508 最近点纵向距离：160.97524573091835
[2025-04-17 16:45:25.483] [predicting] [info] 当前路径id:53 最近距离：729.7036671864096 角度差：10.571649524789523 最近点纵向距离：440.79162466079583
[2025-04-17 16:45:25.483] [predicting] [info] 当前路径id:54 最近距离：366.29550074970706 角度差：172.72164952478957 最近点纵向距离：301.84562279913183
[2025-04-17 16:45:25.483] [predicting] [info] 当前路径id:56 最近距离：24.055538076438456 角度差：164.98164952478953 最近点纵向距离：17.96856388547324
[2025-04-17 16:45:25.483] [predicting] [info] 当前路径id:57 最近距离：2.08611778261451 角度差：11.568350475210472 最近点纵向距离：0.8475806417296317
[2025-04-17 16:45:25.483] [predicting] [info] 当前路径id:59 最近距离：724.572712210062 角度差：171.69835047521045 最近点纵向距离：463.2837667558237
[2025-04-17 16:45:25.483] [predicting] [info] 当前路径id:60 最近距离：593.8197467703877 角度差：112.10164952478952 最近点纵向距离：580.6504506051147
[2025-04-17 16:45:25.483] [predicting] [info] 当前路径id:66 最近距离：71.20279922407653 角度差：19.981649524789546 最近点纵向距离：68.58007676288173
[2025-04-17 16:45:25.483] [predicting] [info] 当前路径id:68 最近距离：413.9653719467678 角度差：22.348350475210413 最近点纵向距离：309.57887734413697
[2025-04-17 16:45:25.483] [predicting] [info] 当前路径id:69 最近距离：267.9797761116437 角度差：37.951649524789495 最近点纵向距离：265.802902814174
[2025-04-17 16:45:25.483] [predicting] [info] 当前路径id:70 最近距离：363.83010549889644 角度差：20.26164952478953 最近点纵向距离：354.32644032034995
[2025-04-17 16:45:25.483] [predicting] [info] 当前路径id:71 最近距离：363.83010549889644 角度差：20.31164952478953 最近点纵向距离：354.3983999539727
[2025-04-17 16:45:25.483] [predicting] [info] 当前路径id:72 最近距离：363.83010549889644 角度差：20.191649524789533 最近点纵向距离：354.22524352279595
[2025-04-17 16:45:25.483] [predicting] [info] 当前路径id:73 最近距离：363.83010549889644 角度差：20.12164952478954 最近点纵向距离：354.1235179997272
[2025-04-17 16:45:25.483] [predicting] [info] 当前路径id:74 最近距离：363.83010549889644 角度差：20.181649524789535 最近点纵向距离：354.21074367263174
[2025-04-17 16:45:25.483] [predicting] [info] 当前路径id:75 最近距离：363.83010549889644 角度差：20.191649524789533 最近点纵向距离：354.22524352279595
[2025-04-17 16:45:25.483] [predicting] [info] 当前路径id:76 最近距离：427.65015343976046 角度差：76.36835047521046 最近点纵向距离：106.77627518115256
[2025-04-17 16:45:25.483] [predicting] [info] 当前路径id:77 最近距离：420.9453102045349 角度差：76.48835047521045 最近点纵向距离：107.74951100075964
[2025-04-17 16:45:25.483] [predicting] [info] 当前路径id:78 最近距离：414.0052443741038 角度差：76.88835047521049 最近点纵向距离：110.54860607078902
[2025-04-17 16:45:25.483] [predicting] [info] 当前路径id:79 最近距离：407.0730925488758 角度差：75.94835047521045 最近点纵向距离：103.70267670024916
[2025-04-17 16:45:25.483] [predicting] [info] 当前路径id:80 最近距离：363.83010549889644 角度差：20.191649524789533 最近点纵向距离：354.22524352279595
[2025-04-17 16:45:25.484] [predicting] [info] 当前路径id:81 最近距离：394.16432845775313 角度差：76.20835047521042 最近点纵向距离：106.03911409179238
[2025-04-17 16:45:25.484] [predicting] [info] 当前路径id:82 最近距离：387.367230900818 角度差：76.40835047521051 最近点纵向距离：107.71013508378954
[2025-04-17 16:45:25.484] [predicting] [info] 当前路径id:83 最近距离：400.7868901281663 角度差：76.85835047521043 最近点纵向距离：110.12949469714286
[2025-04-17 16:45:25.484] [predicting] [info] 当前路径id:84 最近距离：396.15530293858484 角度差：65.83835047521046 最近点纵向距离：1.7045883326167939
[2025-04-17 16:45:25.484] [predicting] [info] 当前路径id:85 最近距离：401.0536526788846 角度差：75.46835047521047 最近点纵向距离：89.56748246450167
[2025-04-17 16:45:25.484] [predicting] [info] 当前路径id:86 最近距离：392.9374389822478 角度差：58.01835047521048 最近点纵向距离：1.340105464720466
[2025-04-17 16:45:25.484] [predicting] [info] 当前路径id:87 最近距离：399.723389905881 角度差：58.13835047521048 最近点纵向距离：9.858625528430252
[2025-04-17 16:45:25.484] [predicting] [info] 当前路径id:88 最近距离：401.0536526788846 角度差：76.73835047521044 最近点纵向距离：98.20987120568199
[2025-04-17 16:45:25.484] [predicting] [info] 当前路径id:89 最近距离：401.0536526788846 角度差：77.07835047521043 最近点纵向距离：100.5155691186304
[2025-04-17 16:45:25.484] [predicting] [info] 当前路径id:90 最近距离：401.0536526788846 角度差：77.38835047521046 最近点纵向距离：102.61474034263472
[2025-04-17 16:45:25.484] [predicting] [info] 当前路径id:91 最近距离：401.0536526788846 角度差：79.1583504752105 最近点纵向距离：114.54094813228599
[2025-04-17 16:45:25.484] [predicting] [info] 当前路径id:92 最近距离：743.1788162324635 角度差：167.6316495247895 最近点纵向距离：500.5319398658027
[2025-04-17 16:45:25.484] [predicting] [info] 当前路径id:93 最近距离：743.1040640032924 角度差：9.378350475210457 最近点纵向距离：462.6833442144412
[2025-04-17 16:45:25.484] [predicting] [info] 当前路径id:99 最近距离：694.6139330836976 角度差：168.19164952478954 最近点纵向距离：411.1198696859418
[2025-04-17 16:45:25.484] [predicting] [info] 当前路径id:102 最近距离：398.9034507334387 角度差：64.04835047521047 最近点纵向距离：2.448452948898961
[2025-04-17 16:45:25.484] [predicting] [info] 当前路径id:103 最近距离：68.00559113340569 角度差：166.95835047521044 最近点纵向距离：67.99096306849822
[2025-04-17 16:45:25.484] [predicting] [info] 当前路径id:105 最近距离：302.58556575644735 角度差：150.43835047521043 最近点纵向距离：302.4464761315289
[2025-04-17 16:45:25.484] [predicting] [info] 当前路径id:107 最近距离：436.08751816076636 角度差：13.818350475210488 最近点纵向距离：358.88923100751475
[2025-04-17 16:45:25.484] [predicting] [info] 当前路径id:108 最近距离：439.50903188985626 角度差：167.08164952478955 最近点纵向距离：362.8270283786416
[2025-04-17 16:45:25.484] [predicting] [info] 当前路径id:109 最近距离：628.4794049399169 角度差：50.62835047521043 最近点纵向距离：373.1000925153025
[2025-04-17 16:45:25.484] [predicting] [info] 当前路径id:117 最近距离：366.2955006667176 角度差：174.11164952478953 最近点纵向距离：306.7905869750224
[2025-04-17 16:45:25.485] [predicting] [info] 当前路径id:119 最近距离：359.4600171243263 角度差：5.39835047521045 最近点纵向距离：305.46611026169654
[2025-04-17 16:45:25.485] [predicting] [info] 当前路径id:121 最近距离：267.9797761116437 角度差：37.56164952478952 最近点纵向距离：266.0287716247804
[2025-04-17 16:45:25.485] [predicting] [info] 当前路径id:122 最近距离：359.4600171243263 角度差：4.1083504752104805 最近点纵向距离：309.6543827059213
[2025-04-17 16:45:25.485] [predicting] [info] 当前路径id:126 最近距离：723.4236706844279 角度差：6.001649524789502 最近点纵向距离：254.61669626798917
[2025-04-17 16:45:25.485] [predicting] [info] 当前路径id:127 最近距离：341.9303733409683 角度差：120.22164952478951 最近点纵向距离：6.000711663617551
[2025-04-17 16:45:25.485] [predicting] [info] 当前路径id:129 最近距离：645.5634337425557 角度差：157.37164952478955 最近点纵向距离：565.0633897525945
[2025-04-17 16:45:25.485] [predicting] [info] validRoads.size():2
[2025-04-17 16:45:25.485] [predicting] [info] currentRoads.size():2 
[2025-04-17 16:45:25.485] [predicting] [info] roadMap.size():51
[2025-04-17 16:45:25.485] [predicting] [info] id:7 following_road.size():1
[2025-04-17 16:45:25.485] [predicting] [info] id:8 following_road.size():1
[2025-04-17 16:45:25.485] [predicting] [info] id:30 following_road.size():1
[2025-04-17 16:45:25.485] [predicting] [info] id:52 following_road.size():1
[2025-04-17 16:45:25.485] [predicting] [info] id:53 following_road.size():1
[2025-04-17 16:45:25.485] [predicting] [info] id:54 following_road.size():2
[2025-04-17 16:45:25.485] [predicting] [info] id:56 following_road.size():1
[2025-04-17 16:45:25.485] [predicting] [info] id:57 following_road.size():1
[2025-04-17 16:45:25.485] [predicting] [info] id:59 following_road.size():1
[2025-04-17 16:45:25.485] [predicting] [info] id:66 following_road.size():2
[2025-04-17 16:45:25.485] [predicting] [info] id:68 following_road.size():2
[2025-04-17 16:45:25.486] [predicting] [info] id:69 following_road.size():7
[2025-04-17 16:45:25.486] [predicting] [info] id:70 following_road.size():1
[2025-04-17 16:45:25.486] [predicting] [info] id:71 following_road.size():1
[2025-04-17 16:45:25.486] [predicting] [info] id:72 following_road.size():1
[2025-04-17 16:45:25.486] [predicting] [info] id:73 following_road.size():1
[2025-04-17 16:45:25.486] [predicting] [info] id:74 following_road.size():1
[2025-04-17 16:45:25.486] [predicting] [info] id:75 following_road.size():1
[2025-04-17 16:45:25.486] [predicting] [info] id:76 following_road.size():1
[2025-04-17 16:45:25.486] [predicting] [info] id:77 following_road.size():1
[2025-04-17 16:45:25.486] [predicting] [info] id:78 following_road.size():1
[2025-04-17 16:45:25.486] [predicting] [info] id:79 following_road.size():1
[2025-04-17 16:45:25.486] [predicting] [info] id:80 following_road.size():1
[2025-04-17 16:45:25.486] [predicting] [info] id:81 following_road.size():1
[2025-04-17 16:45:25.486] [predicting] [info] id:82 following_road.size():1
[2025-04-17 16:45:25.486] [predicting] [info] id:83 following_road.size():1
[2025-04-17 16:45:25.486] [predicting] [info] id:84 following_road.size():1
[2025-04-17 16:45:25.486] [predicting] [info] id:85 following_road.size():2
[2025-04-17 16:45:25.486] [predicting] [info] id:86 following_road.size():2
[2025-04-17 16:45:25.486] [predicting] [info] id:87 following_road.size():2
[2025-04-17 16:45:25.486] [predicting] [info] id:88 following_road.size():2
[2025-04-17 16:45:25.486] [predicting] [info] id:89 following_road.size():2
[2025-04-17 16:45:25.486] [predicting] [info] id:90 following_road.size():2
[2025-04-17 16:45:25.486] [predicting] [info] id:91 following_road.size():2
[2025-04-17 16:45:25.487] [predicting] [info] id:92 following_road.size():1
[2025-04-17 16:45:25.487] [predicting] [info] id:93 following_road.size():1
[2025-04-17 16:45:25.487] [predicting] [info] id:102 following_road.size():1
[2025-04-17 16:45:25.487] [predicting] [info] id:103 following_road.size():1
[2025-04-17 16:45:25.487] [predicting] [info] id:105 following_road.size():1
[2025-04-17 16:45:25.487] [predicting] [info] id:107 following_road.size():1
[2025-04-17 16:45:25.487] [predicting] [info] id:108 following_road.size():1
[2025-04-17 16:45:25.487] [predicting] [info] id:117 following_road.size():2
[2025-04-17 16:45:25.487] [predicting] [info] id:119 following_road.size():1
[2025-04-17 16:45:25.487] [predicting] [info] id:121 following_road.size():2
[2025-04-17 16:45:25.487] [predicting] [info] id:122 following_road.size():1
[2025-04-17 16:45:25.487] [predicting] [info] id:126 following_road.size():1
[2025-04-17 16:45:25.487] [predicting] [info] id:127 following_road.size():7
[2025-04-17 16:45:25.487] [predicting] [info] id:129 following_road.size():1
[2025-04-17 16:45:25.487] [predicting] [info] roadMap.size():51
[2025-04-17 16:45:25.487] [predicting] [info] road_map_.size():51 
[2025-04-17 16:45:25.487] [predicting] [info] 更新road_map_信息,id:8,截断的位置：55 路段总长：57 更新后的路径:2
[2025-04-17 16:45:25.487] [predicting] [info] 更新road_map_信息,id:57,截断的位置：0 路段总长：73 更新后的路径:73
[2025-04-17 16:45:25.487] [predicting] [info] 更新road_map_信息完毕
[2025-04-17 16:45:25.487] [predicting] [info] 进入 findPathsToLeafRoads 函数
[2025-04-17 16:45:25.487] [predicting] [info] dfs函数内部，当前push_back的路段id:8
[2025-04-17 16:45:25.487] [predicting] [info] dfs函数内部，当前push_back的路段id:57
[2025-04-17 16:45:25.488] [predicting] [info] dfs函数内部，当前push_back的路段id:66
[2025-04-17 16:45:25.488] [predicting] [info] dfs函数内部，当前探索到的路id为 66,已经满足 100 阈值
[2025-04-17 16:45:25.488] [predicting] [info] temp_road_nodes.size():1
[2025-04-17 16:45:25.488] [predicting] [info] 进入 findPathsToLeafRoads 函数
[2025-04-17 16:45:25.488] [predicting] [info] dfs函数内部，当前push_back的路段id:57
[2025-04-17 16:45:25.488] [predicting] [info] dfs函数内部，当前push_back的路段id:66
[2025-04-17 16:45:25.488] [predicting] [info] dfs函数内部，当前探索到的路id为 66,已经满足 100 阈值
[2025-04-17 16:45:25.488] [predicting] [info] temp_road_nodes.size():1
[2025-04-17 16:45:25.488] [predicting] [info] final_result.size():2
[2025-04-17 16:45:25.488] [predicting] [info] nearest_index:55
[2025-04-17 16:45:25.488] [predicting] [info] nearest_index:0
[2025-04-17 16:45:25.488] [predicting] [info] 当前推入的路径大小:203 path.size():1
[2025-04-17 16:45:30.383] [predicting] [info] start_point.x =103.72684206593281
[2025-04-17 16:45:30.384] [predicting] [info] start_point.y =-283.25993207891247
[2025-04-17 16:45:30.384] [predicting] [info] start_point.yaw =327.6676466579655
[2025-04-17 16:45:30.384] [predicting] [info] Enter PredictingIntface 
[2025-04-17 16:45:30.384] [predicting] [info] referenceline_relation_.size():48
[2025-04-17 16:45:30.384] [predicting] [info] all_referencelines_.size():51
[2025-04-17 16:45:30.384] [predicting] [info] 进入 PreddictPath 函数
[2025-04-17 16:45:30.384] [predicting] [info] 进入 findCurrentRoad 函数
[2025-04-17 16:45:30.384] [predicting] [info] 当前路径id:7 最近距离：252.66591151353137 角度差：131.2123533420345 最近点纵向距离：175.23170639036314
[2025-04-17 16:45:30.385] [predicting] [info] 当前路径id:8 最近距离：257.18988399313014 角度差：163.26235334203454 最近点纵向距离：254.81142124596147
[2025-04-17 16:45:30.385] [predicting] [info] 当前路径id:30 最近距离：257.18988403464783 角度差：163.69235334203452 最近点纵向距离：255.06613925522169
[2025-04-17 16:45:30.385] [predicting] [info] 当前路径id:52 最近距离：665.1149970495163 角度差：21.667646657965502 最近点纵向距离：2.65005028428709
[2025-04-17 16:45:30.385] [predicting] [info] 当前路径id:53 最近距离：687.4419061367178 角度差：58.63235334203449 最近点纵向距离：585.7709939179322
[2025-04-17 16:45:30.385] [predicting] [info] 当前路径id:54 最近距离：91.42074215962437 角度差：139.19235334203452 最近点纵向距离：83.08152170193232
[2025-04-17 16:45:30.385] [predicting] [info] 当前路径id:56 最近距离：213.32269591100135 角度差：159.20235334203448 最近点纵向距离：195.5145982581038
[2025-04-17 16:45:30.385] [predicting] [info] 当前路径id:57 最近距离：215.00533884732766 角度差：14.047646657965515 最近点纵向距离：202.84761438622502
[2025-04-17 16:45:30.385] [predicting] [info] 当前路径id:59 最近距离：687.5936546094272 角度差：122.49764665796548 最近点纵向距离：583.1874586368001
[2025-04-17 16:45:30.385] [predicting] [info] 当前路径id:60 最近距离：638.6175384982721 角度差：78.57235334203448 最近点纵向距离：620.9075933809839
[2025-04-17 16:45:30.386] [predicting] [info] 当前路径id:66 最近距离：8.723146079172883 角度差：4.2523533420345165 最近点纵向距离：8.509592592262356
[2025-04-17 16:45:30.386] [predicting] [info] 当前路径id:68 最近距离：152.41388156744588 角度差：55.87764665796546 最近点纵向距离：142.3732121226821
[2025-04-17 16:45:30.386] [predicting] [info] 当前路径id:69 最近距离：2.146483633575509 角度差：7.232353342034484 最近点纵向距离：0.4025917901293825
[2025-04-17 16:45:30.386] [predicting] [info] 当前路径id:70 最近距离：88.65138036751279 角度差：13.267646657965514 最近点纵向距离：82.04165605777591
[2025-04-17 16:45:30.386] [predicting] [info] 当前路径id:71 最近距离：88.65138036751279 角度差：13.217646657965517 最近点纵向距离：82.07093691579477
[2025-04-17 16:45:30.386] [predicting] [info] 当前路径id:72 最近距离：88.65138036751279 角度差：13.337646657965509 最近点纵向距离：82.00055789802626
[2025-04-17 16:45:30.386] [predicting] [info] 当前路径id:73 最近距离：88.65138036751279 角度差：13.407646657965504 最近点纵向距离：81.95933734217984
[2025-04-17 16:45:30.386] [predicting] [info] 当前路径id:74 最近距离：88.65138036751279 角度差：13.347646657965509 最近点纵向距离：81.99467673939658
[2025-04-17 16:45:30.386] [predicting] [info] 当前路径id:75 最近距离：88.65138036751279 角度差：13.337646657965509 最近点纵向距离：82.00055789802626
[2025-04-17 16:45:30.386] [predicting] [info] 当前路径id:76 最近距离：151.6604594272312 角度差：109.89764665796551 最近点纵向距离：26.641789697490033
[2025-04-17 16:45:30.387] [predicting] [info] 当前路径id:77 最近距离：144.8366081286319 角度差：110.0176466579655 最近点纵向距离：27.06059839095154
[2025-04-17 16:45:30.387] [predicting] [info] 当前路径id:78 最近距离：137.78541657187085 角度差：110.41764665796552 最近点纵向距离：28.01417293091219
[2025-04-17 16:45:30.387] [predicting] [info] 当前路径id:79 最近距离：130.7710212219911 角度差：109.47764665796548 最近点纵向距离：25.511438318121947
[2025-04-17 16:45:30.387] [predicting] [info] 当前路径id:80 最近距离：88.65138036751279 角度差：13.337646657965509 最近点纵向距离：82.00055789802626
[2025-04-17 16:45:30.387] [predicting] [info] 当前路径id:81 最近距离：117.66316877212242 角度差：109.73764665796546 最近点纵向距离：26.644411147626748
[2025-04-17 16:45:30.387] [predicting] [info] 当前路径id:82 最近距离：110.78323430972841 角度差：109.93764665796554 最近点纵向距离：27.390801381386282
[2025-04-17 16:45:30.388] [predicting] [info] 当前路径id:83 最近距离：124.381775461762 角度差：110.38764665796548 最近点纵向距离：27.7333371795377
[2025-04-17 16:45:30.388] [predicting] [info] 当前路径id:84 最近距离：124.39931970599271 角度差：109.57764665796547 最近点纵向距离：1.130698143753385
[2025-04-17 16:45:30.388] [predicting] [info] 当前路径id:85 最近距离：124.87309580379869 角度差：94.3576466579655 最近点纵向距离：3.1799578382811404
[2025-04-17 16:45:30.388] [predicting] [info] 当前路径id:86 最近距离：116.47469898034223 角度差：88.0176466579655 最近点纵向距离：2.2026552685743326
[2025-04-17 16:45:30.388] [predicting] [info] 当前路径id:87 最近距离：123.06035939576155 角度差：91.66764665796552 最近点纵向距离：3.131929182202711
[2025-04-17 16:45:30.388] [predicting] [info] 当前路径id:88 最近距离：125.63309105559051 角度差：110.2676466579655 最近点纵向距离：16.36704169171933
[2025-04-17 16:45:30.388] [predicting] [info] 当前路径id:89 最近距离：125.63309105559051 角度差：110.60764665796546 最近点纵向距离：17.105917391326628
[2025-04-17 16:45:30.388] [predicting] [info] 当前路径id:90 最近距离：125.63309105559051 角度差：110.91764665796549 最近点纵向距离：17.779073860245518
[2025-04-17 16:45:30.389] [predicting] [info] 当前路径id:91 最近距离：125.63309105559051 角度差：112.68764665796554 最近点纵向距离：21.61201907038126
[2025-04-17 16:45:30.389] [predicting] [info] 当前路径id:92 最近距离：687.593654372721 角度差：121.13764665796552 最近点纵向距离：591.6683558124619
[2025-04-17 16:45:30.389] [predicting] [info] 当前路径id:93 最近距离：687.4419058992821 角度差：59.01235334203447 最近点纵向距离：588.1443098630782
[2025-04-17 16:45:30.389] [predicting] [info] 当前路径id:99 最近距离：774.0285758744449 角度差：134.6623533420345 最近点纵向距离：206.41584423252692
[2025-04-17 16:45:30.389] [predicting] [info] 当前路径id:102 最近距离：125.06542631623216 角度差：105.83764665796551 最近点纵向距离：1.293738100901166
[2025-04-17 16:45:30.389] [predicting] [info] 当前路径id:103 最近距离：2.919200117078408 角度差：177.1276466579655 最近点纵向距离：0.2467403662037111
[2025-04-17 16:45:30.389] [predicting] [info] 当前路径id:105 最近距离：26.259553837171826 角度差：176.03235334203453 最近点纵向距离：25.818038869572245
[2025-04-17 16:45:30.389] [predicting] [info] 当前路径id:107 最近距离：169.83818274988036 角度差：47.347646657965534 最近点纵向距离：160.83893240359703
[2025-04-17 16:45:30.390] [predicting] [info] 当前路径id:108 最近距离：171.84902355109344 角度差：133.5523533420345 最近点纵向距离：161.76682198124308
[2025-04-17 16:45:30.390] [predicting] [info] 当前路径id:109 最近距离：403.86302589237414 角度差：84.15764665796549 最近点纵向距离：330.282134633921
[2025-04-17 16:45:30.390] [predicting] [info] 当前路径id:117 最近距离：91.42074209959537 角度差：140.58235334203448 最近点纵向距离：83.98243851451406
[2025-04-17 16:45:30.390] [predicting] [info] 当前路径id:119 最近距离：85.75223749741137 角度差：38.92764665796549 最近点纵向距离：81.26350219792346
[2025-04-17 16:45:30.390] [predicting] [info] 当前路径id:121 最近距离：1.6047457612650977 角度差：0.9176466579655185 最近点纵向距离：0.3392692606968396
[2025-04-17 16:45:30.390] [predicting] [info] 当前路径id:122 最近距离：85.75223749741137 角度差：37.637646657965526 最近点纵向距离：81.85931826988008
[2025-04-17 16:45:30.390] [predicting] [info] 当前路径id:126 最近距离：791.7245700889038 角度差：27.527646657965544 最近点纵向距离：2.7975486850419884
[2025-04-17 16:45:30.391] [predicting] [info] 当前路径id:127 最近距离：65.39426128425646 角度差：86.69235334203448 最近点纵向距离：4.80903653472118
[2025-04-17 16:45:30.391] [predicting] [info] 当前路径id:129 最近距离：409.1718293630818 角度差：123.84235334203451 最近点纵向距离：398.93688942059373
[2025-04-17 16:45:30.393] [predicting] [info] validRoads.size():2
[2025-04-17 16:45:30.393] [predicting] [info] currentRoads.size():2 
[2025-04-17 16:45:30.393] [predicting] [info] roadMap.size():51
[2025-04-17 16:45:30.393] [predicting] [info] id:7 following_road.size():1
[2025-04-17 16:45:30.393] [predicting] [info] id:8 following_road.size():1
[2025-04-17 16:45:30.394] [predicting] [info] id:30 following_road.size():1
[2025-04-17 16:45:30.394] [predicting] [info] id:52 following_road.size():1
[2025-04-17 16:45:30.394] [predicting] [info] id:53 following_road.size():1
[2025-04-17 16:45:30.394] [predicting] [info] id:54 following_road.size():2
[2025-04-17 16:45:30.394] [predicting] [info] id:56 following_road.size():1
[2025-04-17 16:45:30.394] [predicting] [info] id:57 following_road.size():1
[2025-04-17 16:45:30.394] [predicting] [info] id:59 following_road.size():1
[2025-04-17 16:45:30.394] [predicting] [info] id:66 following_road.size():2
[2025-04-17 16:45:30.395] [predicting] [info] id:68 following_road.size():2
[2025-04-17 16:45:30.395] [predicting] [info] id:69 following_road.size():7
[2025-04-17 16:45:30.395] [predicting] [info] id:70 following_road.size():1
[2025-04-17 16:45:30.395] [predicting] [info] id:71 following_road.size():1
[2025-04-17 16:45:30.395] [predicting] [info] id:72 following_road.size():1
[2025-04-17 16:45:30.396] [predicting] [info] id:73 following_road.size():1
[2025-04-17 16:45:30.396] [predicting] [info] id:74 following_road.size():1
[2025-04-17 16:45:30.396] [predicting] [info] id:75 following_road.size():1
[2025-04-17 16:45:30.396] [predicting] [info] id:76 following_road.size():1
[2025-04-17 16:45:30.396] [predicting] [info] id:77 following_road.size():1
[2025-04-17 16:45:30.396] [predicting] [info] id:78 following_road.size():1
[2025-04-17 16:45:30.396] [predicting] [info] id:79 following_road.size():1
[2025-04-17 16:45:30.396] [predicting] [info] id:80 following_road.size():1
[2025-04-17 16:45:30.397] [predicting] [info] id:81 following_road.size():1
[2025-04-17 16:45:30.397] [predicting] [info] id:82 following_road.size():1
[2025-04-17 16:45:30.397] [predicting] [info] id:83 following_road.size():1
[2025-04-17 16:45:30.397] [predicting] [info] id:84 following_road.size():1
[2025-04-17 16:45:30.397] [predicting] [info] id:85 following_road.size():2
[2025-04-17 16:45:30.397] [predicting] [info] id:86 following_road.size():2
[2025-04-17 16:45:30.397] [predicting] [info] id:87 following_road.size():2
[2025-04-17 16:45:30.397] [predicting] [info] id:88 following_road.size():2
[2025-04-17 16:45:30.398] [predicting] [info] id:89 following_road.size():2
[2025-04-17 16:45:30.398] [predicting] [info] id:90 following_road.size():2
[2025-04-17 16:45:30.398] [predicting] [info] id:91 following_road.size():2
[2025-04-17 16:45:30.399] [predicting] [info] id:92 following_road.size():1
[2025-04-17 16:45:30.399] [predicting] [info] id:93 following_road.size():1
[2025-04-17 16:45:30.399] [predicting] [info] id:102 following_road.size():1
[2025-04-17 16:45:30.399] [predicting] [info] id:103 following_road.size():1
[2025-04-17 16:45:30.399] [predicting] [info] id:105 following_road.size():1
[2025-04-17 16:45:30.399] [predicting] [info] id:107 following_road.size():1
[2025-04-17 16:45:30.399] [predicting] [info] id:108 following_road.size():1
[2025-04-17 16:45:30.399] [predicting] [info] id:117 following_road.size():2
[2025-04-17 16:45:30.399] [predicting] [info] id:119 following_road.size():1
[2025-04-17 16:45:30.400] [predicting] [info] id:121 following_road.size():2
[2025-04-17 16:45:30.400] [predicting] [info] id:122 following_road.size():1
[2025-04-17 16:45:30.400] [predicting] [info] id:126 following_road.size():1
[2025-04-17 16:45:30.400] [predicting] [info] id:127 following_road.size():7
[2025-04-17 16:45:30.400] [predicting] [info] id:129 following_road.size():1
[2025-04-17 16:45:30.400] [predicting] [info] roadMap.size():51
[2025-04-17 16:45:30.400] [predicting] [info] road_map_.size():51 
[2025-04-17 16:45:30.400] [predicting] [info] 更新road_map_信息,id:69,截断的位置：8 路段总长：100 更新后的路径:92
[2025-04-17 16:45:30.400] [predicting] [info] 更新road_map_信息,id:121,截断的位置：9 路段总长：98 更新后的路径:89
[2025-04-17 16:45:30.400] [predicting] [info] 更新road_map_信息完毕
[2025-04-17 16:45:30.400] [predicting] [info] 进入 findPathsToLeafRoads 函数
[2025-04-17 16:45:30.400] [predicting] [info] dfs函数内部，当前push_back的路段id:69
[2025-04-17 16:45:30.400] [predicting] [info] dfs函数内部，当前push_back的路段id:80
[2025-04-17 16:45:30.400] [predicting] [info] dfs函数内部，当前探索到的路id为 80,已经满足 100 阈值
[2025-04-17 16:45:30.400] [predicting] [info] dfs函数内部，当前push_back的路段id:70
[2025-04-17 16:45:30.400] [predicting] [info] dfs函数内部，当前探索到的路id为 70,已经满足 100 阈值
[2025-04-17 16:45:30.400] [predicting] [info] dfs函数内部，当前push_back的路段id:71
[2025-04-17 16:45:30.400] [predicting] [info] dfs函数内部，当前探索到的路id为 71,已经满足 100 阈值
[2025-04-17 16:45:30.400] [predicting] [info] dfs函数内部，当前push_back的路段id:72
[2025-04-17 16:45:30.400] [predicting] [info] dfs函数内部，当前探索到的路id为 72,已经满足 100 阈值
[2025-04-17 16:45:30.400] [predicting] [info] dfs函数内部，当前push_back的路段id:73
[2025-04-17 16:45:30.400] [predicting] [info] dfs函数内部，当前探索到的路id为 73,已经满足 100 阈值
[2025-04-17 16:45:30.400] [predicting] [info] dfs函数内部，当前push_back的路段id:74
[2025-04-17 16:45:30.400] [predicting] [info] dfs函数内部，当前探索到的路id为 74,已经满足 100 阈值
[2025-04-17 16:45:30.400] [predicting] [info] dfs函数内部，当前push_back的路段id:75
[2025-04-17 16:45:30.401] [predicting] [info] dfs函数内部，当前探索到的路id为 75,已经满足 100 阈值
[2025-04-17 16:45:30.401] [predicting] [info] temp_road_nodes.size():7
[2025-04-17 16:45:30.401] [predicting] [info] 进入 findPathsToLeafRoads 函数
[2025-04-17 16:45:30.401] [predicting] [info] dfs函数内部，当前push_back的路段id:121
[2025-04-17 16:45:30.401] [predicting] [info] dfs函数内部，当前push_back的路段id:119
[2025-04-17 16:45:30.401] [predicting] [info] dfs函数内部，当前探索到的路id为 119,已经满足 100 阈值
[2025-04-17 16:45:30.401] [predicting] [info] dfs函数内部，当前push_back的路段id:122
[2025-04-17 16:45:30.401] [predicting] [info] dfs函数内部，当前探索到的路id为 122,已经满足 100 阈值
[2025-04-17 16:45:30.401] [predicting] [info] temp_road_nodes.size():2
[2025-04-17 16:45:30.401] [predicting] [info] final_result.size():9
[2025-04-17 16:45:30.401] [predicting] [info] nearest_index:8
[2025-04-17 16:45:30.401] [predicting] [info] nearest_index:8
[2025-04-17 16:45:30.401] [predicting] [info] nearest_index:8
[2025-04-17 16:45:30.401] [predicting] [info] nearest_index:8
[2025-04-17 16:45:30.401] [predicting] [info] nearest_index:8
[2025-04-17 16:45:30.401] [predicting] [info] nearest_index:8
[2025-04-17 16:45:30.401] [predicting] [info] nearest_index:8
[2025-04-17 16:45:30.401] [predicting] [info] nearest_index:9
[2025-04-17 16:45:30.401] [predicting] [info] nearest_index:9
[2025-04-17 16:45:30.401] [predicting] [info] 当前推入的路径大小:902 path.size():1
[2025-04-17 16:45:41.482] [predicting] [info] start_point.x =144.77171816456564
[2025-04-17 16:45:41.482] [predicting] [info] start_point.y =-328.0376725574281
[2025-04-17 16:45:41.482] [predicting] [info] start_point.yaw =119.82181736423694
[2025-04-17 16:45:41.482] [predicting] [info] Enter PredictingIntface 
[2025-04-17 16:45:41.483] [predicting] [info] referenceline_relation_.size():48
[2025-04-17 16:45:41.483] [predicting] [info] all_referencelines_.size():51
[2025-04-17 16:45:41.483] [predicting] [info] 进入 PreddictPath 函数
[2025-04-17 16:45:41.483] [predicting] [info] 进入 findCurrentRoad 函数
[2025-04-17 16:45:41.483] [predicting] [info] 当前路径id:7 最近距离：312.25346774925373 角度差：20.941817364236922 最近点纵向距离：225.80864573895684
[2025-04-17 16:45:41.483] [predicting] [info] 当前路径id:8 最近距离：317.6437384892448 角度差：11.108182635763093 最近点纵向距离：315.53147229128405
[2025-04-17 16:45:41.483] [predicting] [info] 当前路径id:30 最近距离：317.64373852404276 角度差：11.538182635763095 最近点纵向距离：315.79704571811635
[2025-04-17 16:45:41.483] [predicting] [info] 当前路径id:52 最近距离：673.8316495278675 角度差：182.6081826357631 最近点纵向距离：0.2452304073809728
[2025-04-17 16:45:41.483] [predicting] [info] 当前路径id:53 最近距离：673.913447845553 角度差：93.52181736423694 最近点纵向距离：602.727441580894
[2025-04-17 16:45:41.483] [predicting] [info] 当前路径id:54 最近距离：30.704460402906587 角度差：12.961817364236909 最近点纵向距离：28.32407884044637
[2025-04-17 16:45:41.483] [predicting] [info] 当前路径id:56 最近距离：271.7578481506698 角度差：7.048182635763067 最近点纵向距离：255.96372696358114
[2025-04-17 16:45:41.483] [predicting] [info] 当前路径id:57 最近距离：272.74122251755233 角度差：193.79818263576306 最近点纵向距离：263.57933554604966
[2025-04-17 16:45:41.483] [predicting] [info] 当前路径id:59 最近距离：674.7961681100435 角度差：85.34818263576305 最近点纵向距离：601.2909004271137
[2025-04-17 16:45:41.483] [predicting] [info] 当前路径id:60 最近距离：651.7054730682172 角度差：73.58181736423695 最近点纵向距离：616.9554142041735
[2025-04-17 16:45:41.483] [predicting] [info] 当前路径id:66 最近距离：69.41406485731862 角度差：212.0981826357631 最近点纵向距离：65.8001851809119
[2025-04-17 16:45:41.483] [predicting] [info] 当前路径id:68 最近距离：97.46219278133526 角度差：151.9681826357631 最近点纵向距离：96.33523140918855
[2025-04-17 16:45:41.483] [predicting] [info] 当前路径id:69 最近距离：33.33582228673626 角度差：205.88818263576306 最近点纵向距离：0.12726231844962754
[2025-04-17 16:45:41.483] [predicting] [info] 当前路径id:70 最近距离：41.49584359600786 角度差：194.57818263576306 最近点纵向距离：21.331588708061965
[2025-04-17 16:45:41.483] [predicting] [info] 当前路径id:71 最近距离：41.49584359600786 角度差：194.62818263576307 最近点纵向距离：21.36264141594289
[2025-04-17 16:45:41.484] [predicting] [info] 当前路径id:72 最近距离：41.49584359600786 角度差：194.50818263576306 最近点纵向距离：21.288087630841154
[2025-04-17 16:45:41.484] [predicting] [info] 当前路径id:73 最近距离：41.49584359600786 角度差：194.43818263576304 最近点纵向距离：21.244554778484897
[2025-04-17 16:45:41.484] [predicting] [info] 当前路径id:74 最近距离：41.49584359600786 角度差：194.49818263576304 最近点纵向距离：21.281870595834558
[2025-04-17 16:45:41.484] [predicting] [info] 当前路径id:75 最近距离：41.49584359600786 角度差：194.50818263576306 最近点纵向距离：21.288087630841154
[2025-04-17 16:45:41.484] [predicting] [info] 当前路径id:76 最近距离：91.36227863447779 角度差：97.94818263576306 最近点纵向距离：21.622871137886214
[2025-04-17 16:45:41.484] [predicting] [info] 当前路径id:77 最近距离：84.64747124767858 角度差：97.82818263576307 最近点纵向距离：21.91490582247283
[2025-04-17 16:45:41.484] [predicting] [info] 当前路径id:78 最近距离：77.73143156316557 角度差：97.42818263576308 最近点纵向距离：22.44606647240546
[2025-04-17 16:45:41.484] [predicting] [info] 当前路径id:79 最近距离：70.85179415691489 角度差：98.36818263576306 最近点纵向距离：20.93639851088541
[2025-04-17 16:45:41.484] [predicting] [info] 当前路径id:80 最近距离：41.49584359600786 角度差：194.50818263576306 最近点纵向距离：21.288087630841154
[2025-04-17 16:45:41.485] [predicting] [info] 当前路径id:81 最近距离：58.28563690961048 角度差：98.10818263576307 最近点纵向距离：21.79455874995536
[2025-04-17 16:45:41.485] [predicting] [info] 当前路径id:82 最近距离：51.86477737068855 角度差：97.90818263576304 最近点纵向距离：22.32962234520161
[2025-04-17 16:45:41.485] [predicting] [info] 当前路径id:83 最近距离：64.6877667354295 角度差：97.45818263576307 最近点纵向距离：22.19690260505597
[2025-04-17 16:45:41.485] [predicting] [info] 当前路径id:84 最近距离：63.92349522683609 角度差：96.89818263576306 最近点纵向距离：0.28310740791690847
[2025-04-17 16:45:41.485] [predicting] [info] 当前路径id:85 最近距离：64.99099595684339 角度差：98.84818263576307 最近点纵向距离：9.53478639627659
[2025-04-17 16:45:41.485] [predicting] [info] 当前路径id:86 最近距离：59.93629214873093 角度差：133.18818263576304 最近点纵向距离：2.137484480513745
[2025-04-17 16:45:41.485] [predicting] [info] 当前路径id:87 最近距离：64.5052256040333 角度差：122.22818263576308 最近点纵向距离：0.25599273267552647
[2025-04-17 16:45:41.485] [predicting] [info] 当前路径id:88 最近距离：64.99099595684339 角度差：97.57818263576308 最近点纵向距离：10.957309744950521
[2025-04-17 16:45:41.485] [predicting] [info] 当前路径id:89 最近距离：64.99099595684339 角度差：97.23818263576308 最近点纵向距离：11.337258141800028
[2025-04-17 16:45:41.485] [predicting] [info] 当前路径id:90 最近距离：64.99099595684339 角度差：96.92818263576305 最近点纵向距离：11.683334081048237
[2025-04-17 16:45:41.485] [predicting] [info] 当前路径id:91 最近距离：64.99099595684339 角度差：95.15818263576305 最近点纵向距离：13.652460705690572
[2025-04-17 16:45:41.485] [predicting] [info] 当前路径id:92 最近距离：674.7961679089282 角度差：86.70818263576305 最近点纵向距离：608.3905221238671
[2025-04-17 16:45:41.485] [predicting] [info] 当前路径id:93 最近距离：673.9134476434166 角度差：93.14181736423697 最近点纵向距离：604.7135385777815
[2025-04-17 16:45:41.485] [predicting] [info] 当前路径id:99 最近距离：791.638922077691 角度差：17.491817364236933 最近点纵向距离：153.90614933795433
[2025-04-17 16:45:41.485] [predicting] [info] 当前路径id:102 最近距离：64.34376680704085 角度差：101.09818263576304 最近点纵向距离：0.008704912317693214
[2025-04-17 16:45:41.485] [predicting] [info] 当前路径id:103 最近距离：37.62238308508321 角度差：24.42818263576308 最近点纵向距离：33.60945508151794
[2025-04-17 16:45:41.485] [predicting] [info] 当前路径id:105 最近距离：9.504062510483116 角度差：3.2518173642369548 最近点纵向距离：0.048016342924838806
[2025-04-17 16:45:41.485] [predicting] [info] 当前路径id:107 最近距离：111.6601101447083 角度差：160.49818263576302 最近点纵向距离：109.43257014703309
[2025-04-17 16:45:41.486] [predicting] [info] 当前路径id:108 最近距离：112.99747775480303 角度差：18.601817364236915 最近点纵向距离：109.85852635060267
[2025-04-17 16:45:41.486] [predicting] [info] 当前路径id:109 最近距离：355.0422220642282 角度差：123.68818263576308 最近点纵向距离：308.5132321846942
[2025-04-17 16:45:41.486] [predicting] [info] 当前路径id:117 最近距离：30.704460347664828 角度差：11.571817364236946 最近点纵向距离：28.603287873071622
[2025-04-17 16:45:41.486] [predicting] [info] 当前路径id:119 最近距离：25.835926547898914 角度差：168.9181826357631 最近点纵向距离：25.672939824355584
[2025-04-17 16:45:41.486] [predicting] [info] 当前路径id:121 最近距离：0.9063703975714549 角度差：176.43818263576307 最近点纵向距离：0.2343639313187061
[2025-04-17 16:45:41.486] [predicting] [info] 当前路径id:122 最近距离：25.835926547898914 角度差：170.20818263576305 最近点纵向距离：25.731663132545133
[2025-04-17 16:45:41.486] [predicting] [info] 当前路径id:126 最近距离：806.5921504914726 角度差：176.29818263576308 最近点纵向距离：3.0154143044549073
[2025-04-17 16:45:41.486] [predicting] [info] 当前路径id:127 最近距离：12.324454905864451 角度差：27.341817364236935 最近点纵向距离：0.3614926853498255
[2025-04-17 16:45:41.486] [predicting] [info] 当前路径id:129 最近距离：356.77071936440683 角度差：28.311817364236923 最近点纵向距离：353.09310760397466
[2025-04-17 16:45:41.486] [predicting] [info] validRoads.size():2
[2025-04-17 16:45:41.486] [predicting] [info] currentRoads.size():2 
[2025-04-17 16:45:41.487] [predicting] [info] roadMap.size():51
[2025-04-17 16:45:41.487] [predicting] [info] id:7 following_road.size():1
[2025-04-17 16:45:41.487] [predicting] [info] id:8 following_road.size():1
[2025-04-17 16:45:41.487] [predicting] [info] id:30 following_road.size():1
[2025-04-17 16:45:41.487] [predicting] [info] id:52 following_road.size():1
[2025-04-17 16:45:41.487] [predicting] [info] id:53 following_road.size():1
[2025-04-17 16:45:41.487] [predicting] [info] id:54 following_road.size():2
[2025-04-17 16:45:41.487] [predicting] [info] id:56 following_road.size():1
[2025-04-17 16:45:41.487] [predicting] [info] id:57 following_road.size():1
[2025-04-17 16:45:41.487] [predicting] [info] id:59 following_road.size():1
[2025-04-17 16:45:41.487] [predicting] [info] id:66 following_road.size():2
[2025-04-17 16:45:41.487] [predicting] [info] id:68 following_road.size():2
[2025-04-17 16:45:41.487] [predicting] [info] id:69 following_road.size():7
[2025-04-17 16:45:41.487] [predicting] [info] id:70 following_road.size():1
[2025-04-17 16:45:41.487] [predicting] [info] id:71 following_road.size():1
[2025-04-17 16:45:41.487] [predicting] [info] id:72 following_road.size():1
[2025-04-17 16:45:41.487] [predicting] [info] id:73 following_road.size():1
[2025-04-17 16:45:41.487] [predicting] [info] id:74 following_road.size():1
[2025-04-17 16:45:41.487] [predicting] [info] id:75 following_road.size():1
[2025-04-17 16:45:41.487] [predicting] [info] id:76 following_road.size():1
[2025-04-17 16:45:41.487] [predicting] [info] id:77 following_road.size():1
[2025-04-17 16:45:41.487] [predicting] [info] id:78 following_road.size():1
[2025-04-17 16:45:41.487] [predicting] [info] id:79 following_road.size():1
[2025-04-17 16:45:41.487] [predicting] [info] id:80 following_road.size():1
[2025-04-17 16:45:41.487] [predicting] [info] id:81 following_road.size():1
[2025-04-17 16:45:41.487] [predicting] [info] id:82 following_road.size():1
[2025-04-17 16:45:41.487] [predicting] [info] id:83 following_road.size():1
[2025-04-17 16:45:41.487] [predicting] [info] id:84 following_road.size():1
[2025-04-17 16:45:41.487] [predicting] [info] id:85 following_road.size():2
[2025-04-17 16:45:41.487] [predicting] [info] id:86 following_road.size():2
[2025-04-17 16:45:41.487] [predicting] [info] id:87 following_road.size():2
[2025-04-17 16:45:41.487] [predicting] [info] id:88 following_road.size():2
[2025-04-17 16:45:41.487] [predicting] [info] id:89 following_road.size():2
[2025-04-17 16:45:41.487] [predicting] [info] id:90 following_road.size():2
[2025-04-17 16:45:41.488] [predicting] [info] id:91 following_road.size():2
[2025-04-17 16:45:41.488] [predicting] [info] id:92 following_road.size():1
[2025-04-17 16:45:41.488] [predicting] [info] id:93 following_road.size():1
[2025-04-17 16:45:41.488] [predicting] [info] id:102 following_road.size():1
[2025-04-17 16:45:41.488] [predicting] [info] id:103 following_road.size():1
[2025-04-17 16:45:41.488] [predicting] [info] id:105 following_road.size():1
[2025-04-17 16:45:41.488] [predicting] [info] id:107 following_road.size():1
[2025-04-17 16:45:41.488] [predicting] [info] id:108 following_road.size():1
[2025-04-17 16:45:41.488] [predicting] [info] id:117 following_road.size():2
[2025-04-17 16:45:41.488] [predicting] [info] id:119 following_road.size():1
[2025-04-17 16:45:41.488] [predicting] [info] id:121 following_road.size():2
[2025-04-17 16:45:41.488] [predicting] [info] id:122 following_road.size():1
[2025-04-17 16:45:41.488] [predicting] [info] id:126 following_road.size():1
[2025-04-17 16:45:41.488] [predicting] [info] id:127 following_road.size():7
[2025-04-17 16:45:41.488] [predicting] [info] id:129 following_road.size():1
[2025-04-17 16:45:41.488] [predicting] [info] roadMap.size():51
[2025-04-17 16:45:41.488] [predicting] [info] road_map_.size():51 
[2025-04-17 16:45:41.488] [predicting] [info] 更新road_map_信息,id:105,截断的位置：30 路段总长：70 更新后的路径:40
[2025-04-17 16:45:41.488] [predicting] [info] 更新road_map_信息,id:127,截断的位置：25 路段总长：67 更新后的路径:42
[2025-04-17 16:45:41.488] [predicting] [info] 更新road_map_信息完毕
[2025-04-17 16:45:41.489] [predicting] [info] 进入 findPathsToLeafRoads 函数
[2025-04-17 16:45:41.489] [predicting] [info] dfs函数内部，当前push_back的路段id:105
[2025-04-17 16:45:41.489] [predicting] [info] dfs函数内部，当前push_back的路段id:103
[2025-04-17 16:45:41.489] [predicting] [info] dfs函数内部，当前探索到的路id为 103,已经满足 100 阈值
[2025-04-17 16:45:41.489] [predicting] [info] temp_road_nodes.size():1
[2025-04-17 16:45:41.489] [predicting] [info] 进入 findPathsToLeafRoads 函数
[2025-04-17 16:45:41.489] [predicting] [info] dfs函数内部，当前push_back的路段id:127
[2025-04-17 16:45:41.489] [predicting] [info] dfs函数内部，当前push_back的路段id:80
[2025-04-17 16:45:41.490] [predicting] [info] dfs函数内部，当前探索到的路id为 80,已经满足 100 阈值
[2025-04-17 16:45:41.490] [predicting] [info] dfs函数内部，当前push_back的路段id:70
[2025-04-17 16:45:41.490] [predicting] [info] dfs函数内部，当前push_back的路段id:82
[2025-04-17 16:45:41.490] [predicting] [info] dfs函数内部，当前探索到的路id为 82,已经满足 100 阈值
[2025-04-17 16:45:41.490] [predicting] [info] dfs函数内部，当前push_back的路段id:71
[2025-04-17 16:45:41.490] [predicting] [info] dfs函数内部，当前push_back的路段id:81
[2025-04-17 16:45:41.490] [predicting] [info] dfs函数内部，当前探索到的路id为 81,已经满足 100 阈值
[2025-04-17 16:45:41.490] [predicting] [info] dfs函数内部，当前push_back的路段id:72
[2025-04-17 16:45:41.490] [predicting] [info] dfs函数内部，当前push_back的路段id:83
[2025-04-17 16:45:41.490] [predicting] [info] dfs函数内部，当前探索到的路id为 83,已经满足 100 阈值
[2025-04-17 16:45:41.490] [predicting] [info] dfs函数内部，当前push_back的路段id:73
[2025-04-17 16:45:41.491] [predicting] [info] dfs函数内部，当前探索到的路id为 73,已经满足 100 阈值
[2025-04-17 16:45:41.491] [predicting] [info] dfs函数内部，当前push_back的路段id:74
[2025-04-17 16:45:41.491] [predicting] [info] dfs函数内部，当前探索到的路id为 74,已经满足 100 阈值
[2025-04-17 16:45:41.491] [predicting] [info] dfs函数内部，当前push_back的路段id:75
[2025-04-17 16:45:41.491] [predicting] [info] dfs函数内部，当前探索到的路id为 75,已经满足 100 阈值
[2025-04-17 16:45:41.491] [predicting] [info] temp_road_nodes.size():7
[2025-04-17 16:45:41.491] [predicting] [info] final_result.size():8
[2025-04-17 16:45:41.491] [predicting] [info] nearest_index:30
[2025-04-17 16:45:41.491] [predicting] [info] nearest_index:25
[2025-04-17 16:45:41.491] [predicting] [info] nearest_index:25
[2025-04-17 16:45:41.491] [predicting] [info] nearest_index:25
[2025-04-17 16:45:41.491] [predicting] [info] nearest_index:25
[2025-04-17 16:45:41.491] [predicting] [info] nearest_index:25
[2025-04-17 16:45:41.491] [predicting] [info] nearest_index:25
[2025-04-17 16:45:41.491] [predicting] [info] nearest_index:25
[2025-04-17 16:45:41.491] [predicting] [info] 当前推入的路径大小:810 path.size():1
[2025-04-17 16:46:27.782] [predicting] [info] start_point.x =-261.6369579828953
[2025-04-17 16:46:27.782] [predicting] [info] start_point.y =-859.4000687976625
[2025-04-17 16:46:27.782] [predicting] [info] start_point.yaw =208.55245334450143
[2025-04-17 16:46:27.782] [predicting] [info] Enter PredictingIntface 
[2025-04-17 16:46:27.782] [predicting] [info] referenceline_relation_.size():48
[2025-04-17 16:46:27.782] [predicting] [info] all_referencelines_.size():51
[2025-04-17 16:46:27.782] [predicting] [info] 进入 PreddictPath 函数
[2025-04-17 16:46:27.782] [predicting] [info] 进入 findCurrentRoad 函数
[2025-04-17 16:46:27.783] [predicting] [info] 当前路径id:7 最近距离：738.3782618162113 角度差：109.67245334450139 最近点纵向距离：688.0665470561707
[2025-04-17 16:46:27.783] [predicting] [info] 当前路径id:8 最近距离：748.005801057781 角度差：72.37754665549862 最近点纵向距离：695.6061746226693
[2025-04-17 16:46:27.783] [predicting] [info] 当前路径id:30 最近距离：765.3819217430502 角度差：77.19245334450139 最近点纵向距离：446.07309720892965
[2025-04-17 16:46:27.783] [predicting] [info] 当前路径id:52 最近距离：97.19105310763045 角度差：94.1875466554986 最近点纵向距离：83.24798169304307
[2025-04-17 16:46:27.783] [predicting] [info] 当前路径id:53 最近距离：5.955666120486585 角度差：177.74754665549858 最近点纵向距离：2.956208563246859
[2025-04-17 16:46:27.783] [predicting] [info] 当前路径id:54 最近距离：5.145470616435983 角度差：178.20754665549856 最近点纵向距离：0.0023817680341164937
[2025-04-17 16:46:27.783] [predicting] [info] 当前路径id:56 最近距离：704.6780618190312 角度差：81.68245334450141 最近点纵向距离：437.2072879138018
[2025-04-17 16:46:27.783] [predicting] [info] 当前路径id:57 最近距离：695.8772737015227 角度差：105.06754665549857 最近点纵向距离：367.87901452037545
[2025-04-17 16:46:27.783] [predicting] [info] 当前路径id:59 最近距离：7.691876478224782 角度差：3.382453344501422 最近点纵向距离：7.479450544973222
[2025-04-17 16:46:27.783] [predicting] [info] 当前路径id:60 最近距离：94.14558532082759 角度差：89.50245334450143 最近点纵向距离：80.42641761441081
[2025-04-17 16:46:27.783] [predicting] [info] 当前路径id:66 最近距离：671.2427426277097 角度差：125.96754665549861 最近点纵向距离：10.117886982352843
[2025-04-17 16:46:27.783] [predicting] [info] 当前路径id:68 最近距离：2.034353984166231 角度差：1.6924533445013747 最近点纵向距离：0.36871905477577527
[2025-04-17 16:46:27.783] [predicting] [info] 当前路径id:69 最近距离：683.5521813586834 角度差：123.53754665549855 最近点纵向距离：44.68025135597651
[2025-04-17 16:46:27.783] [predicting] [info] 当前路径id:70 最近距离：680.4545711113881 角度差：11.567546655498589 最近点纵向距离：673.5423172604285
[2025-04-17 16:46:27.783] [predicting] [info] 当前路径id:71 最近距离：678.8355408065349 角度差：10.617546655498572 最近点纵向距离：671.319195875677
[2025-04-17 16:46:27.783] [predicting] [info] 当前路径id:72 最近距离：677.4055202301813 角度差：10.597546655498599 最近点纵向距离：670.8476947377198
[2025-04-17 16:46:27.783] [predicting] [info] 当前路径id:73 最近距离：673.3880820399045 角度差：11.017546655498597 最近点纵向距离：670.5915580046201
[2025-04-17 16:46:27.784] [predicting] [info] 当前路径id:74 最近距离：674.3941315051417 角度差：12.197546655498602 最近点纵向距离：672.1942446928118
[2025-04-17 16:46:27.784] [predicting] [info] 当前路径id:75 最近距离：675.4091304038035 角度差：12.227546655498598 最近点纵向距离：672.6260938833814
[2025-04-17 16:46:27.784] [predicting] [info] 当前路径id:76 最近距离：673.3880820399045 角度差：9.217546655498582 最近点纵向距离：668.3349818402876
[2025-04-17 16:46:27.784] [predicting] [info] 当前路径id:77 最近距离：674.3941315051417 角度差：9.09754665549859 最近点纵向距离：668.2672336527658
[2025-04-17 16:46:27.784] [predicting] [info] 当前路径id:78 最近距离：675.4091304038035 角度差：8.69754665549859 最近点纵向距离：667.5786504495092
[2025-04-17 16:46:27.784] [predicting] [info] 当前路径id:79 最近距离：676.1243521837091 角度差：9.637546655498582 最近点纵向距离：668.8853992548758
[2025-04-17 16:46:27.784] [predicting] [info] 当前路径id:80 最近距离：676.1243521837091 角度差：11.98754665549859 最近点纵向距离：672.3688449620272
[2025-04-17 16:46:27.784] [predicting] [info] 当前路径id:81 最近距离：678.8355408065349 角度差：9.377546655498598 最近点纵向距离：668.9819668841853
[2025-04-17 16:46:27.784] [predicting] [info] 当前路径id:82 最近距离：680.4545711113881 角度差：9.17754665549856 最近点纵向距离：668.9221205454116
[2025-04-17 16:46:27.784] [predicting] [info] 当前路径id:83 最近距离：677.4055202301813 角度差：8.727546655498589 最近点纵向距离：667.4220587931792
[2025-04-17 16:46:27.784] [predicting] [info] 当前路径id:84 最近距离：607.970222790636 角度差：62.73754665549861 最近点纵向距离：425.87571126238123
[2025-04-17 16:46:27.784] [predicting] [info] 当前路径id:85 最近距离：665.9044770802883 角度差：10.117546655498579 最近点纵向距离：658.8547388250048
[2025-04-17 16:46:27.784] [predicting] [info] 当前路径id:86 最近距离：665.9044770802883 角度差：10.497546655498631 最近点纵向距离：659.4811816119111
[2025-04-17 16:46:27.784] [predicting] [info] 当前路径id:87 最近距离：665.9044770802883 角度差：10.637546655498571 最近点纵向距离：659.7046653957216
[2025-04-17 16:46:27.784] [predicting] [info] 当前路径id:88 最近距离：665.9044770802883 角度差：8.847546655498606 最近点纵向距离：656.5509856027275
[2025-04-17 16:46:27.784] [predicting] [info] 当前路径id:89 最近距离：665.9044770802883 角度差：8.5075466554986 最近点纵向距离：655.8794452619068
[2025-04-17 16:46:27.784] [predicting] [info] 当前路径id:90 最近距离：665.9044770802883 角度差：8.19754665549857 最近点纵向距离：655.2470288436342
[2025-04-17 16:46:27.785] [predicting] [info] 当前路径id:91 最近距离：665.9044770802883 角度差：6.4275466554985785 最近点纵向距离：651.2693021806708
[2025-04-17 16:46:27.785] [predicting] [info] 当前路径id:92 最近距离：7.691876596311368 角度差：2.0224533445014305 最近点纵向距离：7.434735615852949
[2025-04-17 16:46:27.785] [predicting] [info] 当前路径id:93 最近距离：5.955665722238573 角度差：178.12754665549858 最近点纵向距离：2.990433247505081
[2025-04-17 16:46:27.785] [predicting] [info] 当前路径id:99 最近距离：324.92734330499917 角度差：104.22245334450145 最近点纵向距离：203.36354797765904
[2025-04-17 16:46:27.785] [predicting] [info] 当前路径id:102 最近距离：619.2518189384361 角度差：71.7875466554986 最近点纵向距离：340.34683699490813
[2025-04-17 16:46:27.785] [predicting] [info] 当前路径id:103 最近距离：671.4569073415582 角度差：55.40245334450142 最近点纵向距离：6.3053242282110205
[2025-04-17 16:46:27.785] [predicting] [info] 当前路径id:105 最近距离：662.7228299689889 角度差：100.14245334450138 最近点纵向距离：347.18358988781245
[2025-04-17 16:46:27.785] [predicting] [info] 当前路径id:107 最近距离：461.3141395673959 角度差：34.2875466554986 最近点纵向距离：351.85056654126595
[2025-04-17 16:46:27.785] [predicting] [info] 当前路径id:108 最近距离：500.1982600738298 角度差：116.59245334450142 最近点纵向距离：163.6681155756148
[2025-04-17 16:46:27.785] [predicting] [info] 当前路径id:109 最近距离：449.16478304344565 角度差：83.26754665549855 最近点纵向距离：13.598129988150333
[2025-04-17 16:46:27.785] [predicting] [info] 当前路径id:117 最近距离：624.2558447304311 角度差：107.2624533445014 最近点纵向距离：331.6245061564744
[2025-04-17 16:46:27.785] [predicting] [info] 当前路径id:119 最近距离：607.970222790636 角度差：63.227546655498585 最近点纵向距离：422.1495343516323
[2025-04-17 16:46:27.785] [predicting] [info] 当前路径id:121 最近距离：657.4711416023894 角度差：81.42754665549862 最近点纵向距离：334.7844632845697
[2025-04-17 16:46:27.785] [predicting] [info] 当前路径id:122 最近距离：619.2518189384361 角度差：71.9975466554986 最近点纵向距离：338.4484186288769
[2025-04-17 16:46:27.785] [predicting] [info] 当前路径id:126 最近距离：335.56812599847837 角度差：76.8075466554986 最近点纵向距离：216.4689770404397
[2025-04-17 16:46:27.785] [predicting] [info] 当前路径id:127 最近距离：662.7228299689889 角度差：99.54245334450142 最近点纵向距离：341.25318643311874
[2025-04-17 16:46:27.785] [predicting] [info] 当前路径id:129 最近距离：478.56343861022356 角度差：147.1424533445014 最近点纵向距离：334.0809312772915
[2025-04-17 16:46:27.785] [predicting] [info] validRoads.size():1
[2025-04-17 16:46:27.785] [predicting] [info] currentRoads.size():1 
[2025-04-17 16:46:27.785] [predicting] [info] roadMap.size():51
[2025-04-17 16:46:27.785] [predicting] [info] id:7 following_road.size():1
[2025-04-17 16:46:27.785] [predicting] [info] id:8 following_road.size():1
[2025-04-17 16:46:27.785] [predicting] [info] id:30 following_road.size():1
[2025-04-17 16:46:27.785] [predicting] [info] id:52 following_road.size():1
[2025-04-17 16:46:27.785] [predicting] [info] id:53 following_road.size():1
[2025-04-17 16:46:27.785] [predicting] [info] id:54 following_road.size():2
[2025-04-17 16:46:27.785] [predicting] [info] id:56 following_road.size():1
[2025-04-17 16:46:27.785] [predicting] [info] id:57 following_road.size():1
[2025-04-17 16:46:27.785] [predicting] [info] id:59 following_road.size():1
[2025-04-17 16:46:27.785] [predicting] [info] id:66 following_road.size():2
[2025-04-17 16:46:27.785] [predicting] [info] id:68 following_road.size():2
[2025-04-17 16:46:27.785] [predicting] [info] id:69 following_road.size():7
[2025-04-17 16:46:27.785] [predicting] [info] id:70 following_road.size():1
[2025-04-17 16:46:27.785] [predicting] [info] id:71 following_road.size():1
[2025-04-17 16:46:27.785] [predicting] [info] id:72 following_road.size():1
[2025-04-17 16:46:27.785] [predicting] [info] id:73 following_road.size():1
[2025-04-17 16:46:27.785] [predicting] [info] id:74 following_road.size():1
[2025-04-17 16:46:27.785] [predicting] [info] id:75 following_road.size():1
[2025-04-17 16:46:27.785] [predicting] [info] id:76 following_road.size():1
[2025-04-17 16:46:27.785] [predicting] [info] id:77 following_road.size():1
[2025-04-17 16:46:27.785] [predicting] [info] id:78 following_road.size():1
[2025-04-17 16:46:27.785] [predicting] [info] id:79 following_road.size():1
[2025-04-17 16:46:27.785] [predicting] [info] id:80 following_road.size():1
[2025-04-17 16:46:27.786] [predicting] [info] id:81 following_road.size():1
[2025-04-17 16:46:27.786] [predicting] [info] id:82 following_road.size():1
[2025-04-17 16:46:27.786] [predicting] [info] id:83 following_road.size():1
[2025-04-17 16:46:27.786] [predicting] [info] id:84 following_road.size():1
[2025-04-17 16:46:27.786] [predicting] [info] id:85 following_road.size():2
[2025-04-17 16:46:27.786] [predicting] [info] id:86 following_road.size():2
[2025-04-17 16:46:27.786] [predicting] [info] id:87 following_road.size():2
[2025-04-17 16:46:27.786] [predicting] [info] id:88 following_road.size():2
[2025-04-17 16:46:27.786] [predicting] [info] id:89 following_road.size():2
[2025-04-17 16:46:27.786] [predicting] [info] id:90 following_road.size():2
[2025-04-17 16:46:27.786] [predicting] [info] id:91 following_road.size():2
[2025-04-17 16:46:27.786] [predicting] [info] id:92 following_road.size():1
[2025-04-17 16:46:27.786] [predicting] [info] id:93 following_road.size():1
[2025-04-17 16:46:27.786] [predicting] [info] id:102 following_road.size():1
[2025-04-17 16:46:27.786] [predicting] [info] id:103 following_road.size():1
[2025-04-17 16:46:27.786] [predicting] [info] id:105 following_road.size():1
[2025-04-17 16:46:27.786] [predicting] [info] id:107 following_road.size():1
[2025-04-17 16:46:27.786] [predicting] [info] id:108 following_road.size():1
[2025-04-17 16:46:27.786] [predicting] [info] id:117 following_road.size():2
[2025-04-17 16:46:27.786] [predicting] [info] id:119 following_road.size():1
[2025-04-17 16:46:27.786] [predicting] [info] id:121 following_road.size():2
[2025-04-17 16:46:27.786] [predicting] [info] id:122 following_road.size():1
[2025-04-17 16:46:27.786] [predicting] [info] id:126 following_road.size():1
[2025-04-17 16:46:27.786] [predicting] [info] id:127 following_road.size():7
[2025-04-17 16:46:27.787] [predicting] [info] id:129 following_road.size():1
[2025-04-17 16:46:27.787] [predicting] [info] roadMap.size():51
[2025-04-17 16:46:27.787] [predicting] [info] road_map_.size():51 
[2025-04-17 16:46:27.787] [predicting] [info] 更新road_map_信息,id:68,截断的位置：671 路段总长：679 更新后的路径:8
[2025-04-17 16:46:27.787] [predicting] [info] 更新road_map_信息完毕
[2025-04-17 16:46:27.787] [predicting] [info] 进入 findPathsToLeafRoads 函数
[2025-04-17 16:46:27.787] [predicting] [info] dfs函数内部，当前push_back的路段id:68
[2025-04-17 16:46:27.787] [predicting] [info] dfs函数内部，当前push_back的路段id:59
[2025-04-17 16:46:27.787] [predicting] [info] dfs函数内部，当前探索到的路id为 59,已经满足 100 阈值
[2025-04-17 16:46:27.787] [predicting] [info] dfs函数内部，当前push_back的路段id:92
[2025-04-17 16:46:27.787] [predicting] [info] dfs函数内部，当前探索到的路id为 92,已经满足 100 阈值
[2025-04-17 16:46:27.787] [predicting] [info] temp_road_nodes.size():2
[2025-04-17 16:46:27.787] [predicting] [info] final_result.size():2
[2025-04-17 16:46:27.787] [predicting] [info] nearest_index:671
[2025-04-17 16:46:27.787] [predicting] [info] nearest_index:671
[2025-04-17 16:46:27.787] [predicting] [info] 当前推入的路径大小:200 path.size():1
[2025-04-17 16:46:33.982] [predicting] [info] start_point.x =-402.9369610346531
[2025-04-17 16:46:33.982] [predicting] [info] start_point.y =-942.7338090320375
[2025-04-17 16:46:33.983] [predicting] [info] start_point.yaw =237.06959961995017
[2025-04-17 16:46:33.983] [predicting] [info] Enter PredictingIntface 
[2025-04-17 16:46:33.983] [predicting] [info] referenceline_relation_.size():48
[2025-04-17 16:46:33.983] [predicting] [info] all_referencelines_.size():51
[2025-04-17 16:46:33.983] [predicting] [info] 进入 PreddictPath 函数
[2025-04-17 16:46:33.983] [predicting] [info] 进入 findCurrentRoad 函数
[2025-04-17 16:46:33.984] [predicting] [info] 当前路径id:7 最近距离：858.5405924680196 角度差：138.18959961995017 最近点纵向距离：748.5895856456235
[2025-04-17 16:46:33.984] [predicting] [info] 当前路径id:8 最近距离：864.8632010162332 角度差：43.860400380049846 最近点纵向距离：750.6363720667327
[2025-04-17 16:46:33.984] [predicting] [info] 当前路径id:30 最近距离：886.3654414837109 角度差：105.70959961995017 最近点纵向距离：415.2517663910926
[2025-04-17 16:46:33.984] [predicting] [info] 当前路径id:52 最近距离：137.3290276191199 角度差：65.67040038004981 最近点纵向距离：76.92382344697587
[2025-04-17 16:46:33.984] [predicting] [info] 当前路径id:53 最近距离：123.47094482002653 角度差：80.95040038004983 最近点纵向距离：0.20086724850900595
[2025-04-17 16:46:33.984] [predicting] [info] 当前路径id:54 最近距离：160.7895780109303 角度差：149.71040038004983 最近点纵向距离：160.6925370505106
[2025-04-17 16:46:33.984] [predicting] [info] 当前路径id:56 最近距离：829.3677558277211 角度差：110.19959961995019 最近点纵向距离：419.09398701240383
[2025-04-17 16:46:33.984] [predicting] [info] 当前路径id:57 最近距离：820.1110762493322 角度差：76.5504003800498 最近点纵向距离：330.72794428296163
[2025-04-17 16:46:33.984] [predicting] [info] 当前路径id:59 最近距离：131.21043999298075 角度差：100.2595996199502 最近点纵向距离：1.3978194168559952
[2025-04-17 16:46:33.984] [predicting] [info] 当前路径id:60 最近距离：142.84489734502736 角度差：118.01959961995021 最近点纵向距离：84.66504291772131
[2025-04-17 16:46:33.984] [predicting] [info] 当前路径id:66 最近距离：813.2261151733198 角度差：91.12040038004982 最近点纵向距离：5.216793893309557
[2025-04-17 16:46:33.984] [predicting] [info] 当前路径id:68 最近距离：156.78398536559249 角度差：30.399599619950216 最近点纵向距离：156.241157576771
[2025-04-17 16:46:33.984] [predicting] [info] 当前路径id:69 最近距离：832.1733855302613 角度差：95.02040038004976 最近点纵向距离：130.53760092183956
[2025-04-17 16:46:33.984] [predicting] [info] 当前路径id:70 最近距离：838.1727699264553 角度差：16.949599619950188 最近点纵向距离：835.2934155878631
[2025-04-17 16:46:33.984] [predicting] [info] 当前路径id:71 最近距离：836.9676534570482 角度差：17.899599619950205 最近点纵向距离：833.5011448730836
[2025-04-17 16:46:33.984] [predicting] [info] 当前路径id:72 最近距离：835.9277839001446 角度差：17.91959961995018 最近点纵向距离：833.0382354668067
[2025-04-17 16:46:33.984] [predicting] [info] 当前路径id:73 最近距离：833.3554020970751 角度差：17.499599619950178 最近点纵向距离：832.5975238888855
[2025-04-17 16:46:33.984] [predicting] [info] 当前路径id:74 最近距离：834.0196207456005 角度差：16.31959961995018 最近点纵向距离：833.6350909453663
[2025-04-17 16:46:33.984] [predicting] [info] 当前路径id:75 最近距离：834.667695917814 角度差：16.289599619950177 最近点纵向距离：834.0516790667468
[2025-04-17 16:46:33.984] [predicting] [info] 当前路径id:76 最近距离：833.3554020970751 角度差：19.299599619950197 最近点纵向距离：831.0705708332288
[2025-04-17 16:46:33.984] [predicting] [info] 当前路径id:77 最近距离：834.0196207456005 角度差：19.419599619950187 最近点纵向距离：831.0457610111525
[2025-04-17 16:46:33.984] [predicting] [info] 当前路径id:78 最近距离：834.667695917814 角度差：19.819599619950186 最近点纵向距离：830.4951478018521
[2025-04-17 16:46:33.984] [predicting] [info] 当前路径id:79 最近距离：835.0052903081776 角度差：18.879599619950195 最近点纵向距离：831.4650837595036
[2025-04-17 16:46:33.984] [predicting] [info] 当前路径id:80 最近距离：835.0052903081776 角度差：16.52959961995019 最近点纵向距离：833.9152791882738
[2025-04-17 16:46:33.984] [predicting] [info] 当前路径id:81 最近距离：836.9676534570482 角度差：19.13959961995018 最近点纵向距离：831.6591943416768
[2025-04-17 16:46:33.984] [predicting] [info] 当前路径id:82 最近距离：838.1727699264553 角度差：19.339599619950217 最近点纵向距离：831.6721016515237
[2025-04-17 16:46:33.984] [predicting] [info] 当前路径id:83 最近距离：835.9277839001446 角度差：19.78959961995019 最近点纵向距离：830.3284837445649
[2025-04-17 16:46:33.984] [predicting] [info] 当前路径id:84 最近距离：767.4656216945114 角度差：34.22040038004984 最近点纵向距离：506.00726577634987
[2025-04-17 16:46:33.984] [predicting] [info] 当前路径id:85 最近距离：824.5203859028392 角度差：18.399599619950198 最近点纵向距离：821.2455500149857
[2025-04-17 16:46:33.984] [predicting] [info] 当前路径id:86 最近距离：824.5203859028392 角度差：18.01959961995015 最近点纵向距离：821.7143845421647
[2025-04-17 16:46:33.984] [predicting] [info] 当前路径id:87 最近距离：824.5203859028392 角度差：17.87959961995021 最近点纵向距离：821.8780029000695
[2025-04-17 16:46:33.984] [predicting] [info] 当前路径id:88 最近距离：824.5203859028392 角度差：19.66959961995017 最近点纵向距离：819.4166743608789
[2025-04-17 16:46:33.984] [predicting] [info] 当前路径id:89 最近距离：824.5203859028392 角度差：20.009599619950176 最近点纵向距离：818.8586971655097
[2025-04-17 16:46:33.984] [predicting] [info] 当前路径id:90 最近距离：824.5203859028392 角度差：20.319599619950207 最近点纵向距离：818.3248218619052
[2025-04-17 16:46:33.984] [predicting] [info] 当前路径id:91 最近距离：824.5203859028392 角度差：22.0895996199502 最近点纵向距离：814.8182105566345
[2025-04-17 16:46:33.984] [predicting] [info] 当前路径id:92 最近距离：5.546051951143286 角度差：2.960400380049795 最近点纵向距离：0.20514932015999454
[2025-04-17 16:46:33.984] [predicting] [info] 当前路径id:93 最近距离：1.5765310521199896 角度差：179.04040038004985 最近点纵向距离：0.03363062003128203
[2025-04-17 16:46:33.984] [predicting] [info] 当前路径id:99 最近距离：266.9484014330155 角度差：132.7395996199502 最近点纵向距离：249.13181611850388
[2025-04-17 16:46:33.985] [predicting] [info] 当前路径id:102 最近距离：779.8871762506861 角度差：43.27040038004983 最近点纵向距离：396.96543113315477
[2025-04-17 16:46:33.985] [predicting] [info] 当前路径id:103 最近距离：813.4697845766949 角度差：89.41959961995016 最近点纵向距离：0.8405251322677145
[2025-04-17 16:46:33.985] [predicting] [info] 当前路径id:105 最近距离：819.2107804122463 角度差：128.65959961995017 最近点纵向距离：381.6277748879746
[2025-04-17 16:46:33.985] [predicting] [info] 当前路径id:107 最近距离：624.1825948352017 角度差：5.770400380049824 最近点纵向距离：490.4957198762839
[2025-04-17 16:46:33.985] [predicting] [info] 当前路径id:108 最近距离：662.5554690867198 角度差：145.10959961995022 最近点纵向距离：242.1203893537704
[2025-04-17 16:46:33.985] [predicting] [info] 当前路径id:109 最近距离：611.1959073872449 角度差：58.3704003800498 最近点纵向距离：28.36507409433341
[2025-04-17 16:46:33.985] [predicting] [info] 当前路径id:117 最近距离：785.0399354554731 角度差：135.77959961995018 最近点纵向距离：385.6826351455623
[2025-04-17 16:46:33.985] [predicting] [info] 当前路径id:119 最近距离：767.4656216945114 角度差：34.710400380049805 最近点纵向距离：501.0540216312155
[2025-04-17 16:46:33.985] [predicting] [info] 当前路径id:121 最近距离：813.5108386227695 角度差：52.91040038004984 最近点纵向距离：364.8214123977301
[2025-04-17 16:46:33.985] [predicting] [info] 当前路径id:122 最近距离：779.8871762506861 角度差：43.480400380049815 最近点纵向距离：394.50233066921874
[2025-04-17 16:46:33.985] [predicting] [info] 当前路径id:126 最近距离：277.32319468121625 角度差：48.290400380049824 最近点纵向距离：259.3981160335166
[2025-04-17 16:46:33.985] [predicting] [info] 当前路径id:127 最近距离：819.2107804122463 角度差：128.0595996199502 最近点纵向距离：374.01595095220387
[2025-04-17 16:46:33.985] [predicting] [info] 当前路径id:129 最近距离：638.5152474374277 角度差：175.6595996199502 最近点纵向距离：474.87100527035125
[2025-04-17 16:46:33.985] [predicting] [info] validRoads.size():1
[2025-04-17 16:46:33.985] [predicting] [info] currentRoads.size():1 
[2025-04-17 16:46:33.985] [predicting] [info] roadMap.size():51
[2025-04-17 16:46:33.985] [predicting] [info] id:7 following_road.size():1
[2025-04-17 16:46:33.985] [predicting] [info] id:8 following_road.size():1
[2025-04-17 16:46:33.985] [predicting] [info] id:30 following_road.size():1
[2025-04-17 16:46:33.985] [predicting] [info] id:52 following_road.size():1
[2025-04-17 16:46:33.985] [predicting] [info] id:53 following_road.size():1
[2025-04-17 16:46:33.985] [predicting] [info] id:54 following_road.size():2
[2025-04-17 16:46:33.985] [predicting] [info] id:56 following_road.size():1
[2025-04-17 16:46:33.985] [predicting] [info] id:57 following_road.size():1
[2025-04-17 16:46:33.985] [predicting] [info] id:59 following_road.size():1
[2025-04-17 16:46:33.985] [predicting] [info] id:66 following_road.size():2
[2025-04-17 16:46:33.986] [predicting] [info] id:68 following_road.size():2
[2025-04-17 16:46:33.986] [predicting] [info] id:69 following_road.size():7
[2025-04-17 16:46:33.986] [predicting] [info] id:70 following_road.size():1
[2025-04-17 16:46:33.986] [predicting] [info] id:71 following_road.size():1
[2025-04-17 16:46:33.986] [predicting] [info] id:72 following_road.size():1
[2025-04-17 16:46:33.986] [predicting] [info] id:73 following_road.size():1
[2025-04-17 16:46:33.986] [predicting] [info] id:74 following_road.size():1
[2025-04-17 16:46:33.986] [predicting] [info] id:75 following_road.size():1
[2025-04-17 16:46:33.986] [predicting] [info] id:76 following_road.size():1
[2025-04-17 16:46:33.986] [predicting] [info] id:77 following_road.size():1
[2025-04-17 16:46:33.986] [predicting] [info] id:78 following_road.size():1
[2025-04-17 16:46:33.986] [predicting] [info] id:79 following_road.size():1
[2025-04-17 16:46:33.986] [predicting] [info] id:80 following_road.size():1
[2025-04-17 16:46:33.986] [predicting] [info] id:81 following_road.size():1
[2025-04-17 16:46:33.986] [predicting] [info] id:82 following_road.size():1
[2025-04-17 16:46:33.986] [predicting] [info] id:83 following_road.size():1
[2025-04-17 16:46:33.986] [predicting] [info] id:84 following_road.size():1
[2025-04-17 16:46:33.986] [predicting] [info] id:85 following_road.size():2
[2025-04-17 16:46:33.986] [predicting] [info] id:86 following_road.size():2
[2025-04-17 16:46:33.986] [predicting] [info] id:87 following_road.size():2
[2025-04-17 16:46:33.986] [predicting] [info] id:88 following_road.size():2
[2025-04-17 16:46:33.986] [predicting] [info] id:89 following_road.size():2
[2025-04-17 16:46:33.986] [predicting] [info] id:90 following_road.size():2
[2025-04-17 16:46:33.986] [predicting] [info] id:91 following_road.size():2
[2025-04-17 16:46:33.986] [predicting] [info] id:92 following_road.size():1
[2025-04-17 16:46:33.987] [predicting] [info] id:93 following_road.size():1
[2025-04-17 16:46:33.987] [predicting] [info] id:102 following_road.size():1
[2025-04-17 16:46:33.987] [predicting] [info] id:103 following_road.size():1
[2025-04-17 16:46:33.987] [predicting] [info] id:105 following_road.size():1
[2025-04-17 16:46:33.987] [predicting] [info] id:107 following_road.size():1
[2025-04-17 16:46:33.987] [predicting] [info] id:108 following_road.size():1
[2025-04-17 16:46:33.987] [predicting] [info] id:117 following_road.size():2
[2025-04-17 16:46:33.987] [predicting] [info] id:119 following_road.size():1
[2025-04-17 16:46:33.987] [predicting] [info] id:121 following_road.size():2
[2025-04-17 16:46:33.988] [predicting] [info] id:122 following_road.size():1
[2025-04-17 16:46:33.988] [predicting] [info] id:126 following_road.size():1
[2025-04-17 16:46:33.988] [predicting] [info] id:127 following_road.size():7
[2025-04-17 16:46:33.988] [predicting] [info] id:129 following_road.size():1
[2025-04-17 16:46:33.988] [predicting] [info] roadMap.size():51
[2025-04-17 16:46:33.988] [predicting] [info] road_map_.size():51 
[2025-04-17 16:46:33.988] [predicting] [info] 更新road_map_信息,id:92,截断的位置：161 路段总长：626 更新后的路径:465
[2025-04-17 16:46:33.988] [predicting] [info] 更新road_map_信息完毕
[2025-04-17 16:46:33.989] [predicting] [info] 进入 findPathsToLeafRoads 函数
[2025-04-17 16:46:33.989] [predicting] [info] dfs函数内部，当前push_back的路段id:92
[2025-04-17 16:46:33.989] [predicting] [info] dfs函数内部，当前探索到的路id为 92,已经满足 100 阈值
[2025-04-17 16:46:33.989] [predicting] [info] temp_road_nodes.size():1
[2025-04-17 16:46:33.989] [predicting] [info] final_result.size():1
[2025-04-17 16:46:33.989] [predicting] [info] nearest_index:161
[2025-04-17 16:46:33.989] [predicting] [info] 当前推入的路径大小:100 path.size():1
[2025-04-17 16:46:41.084] [predicting] [info] start_point.x =-553.0741985834812
[2025-04-17 16:46:41.084] [predicting] [info] start_point.y =-943.45951703985
[2025-04-17 16:46:41.084] [predicting] [info] start_point.yaw =95.1469530252438
[2025-04-17 16:46:41.084] [predicting] [info] Enter PredictingIntface 
[2025-04-17 16:46:41.084] [predicting] [info] referenceline_relation_.size():48
[2025-04-17 16:46:41.084] [predicting] [info] all_referencelines_.size():51
[2025-04-17 16:46:41.084] [predicting] [info] 进入 PreddictPath 函数
[2025-04-17 16:46:41.085] [predicting] [info] 进入 findCurrentRoad 函数
[2025-04-17 16:46:41.085] [predicting] [info] 当前路径id:7 最近距离：922.3959100469494 角度差：3.7330469747562014 最近点纵向距离：726.1305833598632
[2025-04-17 16:46:41.085] [predicting] [info] 当前路径id:8 最近距离：925.0030387679324 角度差：185.78304697475625 最近点纵向距离：722.8814584514128
[2025-04-17 16:46:41.085] [predicting] [info] 当前路径id:30 最近距离：950.5175720911285 角度差：36.21304697475622 最近点纵向距离：316.58757380228144
[2025-04-17 16:46:41.085] [predicting] [info] 当前路径id:52 最近距离：240.4511670574703 角度差：207.5930469747562 最近点纵向距离：2.244778053272128
[2025-04-17 16:46:41.085] [predicting] [info] 当前路径id:53 最近距离：240.46870357487802 角度差：209.56304697475616 最近点纵向距离：11.927410104600725
[2025-04-17 16:46:41.085] [predicting] [info] 当前路径id:54 最近距离：301.37714190236363 角度差：68.36695302524379 最近点纵向距离：295.05350674755766
[2025-04-17 16:46:41.086] [predicting] [info] 当前路径id:56 最近距离：898.8429776789317 角度差：31.72304697475619 最近点纵向距离：329.5919955454757
[2025-04-17 16:46:41.086] [predicting] [info] 当前路径id:57 最近距离：889.2959608473362 角度差：218.47304697475616 最近点纵向距离：227.67778768655904
[2025-04-17 16:46:41.086] [predicting] [info] 当前路径id:59 最近距离：246.9631120970438 角度差：27.293046974756184 最近点纵向距离：2.209828656494338
[2025-04-17 16:46:41.086] [predicting] [info] 当前路径id:60 最近距离：246.96311233847297 角度差：23.903046974756194 最近点纵向距离：12.396912582358766
[2025-04-17 16:46:41.086] [predicting] [info] 当前路径id:66 最近距离：886.9841739479975 角度差：232.44304697475616 最近点纵向距离：4.408760849512532
[2025-04-17 16:46:41.086] [predicting] [info] 当前路径id:68 最近距离：295.6492987940485 角度差：111.52304697475616 最近点纵向距离：290.7305081439437
[2025-04-17 16:46:41.086] [predicting] [info] 当前路径id:69 最近距离：930.685021156001 角度差：236.94304697475616 最近点纵向距离：262.8717753152931
[2025-04-17 16:46:41.086] [predicting] [info] 当前路径id:70 最近距离：950.9475382650846 角度差：124.97304697475619 最近点纵向距离：950.5704769941385
[2025-04-17 16:46:41.086] [predicting] [info] 当前路径id:71 最近距离：950.5309126322087 角度差：124.02304697475617 最近点纵向距离：950.3572127911409
[2025-04-17 16:46:41.086] [predicting] [info] 当前路径id:72 最近距离：950.2504108416125 角度差：124.0030469747562 最近点纵向距离：949.9272018569739
[2025-04-17 16:46:41.086] [predicting] [info] 当前路径id:73 最近距离：950.659482240205 角度差：124.4230469747562 最近点纵向距离：948.7926376117773
[2025-04-17 16:46:41.087] [predicting] [info] 当前路径id:74 最近距离：950.5881029513741 角度差：125.60304697475621 最近点纵向距离：947.8475179440486
[2025-04-17 16:46:41.087] [predicting] [info] 当前路径id:75 最近距离：950.4693298880416 角度差：125.63304697475621 最近点纵向距离：948.2130637344787
[2025-04-17 16:46:41.087] [predicting] [info] 当前路径id:76 最近距离：950.659482240205 角度差：122.62304697475619 最近点纵向距离：950.194918265001
[2025-04-17 16:46:41.087] [predicting] [info] 当前路径id:77 最近距离：950.5881029513741 角度差：122.50304697475619 最近点纵向距离：950.36124205146
[2025-04-17 16:46:41.087] [predicting] [info] 当前路径id:78 最近距离：950.4693298880416 角度差：122.10304697475618 最近点纵向距离：950.4439562399391
[2025-04-17 16:46:41.087] [predicting] [info] 当前路径id:79 最近距离：950.0419243580843 角度差：123.0430469747562 最近点纵向距离：949.9163540999723
[2025-04-17 16:46:41.087] [predicting] [info] 当前路径id:80 最近距离：950.0419243580843 角度差：125.3930469747562 最近点纵向距离：948.4841249854824
[2025-04-17 16:46:41.087] [predicting] [info] 当前路径id:81 最近距离：950.5309126322087 角度差：122.7830469747562 最近点纵向距离：950.5278842709353
[2025-04-17 16:46:41.087] [predicting] [info] 当前路径id:82 最近距离：950.9475382650846 角度差：122.58304697475616 最近点纵向距离：950.8602183873319
[2025-04-17 16:46:41.087] [predicting] [info] 当前路径id:83 最近距离：950.2504108416125 角度差：122.13304697475618 最近点纵向距离：950.229995033678
[2025-04-17 16:46:41.087] [predicting] [info] 当前路径id:84 最近距离：884.3643054552334 角度差：176.1430469747562 最近点纵向距离：503.3527734646065
[2025-04-17 16:46:41.087] [predicting] [info] 当前路径id:85 最近距离：939.1291847199016 角度差：123.52304697475617 最近点纵向距离：938.919797772236
[2025-04-17 16:46:41.087] [predicting] [info] 当前路径id:86 最近距离：939.1291847199016 角度差：123.90304697475622 最近点纵向距离：938.7676295742802
[2025-04-17 16:46:41.088] [predicting] [info] 当前路径id:87 最近距离：939.1291847199016 角度差：124.04304697475617 最近点纵向距离：938.7011581074596
[2025-04-17 16:46:41.088] [predicting] [info] 当前路径id:88 最近距离：939.1291847199016 角度差：122.25304697475622 最近点纵向距离：939.1286684671061
[2025-04-17 16:46:41.088] [predicting] [info] 当前路径id:89 最近距离：939.1291847199016 角度差：121.9130469747562 最近点纵向距离：939.1062900246598
[2025-04-17 16:46:41.088] [predicting] [info] 当前路径id:90 最近距离：939.1291847199016 角度差：121.60304697475617 最近点纵向距离：939.0570648287126
[2025-04-17 16:46:41.088] [predicting] [info] 当前路径id:91 最近距离：939.1291847199016 角度差：119.83304697475619 最近点纵向距离：938.249529474582
[2025-04-17 16:46:41.088] [predicting] [info] 当前路径id:92 最近距离：0.2681737152424031 角度差：0.3369530252437997 最近点纵向距离：0.17511059920104682
[2025-04-17 16:46:41.088] [predicting] [info] 当前路径id:93 最近距离：0.4606903293253091 角度差：180.42304697475623 最近点纵向距离：0.2050754073487705
[2025-04-17 16:46:41.088] [predicting] [info] 当前路径id:99 最近距离：218.4177939328175 角度差：9.183046974756193 最近点纵向距离：212.6750243342709
[2025-04-17 16:46:41.088] [predicting] [info] 当前路径id:102 最近距离：899.1178909836693 角度差：185.19304697475621 最近点纵向距离：370.7313630606242
[2025-04-17 16:46:41.088] [predicting] [info] 当前路径id:103 最近距离：891.4152326231971 角度差：50.31304697475621 最近点纵向距离：7.330279545313317
[2025-04-17 16:46:41.088] [predicting] [info] 当前路径id:105 最近距离：929.9687597081193 角度差：13.263046974756193 最近点纵向距离：334.90080385339184
[2025-04-17 16:46:41.088] [predicting] [info] 当前路径id:107 最近距离：763.4709565797862 角度差：147.69304697475621 最近点纵向距离：559.6755865490209
[2025-04-17 16:46:41.089] [predicting] [info] 当前路径id:108 最近距离：802.8057367436611 角度差：3.186953025243826 最近点纵向距离：237.71071174041336
[2025-04-17 16:46:41.090] [predicting] [info] 当前路径id:109 最近距离：752.0422540447823 角度差：196.67304697475615 最近点纵向距离：43.885891454539944
[2025-04-17 16:46:41.090] [predicting] [info] 当前路径id:117 最近距离：904.568583768424 角度差：6.143046974756205 最近点纵向距离：357.00118342643543
[2025-04-17 16:46:41.090] [predicting] [info] 当前路径id:119 最近距离：884.3643054552334 角度差：176.63304697475618 最近点纵向距离：497.1158370700822
[2025-04-17 16:46:41.091] [predicting] [info] 当前路径id:121 最近距离：923.560160634206 角度差：194.83304697475623 最近点纵向距离：314.2027322854078
[2025-04-17 16:46:41.091] [predicting] [info] 当前路径id:122 最近距离：899.1178909836693 角度差：185.4030469747562 最近点纵向距离：367.72661747836355
[2025-04-17 16:46:41.091] [predicting] [info] 当前路径id:126 最近距离：225.26151958739692 角度差：190.2130469747562 最近点纵向距离：220.32910217812653
[2025-04-17 16:46:41.091] [predicting] [info] 当前路径id:127 最近距离：929.9687597081193 角度差：13.863046974756182 最近点纵向距离：325.7974012417686
[2025-04-17 16:46:41.091] [predicting] [info] 当前路径id:129 最近距离：781.8765454396258 角度差：33.73695302524381 最近点纵向距离：547.354690691113
[2025-04-17 16:46:41.091] [predicting] [info] validRoads.size():1
[2025-04-17 16:46:41.092] [predicting] [info] currentRoads.size():1 
[2025-04-17 16:46:41.092] [predicting] [info] roadMap.size():51
[2025-04-17 16:46:41.092] [predicting] [info] id:7 following_road.size():1
[2025-04-17 16:46:41.092] [predicting] [info] id:8 following_road.size():1
[2025-04-17 16:46:41.092] [predicting] [info] id:30 following_road.size():1
[2025-04-17 16:46:41.092] [predicting] [info] id:52 following_road.size():1
[2025-04-17 16:46:41.092] [predicting] [info] id:53 following_road.size():1
[2025-04-17 16:46:41.093] [predicting] [info] id:54 following_road.size():2
[2025-04-17 16:46:41.093] [predicting] [info] id:56 following_road.size():1
[2025-04-17 16:46:41.094] [predicting] [info] id:57 following_road.size():1
[2025-04-17 16:46:41.094] [predicting] [info] id:59 following_road.size():1
[2025-04-17 16:46:41.094] [predicting] [info] id:66 following_road.size():2
[2025-04-17 16:46:41.094] [predicting] [info] id:68 following_road.size():2
[2025-04-17 16:46:41.094] [predicting] [info] id:69 following_road.size():7
[2025-04-17 16:46:41.094] [predicting] [info] id:70 following_road.size():1
[2025-04-17 16:46:41.095] [predicting] [info] id:71 following_road.size():1
[2025-04-17 16:46:41.095] [predicting] [info] id:72 following_road.size():1
[2025-04-17 16:46:41.095] [predicting] [info] id:73 following_road.size():1
[2025-04-17 16:46:41.095] [predicting] [info] id:74 following_road.size():1
[2025-04-17 16:46:41.095] [predicting] [info] id:75 following_road.size():1
[2025-04-17 16:46:41.096] [predicting] [info] id:76 following_road.size():1
[2025-04-17 16:46:41.096] [predicting] [info] id:77 following_road.size():1
[2025-04-17 16:46:41.096] [predicting] [info] id:78 following_road.size():1
[2025-04-17 16:46:41.096] [predicting] [info] id:79 following_road.size():1
[2025-04-17 16:46:41.096] [predicting] [info] id:80 following_road.size():1
[2025-04-17 16:46:41.096] [predicting] [info] id:81 following_road.size():1
[2025-04-17 16:46:41.096] [predicting] [info] id:82 following_road.size():1
[2025-04-17 16:46:41.096] [predicting] [info] id:83 following_road.size():1
[2025-04-17 16:46:41.097] [predicting] [info] id:84 following_road.size():1
[2025-04-17 16:46:41.097] [predicting] [info] id:85 following_road.size():2
[2025-04-17 16:46:41.097] [predicting] [info] id:86 following_road.size():2
[2025-04-17 16:46:41.097] [predicting] [info] id:87 following_road.size():2
[2025-04-17 16:46:41.097] [predicting] [info] id:88 following_road.size():2
[2025-04-17 16:46:41.097] [predicting] [info] id:89 following_road.size():2
[2025-04-17 16:46:41.097] [predicting] [info] id:90 following_road.size():2
[2025-04-17 16:46:41.097] [predicting] [info] id:91 following_road.size():2
[2025-04-17 16:46:41.097] [predicting] [info] id:92 following_road.size():1
[2025-04-17 16:46:41.098] [predicting] [info] id:93 following_road.size():1
[2025-04-17 16:46:41.098] [predicting] [info] id:102 following_road.size():1
[2025-04-17 16:46:41.098] [predicting] [info] id:103 following_road.size():1
[2025-04-17 16:46:41.098] [predicting] [info] id:105 following_road.size():1
[2025-04-17 16:46:41.098] [predicting] [info] id:107 following_road.size():1
[2025-04-17 16:46:41.098] [predicting] [info] id:108 following_road.size():1
[2025-04-17 16:46:41.098] [predicting] [info] id:117 following_road.size():2
[2025-04-17 16:46:41.098] [predicting] [info] id:119 following_road.size():1
[2025-04-17 16:46:41.098] [predicting] [info] id:121 following_road.size():2
[2025-04-17 16:46:41.098] [predicting] [info] id:122 following_road.size():1
[2025-04-17 16:46:41.098] [predicting] [info] id:126 following_road.size():1
[2025-04-17 16:46:41.099] [predicting] [info] id:127 following_road.size():7
[2025-04-17 16:46:41.099] [predicting] [info] id:129 following_road.size():1
[2025-04-17 16:46:41.099] [predicting] [info] roadMap.size():51
[2025-04-17 16:46:41.099] [predicting] [info] road_map_.size():51 
[2025-04-17 16:46:41.100] [predicting] [info] 更新road_map_信息,id:92,截断的位置：407 路段总长：626 更新后的路径:219
[2025-04-17 16:46:41.100] [predicting] [info] 更新road_map_信息完毕
[2025-04-17 16:46:41.100] [predicting] [info] 进入 findPathsToLeafRoads 函数
[2025-04-17 16:46:41.100] [predicting] [info] dfs函数内部，当前push_back的路段id:92
[2025-04-17 16:46:41.100] [predicting] [info] dfs函数内部，当前探索到的路id为 92,已经满足 100 阈值
[2025-04-17 16:46:41.100] [predicting] [info] temp_road_nodes.size():1
[2025-04-17 16:46:41.100] [predicting] [info] final_result.size():1
[2025-04-17 16:46:41.101] [predicting] [info] nearest_index:407
[2025-04-17 16:46:41.101] [predicting] [info] 当前推入的路径大小:100 path.size():1
[2025-04-17 16:46:52.784] [predicting] [info] start_point.x =148.08226503956564
[2025-04-17 16:46:52.784] [predicting] [info] start_point.y =-302.53275922734997
[2025-04-17 16:46:52.785] [predicting] [info] start_point.yaw =338.97772446119103
[2025-04-17 16:46:52.785] [predicting] [info] Enter PredictingIntface 
[2025-04-17 16:46:52.785] [predicting] [info] referenceline_relation_.size():48
[2025-04-17 16:46:52.785] [predicting] [info] all_referencelines_.size():51
[2025-04-17 16:46:52.785] [predicting] [info] 进入 PreddictPath 函数
[2025-04-17 16:46:52.785] [predicting] [info] 进入 findCurrentRoad 函数
[2025-04-17 16:46:52.785] [predicting] [info] 当前路径id:7 最近距离：300.2051449364245 角度差：119.90227553880896 最近点纵向距离：201.12047342328881
[2025-04-17 16:46:52.785] [predicting] [info] 当前路径id:8 最近距离：303.59953277681046 角度差：151.952275538809 最近点纵向距离：298.43110139717277
[2025-04-17 16:46:52.785] [predicting] [info] 当前路径id:30 最近距离：303.59953283404275 角度差：152.38227553880898 最近点纵向距离：298.8413271240038
[2025-04-17 16:46:52.785] [predicting] [info] 当前路径id:52 最近距离：690.5023553048505 角度差：35.56772446119105 最近点纵向距离：2.188345369447063
[2025-04-17 16:46:52.785] [predicting] [info] 当前路径id:53 最近距离：696.3634056910073 角度差：47.32227553880893 最近点纵向距离：616.9957942525051
[2025-04-17 16:46:52.785] [predicting] [info] 当前路径id:54 最近距离：51.78854814400007 角度差：127.88227553880895 最近点纵向距离：51.77252499041602
[2025-04-17 16:46:52.785] [predicting] [info] 当前路径id:56 最近距离：261.46338514391397 角度差：147.89227553880895 最近点纵向距离：237.5461564932087
[2025-04-17 16:46:52.785] [predicting] [info] 当前路径id:57 最近距离：263.2918387210296 角度差：25.357724461191076 最近点纵向距离：247.39939025753662
[2025-04-17 16:46:52.785] [predicting] [info] 当前路径id:59 最近距离：697.0912165268934 角度差：133.80772446119104 最近点纵向距离：615.1344895042308
[2025-04-17 16:46:52.785] [predicting] [info] 当前路径id:60 最近距离：666.7328544260567 角度差：67.26227553880892 最近点纵向距离：637.6658696673336
[2025-04-17 16:46:52.785] [predicting] [info] 当前路径id:66 最近距离：56.74949606832774 角度差：7.057724461191041 最近点纵向距离：56.715788649422265
[2025-04-17 16:46:52.785] [predicting] [info] 当前路径id:68 最近距离：122.19129242624754 角度差：67.18772446119101 最近点纵向距离：121.7242897648177
[2025-04-17 16:46:52.785] [predicting] [info] 当前路径id:69 最近距离：9.72374734074407 角度差：5.957724461191058 最近点纵向距离：0.22608291015224058
[2025-04-17 16:46:52.785] [predicting] [info] 当前路径id:70 最近距离：40.290135889298945 角度差：24.57772446119107 最近点纵向距离：37.23788419331672
[2025-04-17 16:46:52.785] [predicting] [info] 当前路径id:71 最近距离：40.290135889298945 角度差：24.527724461191074 最近点纵向距离：37.25129416538553
[2025-04-17 16:46:52.785] [predicting] [info] 当前路径id:72 最近距离：40.290135889298945 角度差：24.647724461191064 最近点纵向距离：37.21906259282061
[2025-04-17 16:46:52.785] [predicting] [info] 当前路径id:73 最近距离：40.290135889298945 角度差：24.717724461191064 最近点纵向距离：37.20018543821483
[2025-04-17 16:46:52.786] [predicting] [info] 当前路径id:74 最近距离：40.290135889298945 角度差：24.657724461191066 最近点纵向距离：37.2163692570641
[2025-04-17 16:46:52.786] [predicting] [info] 当前路径id:75 最近距离：40.290135889298945 角度差：24.647724461191064 最近点纵向距离：37.21906259282061
[2025-04-17 16:46:52.786] [predicting] [info] 当前路径id:76 最近距离：106.95353553957477 角度差：121.20772446119106 最近点纵向距离：3.3843767367969235
[2025-04-17 16:46:52.786] [predicting] [info] 当前路径id:77 最近距离：100.00192507160598 角度差：121.32772446119105 最近点纵向距离：3.714429752044026
[2025-04-17 16:46:52.786] [predicting] [info] 当前路径id:78 最近距离：92.82125905031795 角度差：121.72772446119109 最近点纵向距离：4.372893826169367
[2025-04-17 16:46:52.786] [predicting] [info] 当前路径id:79 最近距离：85.72538709839269 角度差：120.78772446119103 最近点纵向距离：2.5654710670300602
[2025-04-17 16:46:52.786] [predicting] [info] 当前路径id:80 最近距离：40.290135889298945 角度差：24.647724461191064 最近点纵向距离：37.21906259282061
[2025-04-17 16:46:52.786] [predicting] [info] 当前路径id:81 最近距离：72.22494307517786 角度差：121.04772446119101 最近点纵向距离：3.5054977191401946
[2025-04-17 16:46:52.786] [predicting] [info] 当前路径id:82 最近距离：65.08734388192741 角度差：121.24772446119111 最近点纵向距离：4.103791840009624
[2025-04-17 16:46:52.786] [predicting] [info] 当前路径id:83 最近距离：79.1558547042801 角度差：121.69772446119104 最近点纵向距离：4.114151569762981
[2025-04-17 16:46:52.786] [predicting] [info] 当前路径id:84 最近距离：82.62252706381534 角度差：121.56772446119109 最近点纵向距离：7.178071182219085
[2025-04-17 16:46:52.786] [predicting] [info] 当前路径id:85 最近距离：78.77985390874971 角度差：112.17772446119106 最近点纵向距离：2.3350685437973766
[2025-04-17 16:46:52.786] [predicting] [info] 当前路径id:86 最近距离：68.85596396802212 角度差：102.8577244611911 最近点纵向距离：2.759886893176933
[2025-04-17 16:46:52.786] [predicting] [info] 当前路径id:87 最近距离：76.13044317120794 角度差：108.20772446119105 最近点纵向距离：1.0305247657266747
[2025-04-17 16:46:52.786] [predicting] [info] 当前路径id:88 最近距离：82.38572191211165 角度差：122.76772446119101 最近点纵向距离：0.39827773324924465
[2025-04-17 16:46:52.786] [predicting] [info] 当前路径id:89 最近距离：82.53175729199124 角度差：124.95772446119103 最近点纵向距离：0.27605934666448206
[2025-04-17 16:46:52.786] [predicting] [info] 当前路径id:90 最近距离：82.50496586930483 角度差：123.71772446119112 最近点纵向距离：1.7206123937476079
[2025-04-17 16:46:52.786] [predicting] [info] 当前路径id:91 最近距离：82.57570750309971 角度差：123.9977244611911 最近点纵向距离：2.415597278779366
[2025-04-17 16:46:52.786] [predicting] [info] 当前路径id:92 最近距离：697.0912163180097 角度差：132.4477244611911 最近点纵向距离：622.7446566832837
[2025-04-17 16:46:52.786] [predicting] [info] 当前路径id:93 最近距离：696.363405481305 角度差：47.70227553880891 最近点纵向距离：619.1234933161905
[2025-04-17 16:46:52.786] [predicting] [info] 当前路径id:99 最近距离：805.1628218237214 角度差：123.35227553880894 最近点纵向距离：178.11582314524125
[2025-04-17 16:46:52.786] [predicting] [info] 当前路径id:102 最近距离：82.62252706381534 角度差：121.34772446119106 最近点纵向距离：7.494065696243837
[2025-04-17 16:46:52.787] [predicting] [info] 当前路径id:103 最近距离：22.14802253068854 角度差：165.272275538809 最近点纵向距离：21.39497170613363
[2025-04-17 16:46:52.787] [predicting] [info] 当前路径id:105 最近距离：7.828658422089055 角度差：153.45227553880895 最近点纵向距离：0.49588672366933384
[2025-04-17 16:46:52.787] [predicting] [info] 当前路径id:107 最近距离：134.70008981765793 角度差：58.65772446119109 最近点纵向距离：133.93180932545906
[2025-04-17 16:46:52.787] [predicting] [info] 当前路径id:108 最近距离：135.46524757136586 角度差：122.24227553880897 最近点纵向距离：134.23181632045592
[2025-04-17 16:46:52.787] [predicting] [info] 当前路径id:109 最近距离：380.3540167991066 角度差：95.46772446119104 最近点纵向距离：332.81708305254193
[2025-04-17 16:46:52.787] [predicting] [info] 当前路径id:117 最近距离：51.788548143859025 角度差：129.27227553880894 最近点纵向距离：51.78853831558354
[2025-04-17 16:46:52.787] [predicting] [info] 当前路径id:119 最近距离：49.48575427630751 角度差：50.23772446119105 最近点纵向距离：48.7621479442328
[2025-04-17 16:46:52.787] [predicting] [info] 当前路径id:121 最近距离：15.254004507188984 角度差：33.25772446119104 最近点纵向距离：0.2323929620259486
[2025-04-17 16:46:52.787] [predicting] [info] 当前路径id:122 最近距离：49.48575427630751 角度差：48.947724461191086 最近点纵向距离：48.559968820769456
[2025-04-17 16:46:52.787] [predicting] [info] 当前路径id:126 最近距离：821.140656561553 角度差：41.82772446119107 最近点纵向距离：8.69981422821121
[2025-04-17 16:46:52.787] [predicting] [info] 当前路径id:127 最近距离：18.31468697840116 角度差：62.742275538809 最近点纵向距离：1.6412345038634832
[2025-04-17 16:46:52.787] [predicting] [info] 当前路径id:129 最近距离：381.42273576658084 角度差：112.53227553880896 最近点纵向距离：378.5019265090968
[2025-04-17 16:46:52.787] [predicting] [info] validRoads.size():2
[2025-04-17 16:46:52.787] [predicting] [info] currentRoads.size():2 
[2025-04-17 16:46:52.787] [predicting] [info] roadMap.size():51
[2025-04-17 16:46:52.787] [predicting] [info] id:7 following_road.size():1
[2025-04-17 16:46:52.787] [predicting] [info] id:8 following_road.size():1
[2025-04-17 16:46:52.787] [predicting] [info] id:30 following_road.size():1
[2025-04-17 16:46:52.787] [predicting] [info] id:52 following_road.size():1
[2025-04-17 16:46:52.787] [predicting] [info] id:53 following_road.size():1
[2025-04-17 16:46:52.788] [predicting] [info] id:54 following_road.size():2
[2025-04-17 16:46:52.788] [predicting] [info] id:56 following_road.size():1
[2025-04-17 16:46:52.788] [predicting] [info] id:57 following_road.size():1
[2025-04-17 16:46:52.788] [predicting] [info] id:59 following_road.size():1
[2025-04-17 16:46:52.788] [predicting] [info] id:66 following_road.size():2
[2025-04-17 16:46:52.788] [predicting] [info] id:68 following_road.size():2
[2025-04-17 16:46:52.788] [predicting] [info] id:69 following_road.size():7
[2025-04-17 16:46:52.788] [predicting] [info] id:70 following_road.size():1
[2025-04-17 16:46:52.788] [predicting] [info] id:71 following_road.size():1
[2025-04-17 16:46:52.788] [predicting] [info] id:72 following_road.size():1
[2025-04-17 16:46:52.788] [predicting] [info] id:73 following_road.size():1
[2025-04-17 16:46:52.788] [predicting] [info] id:74 following_road.size():1
[2025-04-17 16:46:52.788] [predicting] [info] id:75 following_road.size():1
[2025-04-17 16:46:52.788] [predicting] [info] id:76 following_road.size():1
[2025-04-17 16:46:52.788] [predicting] [info] id:77 following_road.size():1
[2025-04-17 16:46:52.788] [predicting] [info] id:78 following_road.size():1
[2025-04-17 16:46:52.788] [predicting] [info] id:79 following_road.size():1
[2025-04-17 16:46:52.788] [predicting] [info] id:80 following_road.size():1
[2025-04-17 16:46:52.788] [predicting] [info] id:81 following_road.size():1
[2025-04-17 16:46:52.788] [predicting] [info] id:82 following_road.size():1
[2025-04-17 16:46:52.789] [predicting] [info] id:83 following_road.size():1
[2025-04-17 16:46:52.789] [predicting] [info] id:84 following_road.size():1
[2025-04-17 16:46:52.789] [predicting] [info] id:85 following_road.size():2
[2025-04-17 16:46:52.789] [predicting] [info] id:86 following_road.size():2
[2025-04-17 16:46:52.789] [predicting] [info] id:87 following_road.size():2
[2025-04-17 16:46:52.789] [predicting] [info] id:88 following_road.size():2
[2025-04-17 16:46:52.789] [predicting] [info] id:89 following_road.size():2
[2025-04-17 16:46:52.789] [predicting] [info] id:90 following_road.size():2
[2025-04-17 16:46:52.789] [predicting] [info] id:91 following_road.size():2
[2025-04-17 16:46:52.789] [predicting] [info] id:92 following_road.size():1
[2025-04-17 16:46:52.789] [predicting] [info] id:93 following_road.size():1
[2025-04-17 16:46:52.789] [predicting] [info] id:102 following_road.size():1
[2025-04-17 16:46:52.789] [predicting] [info] id:103 following_road.size():1
[2025-04-17 16:46:52.789] [predicting] [info] id:105 following_road.size():1
[2025-04-17 16:46:52.790] [predicting] [info] id:107 following_road.size():1
[2025-04-17 16:46:52.790] [predicting] [info] id:108 following_road.size():1
[2025-04-17 16:46:52.790] [predicting] [info] id:117 following_road.size():2
[2025-04-17 16:46:52.790] [predicting] [info] id:119 following_road.size():1
[2025-04-17 16:46:52.790] [predicting] [info] id:121 following_road.size():2
[2025-04-17 16:46:52.790] [predicting] [info] id:122 following_road.size():1
[2025-04-17 16:46:52.790] [predicting] [info] id:126 following_road.size():1
[2025-04-17 16:46:52.790] [predicting] [info] id:127 following_road.size():7
[2025-04-17 16:46:52.790] [predicting] [info] id:129 following_road.size():1
[2025-04-17 16:46:52.790] [predicting] [info] roadMap.size():51
[2025-04-17 16:46:52.790] [predicting] [info] road_map_.size():51 
[2025-04-17 16:46:52.790] [predicting] [info] 更新road_map_信息,id:69,截断的位置：58 路段总长：100 更新后的路径:42
[2025-04-17 16:46:52.790] [predicting] [info] 更新road_map_信息,id:121,截断的位置：52 路段总长：98 更新后的路径:46
[2025-04-17 16:46:52.790] [predicting] [info] 更新road_map_信息完毕
[2025-04-17 16:46:52.790] [predicting] [info] 进入 findPathsToLeafRoads 函数
[2025-04-17 16:46:52.790] [predicting] [info] dfs函数内部，当前push_back的路段id:69
[2025-04-17 16:46:52.790] [predicting] [info] dfs函数内部，当前push_back的路段id:80
[2025-04-17 16:46:52.790] [predicting] [info] dfs函数内部，当前探索到的路id为 80,已经满足 100 阈值
[2025-04-17 16:46:52.790] [predicting] [info] dfs函数内部，当前push_back的路段id:70
[2025-04-17 16:46:52.790] [predicting] [info] dfs函数内部，当前push_back的路段id:82
[2025-04-17 16:46:52.790] [predicting] [info] dfs函数内部，当前探索到的路id为 82,已经满足 100 阈值
[2025-04-17 16:46:52.790] [predicting] [info] dfs函数内部，当前push_back的路段id:71
[2025-04-17 16:46:52.790] [predicting] [info] dfs函数内部，当前push_back的路段id:81
[2025-04-17 16:46:52.790] [predicting] [info] dfs函数内部，当前探索到的路id为 81,已经满足 100 阈值
[2025-04-17 16:46:52.791] [predicting] [info] dfs函数内部，当前push_back的路段id:72
[2025-04-17 16:46:52.791] [predicting] [info] dfs函数内部，当前push_back的路段id:83
[2025-04-17 16:46:52.791] [predicting] [info] dfs函数内部，当前探索到的路id为 83,已经满足 100 阈值
[2025-04-17 16:46:52.791] [predicting] [info] dfs函数内部，当前push_back的路段id:73
[2025-04-17 16:46:52.791] [predicting] [info] dfs函数内部，当前探索到的路id为 73,已经满足 100 阈值
[2025-04-17 16:46:52.791] [predicting] [info] dfs函数内部，当前push_back的路段id:74
[2025-04-17 16:46:52.791] [predicting] [info] dfs函数内部，当前探索到的路id为 74,已经满足 100 阈值
[2025-04-17 16:46:52.791] [predicting] [info] dfs函数内部，当前push_back的路段id:75
[2025-04-17 16:46:52.791] [predicting] [info] dfs函数内部，当前探索到的路id为 75,已经满足 100 阈值
[2025-04-17 16:46:52.791] [predicting] [info] temp_road_nodes.size():7
[2025-04-17 16:46:52.791] [predicting] [info] 进入 findPathsToLeafRoads 函数
[2025-04-17 16:46:52.791] [predicting] [info] dfs函数内部，当前push_back的路段id:121
[2025-04-17 16:46:52.791] [predicting] [info] dfs函数内部，当前push_back的路段id:119
[2025-04-17 16:46:52.791] [predicting] [info] dfs函数内部，当前探索到的路id为 119,已经满足 100 阈值
[2025-04-17 16:46:52.791] [predicting] [info] dfs函数内部，当前push_back的路段id:122
[2025-04-17 16:46:52.791] [predicting] [info] dfs函数内部，当前探索到的路id为 122,已经满足 100 阈值
[2025-04-17 16:46:52.791] [predicting] [info] temp_road_nodes.size():2
[2025-04-17 16:46:52.791] [predicting] [info] final_result.size():9
[2025-04-17 16:46:52.791] [predicting] [info] nearest_index:58
[2025-04-17 16:46:52.791] [predicting] [info] nearest_index:58
[2025-04-17 16:46:52.791] [predicting] [info] nearest_index:58
[2025-04-17 16:46:52.791] [predicting] [info] nearest_index:58
[2025-04-17 16:46:52.791] [predicting] [info] nearest_index:58
[2025-04-17 16:46:52.791] [predicting] [info] nearest_index:58
[2025-04-17 16:46:52.791] [predicting] [info] nearest_index:58
[2025-04-17 16:46:52.791] [predicting] [info] nearest_index:52
[2025-04-17 16:46:52.791] [predicting] [info] nearest_index:52
[2025-04-17 16:46:52.791] [predicting] [info] 当前推入的路径大小:905 path.size():1
[2025-04-17 16:47:35.282] [predicting] [info] start_point.x =186.26759829151877
[2025-04-17 16:47:35.282] [predicting] [info] start_point.y =-431.2339921375062
[2025-04-17 16:47:35.282] [predicting] [info] start_point.yaw =101.71582598780103
[2025-04-17 16:47:35.282] [predicting] [info] Enter PredictingIntface 
[2025-04-17 16:47:35.282] [predicting] [info] referenceline_relation_.size():48
[2025-04-17 16:47:35.283] [predicting] [info] all_referencelines_.size():51
[2025-04-17 16:47:35.283] [predicting] [info] 进入 PreddictPath 函数
[2025-04-17 16:47:35.284] [predicting] [info] 进入 findCurrentRoad 函数
[2025-04-17 16:47:35.284] [predicting] [info] 当前路径id:7 最近距离：411.85684000192015 角度差：2.8358259878010315 最近点纵向距离：334.1735674509854
[2025-04-17 16:47:35.284] [predicting] [info] 当前路径id:8 最近距离：420.6829620897112 角度差：29.21417401219901 最近点纵向距离：420.68284501339343
[2025-04-17 16:47:35.284] [predicting] [info] 当前路径id:30 最近距离：420.6829620871319 角度差：29.644174012198985 最近点纵向距离：420.67335327050415
[2025-04-17 16:47:35.284] [predicting] [info] 当前路径id:52 最近距离：656.1831224821738 角度差：198.264174012199 最近点纵向距离：0.09210778355844695
[2025-04-17 16:47:35.284] [predicting] [info] 当前路径id:53 最近距离：624.0135202971964 角度差：75.41582598780106 最近点纵向距离：594.2046188265076
[2025-04-17 16:47:35.284] [predicting] [info] 当前路径id:54 最近距离：17.32779498117123 角度差：11.635825987801018 最近点纵向距离：0.2559919609305464
[2025-04-17 16:47:35.285] [predicting] [info] 当前路径id:56 最近距离：368.7660301773058 角度差：25.154174012198958 最近点纵向距离：363.4182593958041
[2025-04-17 16:47:35.285] [predicting] [info] 当前路径id:57 最近距离：368.0532086768619 角度差：211.90417401219895 最近点纵向距离：366.91321780488386
[2025-04-17 16:47:35.285] [predicting] [info] 当前路径id:59 最近距离：626.1665054179117 角度差：103.45417401219896 最近点纵向距离：594.9567822932477
[2025-04-17 16:47:35.285] [predicting] [info] 当前路径id:60 最近距离：645.231001260929 角度差：16.194174012198957 最近点纵向距离：0.28601078948145187
[2025-04-17 16:47:35.285] [predicting] [info] 当前路径id:66 最近距离：177.657188394001 角度差：230.20417401219896 最近点纵向距离：150.98654956145225
[2025-04-17 16:47:35.285] [predicting] [info] 当前路径id:68 最近距离：23.484756851548205 角度差：169.83417401219896 最近点纵向距离：0.00852067481166685
[2025-04-17 16:47:35.285] [predicting] [info] 当前路径id:69 最近距离：112.86442958921761 角度差：213.15417401219898 最近点纵向距离：80.78872318421567
[2025-04-17 16:47:35.285] [predicting] [info] 当前路径id:70 最近距离：79.98195493767182 角度差：118.40417401219896 最近点纵向距离：55.12507065231969
[2025-04-17 16:47:35.286] [predicting] [info] 当前路径id:71 最近距离：74.4913448859436 角度差：117.45417401219898 最近点纵向距离：53.63011405257284
[2025-04-17 16:47:35.286] [predicting] [info] 当前路径id:72 最近距离：69.5156973078578 角度差：117.43417401219897 最近点纵向距离：53.175768583480966
[2025-04-17 16:47:35.286] [predicting] [info] 当前路径id:73 最近距离：55.12760946700489 角度差：117.854174012199 最近点纵向距离：52.575170860912316
[2025-04-17 16:47:35.286] [predicting] [info] 当前路径id:74 最近距离：57.911309022780095 角度差：119.03417401219897 最近点纵向距离：53.38785429962207
[2025-04-17 16:47:35.286] [predicting] [info] 当前路径id:75 最近距离：61.400650668517436 角度差：119.06417401219896 最近点纵向距离：53.803038621203015
[2025-04-17 16:47:35.286] [predicting] [info] 当前路径id:76 最近距离：55.12760946700489 角度差：116.05417401219896 最近点纵向距离：52.028429907540364
[2025-04-17 16:47:35.286] [predicting] [info] 当前路径id:77 最近距离：57.911309022780095 角度差：115.93417401219897 最近点纵向距离：52.0963184401691
[2025-04-17 16:47:35.286] [predicting] [info] 当前路径id:78 最近距离：61.400650668517436 角度差：115.53417401219899 最近点纵向距离：51.879374624388646
[2025-04-17 16:47:35.287] [predicting] [info] 当前路径id:79 最近距离：65.14625687691805 角度差：116.47417401219899 最近点纵向距离：52.12541204779225
[2025-04-17 16:47:35.287] [predicting] [info] 当前路径id:80 最近距离：65.14625687691805 角度差：118.824174012199 最近点纵向距离：53.68385856992842
[2025-04-17 16:47:35.287] [predicting] [info] 当前路径id:81 最近距离：74.4913448859436 角度差：116.214174012199 最近点纵向距离：52.49877141556702
[2025-04-17 16:47:35.287] [predicting] [info] 当前路径id:82 最近距离：79.98195493767182 角度差：116.01417401219895 最近点纵向距离：52.660480501623084
[2025-04-17 16:47:35.288] [predicting] [info] 当前路径id:83 最近距离：69.5156973078578 角度差：115.56417401219898 最近点纵向距离：51.686368806129956
[2025-04-17 16:47:35.288] [predicting] [info] 当前路径id:84 最近距离：24.834200353316163 角度差：169.57417401219897 最近点纵向距离：7.901757626306658
[2025-04-17 16:47:35.288] [predicting] [info] 当前路径id:85 最近距离：59.27733607532945 角度差：116.95417401219895 最近点纵向距离：41.617122213790296
[2025-04-17 16:47:35.288] [predicting] [info] 当前路径id:86 最近距离：59.27733607532945 角度差：117.33417401219903 最近点纵向距离：41.89616268162913
[2025-04-17 16:47:35.288] [predicting] [info] 当前路径id:87 最近距离：59.27733607532945 角度差：117.47417401219896 最近点纵向距离：41.9985031672933
[2025-04-17 16:47:35.288] [predicting] [info] 当前路径id:88 最近距离：59.27733607532945 角度差：115.68417401219897 最近点纵向距离：40.67132714141648
[2025-04-17 16:47:35.288] [predicting] [info] 当前路径id:89 最近距离：59.27733607532945 角度差：115.34417401219899 最近点纵向距离：40.414711898069115
[2025-04-17 16:47:35.289] [predicting] [info] 当前路径id:90 最近距离：59.27733607532945 角度差：115.03417401219896 最近点纵向距离：40.1794986114681
[2025-04-17 16:47:35.289] [predicting] [info] 当前路径id:91 最近距离：59.27733607532945 角度差：113.26417401219896 最近点纵向距离：38.814185478279974
[2025-04-17 16:47:35.289] [predicting] [info] 当前路径id:92 最近距离：626.1665052832269 角度差：104.81417401219896 最近点纵向距离：599.4225891892994
[2025-04-17 16:47:35.289] [predicting] [info] 当前路径id:93 最近距离：624.0135201608491 角度差：75.03582598780102 最近点纵向距离：595.4553938032045
[2025-04-17 16:47:35.289] [predicting] [info] 当前路径id:99 最近距离：796.2653215825814 角度差：0.6141740121989574 最近点纵向距离：44.22905596882174
[2025-04-17 16:47:35.289] [predicting] [info] 当前路径id:102 最近距离：0.35992327807618757 角度差：178.62417401219898 最近点纵向距离：0.32927461728581964
[2025-04-17 16:47:35.289] [predicting] [info] 当前路径id:103 最近距离：148.71295926957347 角度差：42.534174012198996 最近点纵向距离：127.57884696096657
[2025-04-17 16:47:35.289] [predicting] [info] 当前路径id:105 最近距离：82.4977253842106 角度差：6.694174012198986 最近点纵向距离：82.38548229386376
[2025-04-17 16:47:35.290] [predicting] [info] 当前路径id:107 最近距离：0.4937395710721674 角度差：178.60417401219894 最近点纵向距离：0.47189619167338254
[2025-04-17 16:47:35.290] [predicting] [info] 当前路径id:108 最近距离：5.852427475899938 角度差：0.4958259878010245 最近点纵向距离：0.5604337854265248
[2025-04-17 16:47:35.290] [predicting] [info] 当前路径id:109 最近距离：252.24886120125845 角度差：141.79417401219897 最近点纵向距离：234.66015388358167
[2025-04-17 16:47:35.290] [predicting] [info] 当前路径id:117 最近距离：5.840828720318946 角度差：0.15582598780104562 最近点纵向距离：0.4049954128950042
[2025-04-17 16:47:35.290] [predicting] [info] 当前路径id:119 最近距离：24.834200353316163 角度差：170.06417401219895 最近点纵向距离：8.10281349895109
[2025-04-17 16:47:35.290] [predicting] [info] 当前路径id:121 最近距离：85.44571984848928 角度差：188.264174012199 最近点纵向距离：85.43431935721783
[2025-04-17 16:47:35.290] [predicting] [info] 当前路径id:122 最近距离：0.4937395710721674 角度差：178.83417401219896 最近点纵向距离：0.47130938677325745
[2025-04-17 16:47:35.291] [predicting] [info] 当前路径id:126 最近距离：804.7437216127087 角度差：187.80417401219898 最近点纵向距离：1.5450524586349275
[2025-04-17 16:47:35.291] [predicting] [info] 当前路径id:127 最近距离：82.4977253842106 角度差：7.294174012198974 最近点纵向距离：82.33591567767
[2025-04-17 16:47:35.293] [predicting] [info] 当前路径id:129 最近距离：249.1445347047681 角度差：10.205825987801031 最近点纵向距离：248.8391484655016
[2025-04-17 16:47:35.293] [predicting] [info] validRoads.size():3
[2025-04-17 16:47:35.293] [predicting] [info] currentRoads.size():3 
[2025-04-17 16:47:35.293] [predicting] [info] roadMap.size():51
[2025-04-17 16:47:35.293] [predicting] [info] id:7 following_road.size():1
[2025-04-17 16:47:35.293] [predicting] [info] id:8 following_road.size():1
[2025-04-17 16:47:35.293] [predicting] [info] id:30 following_road.size():1
[2025-04-17 16:47:35.293] [predicting] [info] id:52 following_road.size():1
[2025-04-17 16:47:35.293] [predicting] [info] id:53 following_road.size():1
[2025-04-17 16:47:35.293] [predicting] [info] id:54 following_road.size():2
[2025-04-17 16:47:35.293] [predicting] [info] id:56 following_road.size():1
[2025-04-17 16:47:35.293] [predicting] [info] id:57 following_road.size():1
[2025-04-17 16:47:35.293] [predicting] [info] id:59 following_road.size():1
[2025-04-17 16:47:35.294] [predicting] [info] id:66 following_road.size():2
[2025-04-17 16:47:35.294] [predicting] [info] id:68 following_road.size():2
[2025-04-17 16:47:35.294] [predicting] [info] id:69 following_road.size():7
[2025-04-17 16:47:35.294] [predicting] [info] id:70 following_road.size():1
[2025-04-17 16:47:35.294] [predicting] [info] id:71 following_road.size():1
[2025-04-17 16:47:35.294] [predicting] [info] id:72 following_road.size():1
[2025-04-17 16:47:35.294] [predicting] [info] id:73 following_road.size():1
[2025-04-17 16:47:35.294] [predicting] [info] id:74 following_road.size():1
[2025-04-17 16:47:35.294] [predicting] [info] id:75 following_road.size():1
[2025-04-17 16:47:35.294] [predicting] [info] id:76 following_road.size():1
[2025-04-17 16:47:35.294] [predicting] [info] id:77 following_road.size():1
[2025-04-17 16:47:35.294] [predicting] [info] id:78 following_road.size():1
[2025-04-17 16:47:35.294] [predicting] [info] id:79 following_road.size():1
[2025-04-17 16:47:35.294] [predicting] [info] id:80 following_road.size():1
[2025-04-17 16:47:35.294] [predicting] [info] id:81 following_road.size():1
[2025-04-17 16:47:35.294] [predicting] [info] id:82 following_road.size():1
[2025-04-17 16:47:35.294] [predicting] [info] id:83 following_road.size():1
[2025-04-17 16:47:35.294] [predicting] [info] id:84 following_road.size():1
[2025-04-17 16:47:35.294] [predicting] [info] id:85 following_road.size():2
[2025-04-17 16:47:35.294] [predicting] [info] id:86 following_road.size():2
[2025-04-17 16:47:35.294] [predicting] [info] id:87 following_road.size():2
[2025-04-17 16:47:35.294] [predicting] [info] id:88 following_road.size():2
[2025-04-17 16:47:35.294] [predicting] [info] id:89 following_road.size():2
[2025-04-17 16:47:35.295] [predicting] [info] id:90 following_road.size():2
[2025-04-17 16:47:35.295] [predicting] [info] id:91 following_road.size():2
[2025-04-17 16:47:35.295] [predicting] [info] id:92 following_road.size():1
[2025-04-17 16:47:35.295] [predicting] [info] id:93 following_road.size():1
[2025-04-17 16:47:35.295] [predicting] [info] id:102 following_road.size():1
[2025-04-17 16:47:35.295] [predicting] [info] id:103 following_road.size():1
[2025-04-17 16:47:35.295] [predicting] [info] id:105 following_road.size():1
[2025-04-17 16:47:35.295] [predicting] [info] id:107 following_road.size():1
[2025-04-17 16:47:35.295] [predicting] [info] id:108 following_road.size():1
[2025-04-17 16:47:35.295] [predicting] [info] id:117 following_road.size():2
[2025-04-17 16:47:35.295] [predicting] [info] id:119 following_road.size():1
[2025-04-17 16:47:35.295] [predicting] [info] id:121 following_road.size():2
[2025-04-17 16:47:35.295] [predicting] [info] id:122 following_road.size():1
[2025-04-17 16:47:35.295] [predicting] [info] id:126 following_road.size():1
[2025-04-17 16:47:35.295] [predicting] [info] id:127 following_road.size():7
[2025-04-17 16:47:35.295] [predicting] [info] id:129 following_road.size():1
[2025-04-17 16:47:35.295] [predicting] [info] roadMap.size():51
[2025-04-17 16:47:35.295] [predicting] [info] road_map_.size():51 
[2025-04-17 16:47:35.296] [predicting] [info] 更新road_map_信息,id:54,截断的位置：673 路段总长：754 更新后的路径:81
[2025-04-17 16:47:35.296] [predicting] [info] 更新road_map_信息,id:108,截断的位置：250 路段总长：251 更新后的路径:1
[2025-04-17 16:47:35.296] [predicting] [info] 更新road_map_信息,id:117,截断的位置：1 路段总长：85 更新后的路径:84
[2025-04-17 16:47:35.296] [predicting] [info] 更新road_map_信息完毕
[2025-04-17 16:47:35.296] [predicting] [info] 进入 findPathsToLeafRoads 函数
[2025-04-17 16:47:35.296] [predicting] [info] dfs函数内部，当前push_back的路段id:54
[2025-04-17 16:47:35.296] [predicting] [info] dfs函数内部，当前push_back的路段id:105
[2025-04-17 16:47:35.296] [predicting] [info] dfs函数内部，当前探索到的路id为 105,已经满足 100 阈值
[2025-04-17 16:47:35.296] [predicting] [info] dfs函数内部，当前push_back的路段id:127
[2025-04-17 16:47:35.296] [predicting] [info] dfs函数内部，当前探索到的路id为 127,已经满足 100 阈值
[2025-04-17 16:47:35.296] [predicting] [info] temp_road_nodes.size():2
[2025-04-17 16:47:35.296] [predicting] [info] 进入 findPathsToLeafRoads 函数
[2025-04-17 16:47:35.296] [predicting] [info] dfs函数内部，当前push_back的路段id:108
[2025-04-17 16:47:35.296] [predicting] [info] dfs函数内部，当前push_back的路段id:117
[2025-04-17 16:47:35.296] [predicting] [info] dfs函数内部，当前push_back的路段id:105
[2025-04-17 16:47:35.296] [predicting] [info] dfs函数内部，当前探索到的路id为 105,已经满足 100 阈值
[2025-04-17 16:47:35.296] [predicting] [info] dfs函数内部，当前push_back的路段id:127
[2025-04-17 16:47:35.296] [predicting] [info] dfs函数内部，当前探索到的路id为 127,已经满足 100 阈值
[2025-04-17 16:47:35.296] [predicting] [info] temp_road_nodes.size():2
[2025-04-17 16:47:35.296] [predicting] [info] 进入 findPathsToLeafRoads 函数
[2025-04-17 16:47:35.296] [predicting] [info] dfs函数内部，当前push_back的路段id:117
[2025-04-17 16:47:35.296] [predicting] [info] dfs函数内部，当前push_back的路段id:105
[2025-04-17 16:47:35.297] [predicting] [info] dfs函数内部，当前探索到的路id为 105,已经满足 100 阈值
[2025-04-17 16:47:35.297] [predicting] [info] dfs函数内部，当前push_back的路段id:127
[2025-04-17 16:47:35.297] [predicting] [info] dfs函数内部，当前探索到的路id为 127,已经满足 100 阈值
[2025-04-17 16:47:35.297] [predicting] [info] temp_road_nodes.size():2
[2025-04-17 16:47:35.297] [predicting] [info] final_result.size():6
[2025-04-17 16:47:35.297] [predicting] [info] nearest_index:673
[2025-04-17 16:47:35.297] [predicting] [info] nearest_index:673
[2025-04-17 16:47:35.297] [predicting] [info] nearest_index:252
[2025-04-17 16:47:35.297] [predicting] [info] nearest_index:252
[2025-04-17 16:47:35.297] [predicting] [info] nearest_index:1
[2025-04-17 16:47:35.297] [predicting] [info] nearest_index:1
[2025-04-17 16:47:35.297] [predicting] [info] 当前推入的路径大小:604 path.size():1
